[0.000000] (-) TimerEvent: {}
[0.001278] (brickpi3_motors) JobQueued: {'identifier': 'brickpi3_motors', 'dependencies': OrderedDict()}
[0.002568] (brickpi3_sensors) JobQueued: {'identifier': 'brickpi3_sensors', 'dependencies': OrderedDict()}
[0.003232] (ev3_sensor_msgs) JobQueued: {'identifier': 'ev3_sensor_msgs', 'dependencies': OrderedDict()}
[0.003870] (rt_ros2) JobQueued: {'identifier': 'rt_ros2', 'dependencies': OrderedDict()}
[0.004097] (brickpi3_charlie) JobQueued: {'identifier': 'brickpi3_charlie', 'dependencies': OrderedDict([('brickpi3_motors', '/code/brickpi/install/brickpi3_motors')])}
[0.004295] (brickpi3_motors) JobStarted: {'identifier': 'brickpi3_motors'}
[0.042016] (brickpi3_sensors) JobStarted: {'identifier': 'brickpi3_sensors'}
[0.074854] (ev3_sensor_msgs) JobStarted: {'identifier': 'ev3_sensor_msgs'}
[0.093017] (rt_ros2) JobStarted: {'identifier': 'rt_ros2'}
[0.098885] (-) TimerEvent: {}
[0.118824] (brickpi3_motors) JobProgress: {'identifier': 'brickpi3_motors', 'progress': 'cmake'}
[0.124848] (brickpi3_motors) JobProgress: {'identifier': 'brickpi3_motors', 'progress': 'build'}
[0.128319] (brickpi3_motors) Command: {'cmd': ['/usr/bin/cmake', '--build', '/code/brickpi/build/brickpi3_motors', '--', '-j4', '-l4'], 'cwd': '/code/brickpi/build/brickpi3_motors', 'env': OrderedDict([('LESSOPEN', '| /usr/bin/lesspipe %s'), ('USER', 'ubuntu'), ('SSH_CLIENT', '192.168.10.163 49253 22'), ('XDG_SESSION_TYPE', 'tty'), ('GIT_ASKPASS', '/home/ubuntu/.vscode-server/cli/servers/Stable-034f571df509819cc10b0c8129f66ef77a542f0e/server/extensions/git/dist/askpass.sh'), ('SHLVL', '2'), ('LD_LIBRARY_PATH', '/opt/ros/humble/lib/aarch64-linux-gnu:/opt/ros/humble/lib'), ('BROWSER', '/home/ubuntu/.vscode-server/cli/servers/Stable-034f571df509819cc10b0c8129f66ef77a542f0e/server/bin/helpers/browser.sh'), ('MOTD_SHOWN', 'pam'), ('HOME', '/home/ubuntu'), ('OLDPWD', '/code'), ('TERM_PROGRAM_VERSION', '1.118.1'), ('VSCODE_IPC_HOOK_CLI', '/run/user/1000/vscode-ipc-b03cee94-e7c6-4be7-b6df-ca2867894430.sock'), ('ROS_PYTHON_VERSION', '3'), ('VSCODE_GIT_ASKPASS_MAIN', '/home/ubuntu/.vscode-server/cli/servers/Stable-034f571df509819cc10b0c8129f66ef77a542f0e/server/extensions/git/dist/askpass-main.js'), ('VSCODE_GIT_ASKPASS_NODE', '/home/ubuntu/.vscode-server/cli/servers/Stable-034f571df509819cc10b0c8129f66ef77a542f0e/server/node'), ('VSCODE_PYTHON_AUTOACTIVATE_GUARD', '1'), ('DBUS_SESSION_BUS_ADDRESS', 'unix:path=/run/user/1000/bus'), ('COLORTERM', 'truecolor'), ('ROS_DISTRO', 'humble'), ('LOGNAME', 'ubuntu'), ('_', '/usr/bin/colcon'), ('ROS_VERSION', '2'), ('XDG_SESSION_CLASS', 'user'), ('TERM', 'xterm-256color'), ('XDG_SESSION_ID', '1'), ('ROS_LOCALHOST_ONLY', '0'), ('BRICKPI3_ROOT_DIR', '/home/ubuntu/BrickPi3'), ('PATH', '/home/ubuntu/.vscode-server/data/User/globalStorage/github.copilot-chat/debugCommand:/home/ubuntu/.vscode-server/data/User/globalStorage/github.copilot-chat/copilotCli:/home/ubuntu/.vscode-server/cli/servers/Stable-034f571df509819cc10b0c8129f66ef77a542f0e/server/bin/remote-cli:/opt/ros/humble/bin:/usr/local/sbin:/usr/local/bin:/usr/sbin:/usr/bin:/sbin:/bin:/usr/games:/usr/local/games:/snap/bin'), ('XDG_RUNTIME_DIR', '/run/user/1000'), ('LANG', 'C.UTF-8'), ('LS_COLORS', 'rs=0:di=01;34:ln=01;36:mh=00:pi=40;33:so=01;35:do=01;35:bd=40;33;01:cd=40;33;01:or=40;31;01:mi=00:su=37;41:sg=30;43:ca=30;41:tw=30;42:ow=34;42:st=37;44:ex=01;32:*.tar=01;31:*.tgz=01;31:*.arc=01;31:*.arj=01;31:*.taz=01;31:*.lha=01;31:*.lz4=01;31:*.lzh=01;31:*.lzma=01;31:*.tlz=01;31:*.txz=01;31:*.tzo=01;31:*.t7z=01;31:*.zip=01;31:*.z=01;31:*.dz=01;31:*.gz=01;31:*.lrz=01;31:*.lz=01;31:*.lzo=01;31:*.xz=01;31:*.zst=01;31:*.tzst=01;31:*.bz2=01;31:*.bz=01;31:*.tbz=01;31:*.tbz2=01;31:*.tz=01;31:*.deb=01;31:*.rpm=01;31:*.jar=01;31:*.war=01;31:*.ear=01;31:*.sar=01;31:*.rar=01;31:*.alz=01;31:*.ace=01;31:*.zoo=01;31:*.cpio=01;31:*.7z=01;31:*.rz=01;31:*.cab=01;31:*.wim=01;31:*.swm=01;31:*.dwm=01;31:*.esd=01;31:*.jpg=01;35:*.jpeg=01;35:*.mjpg=01;35:*.mjpeg=01;35:*.gif=01;35:*.bmp=01;35:*.pbm=01;35:*.pgm=01;35:*.ppm=01;35:*.tga=01;35:*.xbm=01;35:*.xpm=01;35:*.tif=01;35:*.tiff=01;35:*.png=01;35:*.svg=01;35:*.svgz=01;35:*.mng=01;35:*.pcx=01;35:*.mov=01;35:*.mpg=01;35:*.mpeg=01;35:*.m2v=01;35:*.mkv=01;35:*.webm=01;35:*.webp=01;35:*.ogm=01;35:*.mp4=01;35:*.m4v=01;35:*.mp4v=01;35:*.vob=01;35:*.qt=01;35:*.nuv=01;35:*.wmv=01;35:*.asf=01;35:*.rm=01;35:*.rmvb=01;35:*.flc=01;35:*.avi=01;35:*.fli=01;35:*.flv=01;35:*.gl=01;35:*.dl=01;35:*.xcf=01;35:*.xwd=01;35:*.yuv=01;35:*.cgm=01;35:*.emf=01;35:*.ogv=01;35:*.ogx=01;35:*.aac=00;36:*.au=00;36:*.flac=00;36:*.m4a=00;36:*.mid=00;36:*.midi=00;36:*.mka=00;36:*.mp3=00;36:*.mpc=00;36:*.ogg=00;36:*.ra=00;36:*.wav=00;36:*.oga=00;36:*.opus=00;36:*.spx=00;36:*.xspf=00;36:'), ('VSCODE_GIT_IPC_HANDLE', '/run/user/1000/vscode-git-c8a4b1bc73.sock'), ('TERM_PROGRAM', 'vscode'), ('ROS_DOMAIN_ID', '21'), ('AMENT_PREFIX_PATH', '/opt/ros/humble'), ('SHELL', '/bin/bash'), ('LESSCLOSE', '/usr/bin/lesspipe %s %s'), ('VSCODE_GIT_ASKPASS_EXTRA_ARGS', ''), ('PWD', '/code/brickpi/build/brickpi3_motors'), ('SSH_CONNECTION', '192.168.10.163 49253 192.168.10.2 22'), ('PYTHONPATH', '/opt/ros/humble/lib/python3.10/site-packages:/opt/ros/humble/local/lib/python3.10/dist-packages'), ('COLCON', '1'), ('CMAKE_PREFIX_PATH', '/opt/ros/humble')]), 'shell': False}
[0.199108] (-) TimerEvent: {}
[0.300106] (-) TimerEvent: {}
[0.403528] (-) TimerEvent: {}
[0.504530] (-) TimerEvent: {}
[0.605729] (-) TimerEvent: {}
[0.707581] (-) TimerEvent: {}
[0.808635] (-) TimerEvent: {}
[0.909769] (-) TimerEvent: {}
[1.010838] (-) TimerEvent: {}
[1.111916] (-) TimerEvent: {}
[1.213128] (-) TimerEvent: {}
[1.314078] (-) TimerEvent: {}
[1.415087] (-) TimerEvent: {}
[1.516344] (-) TimerEvent: {}
[1.617947] (-) TimerEvent: {}
[1.643169] (ev3_sensor_msgs) JobProgress: {'identifier': 'ev3_sensor_msgs', 'progress': 'cmake'}
[1.651832] (ev3_sensor_msgs) JobProgress: {'identifier': 'ev3_sensor_msgs', 'progress': 'build'}
[1.653626] (ev3_sensor_msgs) Command: {'cmd': ['/usr/bin/cmake', '--build', '/code/brickpi/build/ev3_sensor_msgs', '--', '-j4', '-l4'], 'cwd': '/code/brickpi/build/ev3_sensor_msgs', 'env': OrderedDict([('LESSOPEN', '| /usr/bin/lesspipe %s'), ('USER', 'ubuntu'), ('SSH_CLIENT', '192.168.10.163 49253 22'), ('XDG_SESSION_TYPE', 'tty'), ('GIT_ASKPASS', '/home/ubuntu/.vscode-server/cli/servers/Stable-034f571df509819cc10b0c8129f66ef77a542f0e/server/extensions/git/dist/askpass.sh'), ('SHLVL', '2'), ('LD_LIBRARY_PATH', '/opt/ros/humble/lib/aarch64-linux-gnu:/opt/ros/humble/lib'), ('BROWSER', '/home/ubuntu/.vscode-server/cli/servers/Stable-034f571df509819cc10b0c8129f66ef77a542f0e/server/bin/helpers/browser.sh'), ('MOTD_SHOWN', 'pam'), ('HOME', '/home/ubuntu'), ('OLDPWD', '/code'), ('TERM_PROGRAM_VERSION', '1.118.1'), ('VSCODE_IPC_HOOK_CLI', '/run/user/1000/vscode-ipc-b03cee94-e7c6-4be7-b6df-ca2867894430.sock'), ('ROS_PYTHON_VERSION', '3'), ('VSCODE_GIT_ASKPASS_MAIN', '/home/ubuntu/.vscode-server/cli/servers/Stable-034f571df509819cc10b0c8129f66ef77a542f0e/server/extensions/git/dist/askpass-main.js'), ('VSCODE_GIT_ASKPASS_NODE', '/home/ubuntu/.vscode-server/cli/servers/Stable-034f571df509819cc10b0c8129f66ef77a542f0e/server/node'), ('VSCODE_PYTHON_AUTOACTIVATE_GUARD', '1'), ('DBUS_SESSION_BUS_ADDRESS', 'unix:path=/run/user/1000/bus'), ('COLORTERM', 'truecolor'), ('ROS_DISTRO', 'humble'), ('LOGNAME', 'ubuntu'), ('_', '/usr/bin/colcon'), ('ROS_VERSION', '2'), ('XDG_SESSION_CLASS', 'user'), ('TERM', 'xterm-256color'), ('XDG_SESSION_ID', '1'), ('ROS_LOCALHOST_ONLY', '0'), ('BRICKPI3_ROOT_DIR', '/home/ubuntu/BrickPi3'), ('PATH', '/home/ubuntu/.vscode-server/data/User/globalStorage/github.copilot-chat/debugCommand:/home/ubuntu/.vscode-server/data/User/globalStorage/github.copilot-chat/copilotCli:/home/ubuntu/.vscode-server/cli/servers/Stable-034f571df509819cc10b0c8129f66ef77a542f0e/server/bin/remote-cli:/opt/ros/humble/bin:/usr/local/sbin:/usr/local/bin:/usr/sbin:/usr/bin:/sbin:/bin:/usr/games:/usr/local/games:/snap/bin'), ('XDG_RUNTIME_DIR', '/run/user/1000'), ('LANG', 'C.UTF-8'), ('LS_COLORS', 'rs=0:di=01;34:ln=01;36:mh=00:pi=40;33:so=01;35:do=01;35:bd=40;33;01:cd=40;33;01:or=40;31;01:mi=00:su=37;41:sg=30;43:ca=30;41:tw=30;42:ow=34;42:st=37;44:ex=01;32:*.tar=01;31:*.tgz=01;31:*.arc=01;31:*.arj=01;31:*.taz=01;31:*.lha=01;31:*.lz4=01;31:*.lzh=01;31:*.lzma=01;31:*.tlz=01;31:*.txz=01;31:*.tzo=01;31:*.t7z=01;31:*.zip=01;31:*.z=01;31:*.dz=01;31:*.gz=01;31:*.lrz=01;31:*.lz=01;31:*.lzo=01;31:*.xz=01;31:*.zst=01;31:*.tzst=01;31:*.bz2=01;31:*.bz=01;31:*.tbz=01;31:*.tbz2=01;31:*.tz=01;31:*.deb=01;31:*.rpm=01;31:*.jar=01;31:*.war=01;31:*.ear=01;31:*.sar=01;31:*.rar=01;31:*.alz=01;31:*.ace=01;31:*.zoo=01;31:*.cpio=01;31:*.7z=01;31:*.rz=01;31:*.cab=01;31:*.wim=01;31:*.swm=01;31:*.dwm=01;31:*.esd=01;31:*.jpg=01;35:*.jpeg=01;35:*.mjpg=01;35:*.mjpeg=01;35:*.gif=01;35:*.bmp=01;35:*.pbm=01;35:*.pgm=01;35:*.ppm=01;35:*.tga=01;35:*.xbm=01;35:*.xpm=01;35:*.tif=01;35:*.tiff=01;35:*.png=01;35:*.svg=01;35:*.svgz=01;35:*.mng=01;35:*.pcx=01;35:*.mov=01;35:*.mpg=01;35:*.mpeg=01;35:*.m2v=01;35:*.mkv=01;35:*.webm=01;35:*.webp=01;35:*.ogm=01;35:*.mp4=01;35:*.m4v=01;35:*.mp4v=01;35:*.vob=01;35:*.qt=01;35:*.nuv=01;35:*.wmv=01;35:*.asf=01;35:*.rm=01;35:*.rmvb=01;35:*.flc=01;35:*.avi=01;35:*.fli=01;35:*.flv=01;35:*.gl=01;35:*.dl=01;35:*.xcf=01;35:*.xwd=01;35:*.yuv=01;35:*.cgm=01;35:*.emf=01;35:*.ogv=01;35:*.ogx=01;35:*.aac=00;36:*.au=00;36:*.flac=00;36:*.m4a=00;36:*.mid=00;36:*.midi=00;36:*.mka=00;36:*.mp3=00;36:*.mpc=00;36:*.ogg=00;36:*.ra=00;36:*.wav=00;36:*.oga=00;36:*.opus=00;36:*.spx=00;36:*.xspf=00;36:'), ('VSCODE_GIT_IPC_HANDLE', '/run/user/1000/vscode-git-c8a4b1bc73.sock'), ('TERM_PROGRAM', 'vscode'), ('ROS_DOMAIN_ID', '21'), ('AMENT_PREFIX_PATH', '/opt/ros/humble'), ('SHELL', '/bin/bash'), ('LESSCLOSE', '/usr/bin/lesspipe %s %s'), ('VSCODE_GIT_ASKPASS_EXTRA_ARGS', ''), ('PWD', '/code/brickpi/build/ev3_sensor_msgs'), ('SSH_CONNECTION', '192.168.10.163 49253 192.168.10.2 22'), ('PYTHONPATH', '/opt/ros/humble/lib/python3.10/site-packages:/opt/ros/humble/local/lib/python3.10/dist-packages'), ('COLCON', '1'), ('CMAKE_PREFIX_PATH', '/opt/ros/humble')]), 'shell': False}
[1.668213] (brickpi3_motors) StdoutLine: {'line': b'-- Found ament_cmake: 1.3.14 (/opt/ros/humble/share/ament_cmake/cmake)\n'}
[1.669218] (brickpi3_motors) StdoutLine: {'line': b'-- Override CMake install command with custom implementation using symlinks instead of copying resources\n'}
[1.669901] (brickpi3_motors) StdoutLine: {'line': b'-- Found hardware_interface: 2.53.1 (/opt/ros/humble/share/hardware_interface/cmake)\n'}
[1.670553] (brickpi3_motors) StdoutLine: {'line': b'-- Found rosidl_generator_c: 3.1.8 (/opt/ros/humble/share/rosidl_generator_c/cmake)\n'}
[1.671393] (brickpi3_motors) StdoutLine: {'line': b'-- Found rosidl_adapter: 3.1.8 (/opt/ros/humble/share/rosidl_adapter/cmake)\n'}
[1.672107] (brickpi3_motors) StdoutLine: {'line': b'-- Found rosidl_generator_cpp: 3.1.8 (/opt/ros/humble/share/rosidl_generator_cpp/cmake)\n'}
[1.672797] (brickpi3_motors) StdoutLine: {'line': b'-- Using all available rosidl_typesupport_c: rosidl_typesupport_fastrtps_c;rosidl_typesupport_introspection_c\n'}
[1.685299] (rt_ros2) JobProgress: {'identifier': 'rt_ros2', 'progress': 'cmake'}
[1.693001] (rt_ros2) Command: {'cmd': ['/usr/bin/cmake', '/code/brickpi/rt_ros2', '-DAMENT_CMAKE_SYMLINK_INSTALL=1', '-DCMAKE_INSTALL_PREFIX=/code/brickpi/install/rt_ros2'], 'cwd': '/code/brickpi/build/rt_ros2', 'env': OrderedDict([('LESSOPEN', '| /usr/bin/lesspipe %s'), ('USER', 'ubuntu'), ('SSH_CLIENT', '192.168.10.163 49253 22'), ('XDG_SESSION_TYPE', 'tty'), ('GIT_ASKPASS', '/home/ubuntu/.vscode-server/cli/servers/Stable-034f571df509819cc10b0c8129f66ef77a542f0e/server/extensions/git/dist/askpass.sh'), ('SHLVL', '2'), ('LD_LIBRARY_PATH', '/opt/ros/humble/lib/aarch64-linux-gnu:/opt/ros/humble/lib'), ('BROWSER', '/home/ubuntu/.vscode-server/cli/servers/Stable-034f571df509819cc10b0c8129f66ef77a542f0e/server/bin/helpers/browser.sh'), ('MOTD_SHOWN', 'pam'), ('HOME', '/home/ubuntu'), ('OLDPWD', '/code'), ('TERM_PROGRAM_VERSION', '1.118.1'), ('VSCODE_IPC_HOOK_CLI', '/run/user/1000/vscode-ipc-b03cee94-e7c6-4be7-b6df-ca2867894430.sock'), ('ROS_PYTHON_VERSION', '3'), ('VSCODE_GIT_ASKPASS_MAIN', '/home/ubuntu/.vscode-server/cli/servers/Stable-034f571df509819cc10b0c8129f66ef77a542f0e/server/extensions/git/dist/askpass-main.js'), ('VSCODE_GIT_ASKPASS_NODE', '/home/ubuntu/.vscode-server/cli/servers/Stable-034f571df509819cc10b0c8129f66ef77a542f0e/server/node'), ('VSCODE_PYTHON_AUTOACTIVATE_GUARD', '1'), ('DBUS_SESSION_BUS_ADDRESS', 'unix:path=/run/user/1000/bus'), ('COLORTERM', 'truecolor'), ('ROS_DISTRO', 'humble'), ('LOGNAME', 'ubuntu'), ('_', '/usr/bin/colcon'), ('ROS_VERSION', '2'), ('XDG_SESSION_CLASS', 'user'), ('TERM', 'xterm-256color'), ('XDG_SESSION_ID', '1'), ('ROS_LOCALHOST_ONLY', '0'), ('BRICKPI3_ROOT_DIR', '/home/ubuntu/BrickPi3'), ('PATH', '/home/ubuntu/.vscode-server/data/User/globalStorage/github.copilot-chat/debugCommand:/home/ubuntu/.vscode-server/data/User/globalStorage/github.copilot-chat/copilotCli:/home/ubuntu/.vscode-server/cli/servers/Stable-034f571df509819cc10b0c8129f66ef77a542f0e/server/bin/remote-cli:/opt/ros/humble/bin:/usr/local/sbin:/usr/local/bin:/usr/sbin:/usr/bin:/sbin:/bin:/usr/games:/usr/local/games:/snap/bin'), ('XDG_RUNTIME_DIR', '/run/user/1000'), ('LANG', 'C.UTF-8'), ('LS_COLORS', 'rs=0:di=01;34:ln=01;36:mh=00:pi=40;33:so=01;35:do=01;35:bd=40;33;01:cd=40;33;01:or=40;31;01:mi=00:su=37;41:sg=30;43:ca=30;41:tw=30;42:ow=34;42:st=37;44:ex=01;32:*.tar=01;31:*.tgz=01;31:*.arc=01;31:*.arj=01;31:*.taz=01;31:*.lha=01;31:*.lz4=01;31:*.lzh=01;31:*.lzma=01;31:*.tlz=01;31:*.txz=01;31:*.tzo=01;31:*.t7z=01;31:*.zip=01;31:*.z=01;31:*.dz=01;31:*.gz=01;31:*.lrz=01;31:*.lz=01;31:*.lzo=01;31:*.xz=01;31:*.zst=01;31:*.tzst=01;31:*.bz2=01;31:*.bz=01;31:*.tbz=01;31:*.tbz2=01;31:*.tz=01;31:*.deb=01;31:*.rpm=01;31:*.jar=01;31:*.war=01;31:*.ear=01;31:*.sar=01;31:*.rar=01;31:*.alz=01;31:*.ace=01;31:*.zoo=01;31:*.cpio=01;31:*.7z=01;31:*.rz=01;31:*.cab=01;31:*.wim=01;31:*.swm=01;31:*.dwm=01;31:*.esd=01;31:*.jpg=01;35:*.jpeg=01;35:*.mjpg=01;35:*.mjpeg=01;35:*.gif=01;35:*.bmp=01;35:*.pbm=01;35:*.pgm=01;35:*.ppm=01;35:*.tga=01;35:*.xbm=01;35:*.xpm=01;35:*.tif=01;35:*.tiff=01;35:*.png=01;35:*.svg=01;35:*.svgz=01;35:*.mng=01;35:*.pcx=01;35:*.mov=01;35:*.mpg=01;35:*.mpeg=01;35:*.m2v=01;35:*.mkv=01;35:*.webm=01;35:*.webp=01;35:*.ogm=01;35:*.mp4=01;35:*.m4v=01;35:*.mp4v=01;35:*.vob=01;35:*.qt=01;35:*.nuv=01;35:*.wmv=01;35:*.asf=01;35:*.rm=01;35:*.rmvb=01;35:*.flc=01;35:*.avi=01;35:*.fli=01;35:*.flv=01;35:*.gl=01;35:*.dl=01;35:*.xcf=01;35:*.xwd=01;35:*.yuv=01;35:*.cgm=01;35:*.emf=01;35:*.ogv=01;35:*.ogx=01;35:*.aac=00;36:*.au=00;36:*.flac=00;36:*.m4a=00;36:*.mid=00;36:*.midi=00;36:*.mka=00;36:*.mp3=00;36:*.mpc=00;36:*.ogg=00;36:*.ra=00;36:*.wav=00;36:*.oga=00;36:*.opus=00;36:*.spx=00;36:*.xspf=00;36:'), ('VSCODE_GIT_IPC_HANDLE', '/run/user/1000/vscode-git-c8a4b1bc73.sock'), ('TERM_PROGRAM', 'vscode'), ('ROS_DOMAIN_ID', '21'), ('AMENT_PREFIX_PATH', '/opt/ros/humble'), ('SHELL', '/bin/bash'), ('LESSCLOSE', '/usr/bin/lesspipe %s %s'), ('VSCODE_GIT_ASKPASS_EXTRA_ARGS', ''), ('PWD', '/code/brickpi/build/rt_ros2'), ('SSH_CONNECTION', '192.168.10.163 49253 192.168.10.2 22'), ('PYTHONPATH', '/opt/ros/humble/lib/python3.10/site-packages:/opt/ros/humble/local/lib/python3.10/dist-packages'), ('COLCON', '1'), ('CMAKE_PREFIX_PATH', '/opt/ros/humble')]), 'shell': False}
[1.718983] (-) TimerEvent: {}
[1.748787] (brickpi3_motors) StdoutLine: {'line': b'-- Using all available rosidl_typesupport_cpp: rosidl_typesupport_fastrtps_cpp;rosidl_typesupport_introspection_cpp\n'}
[1.774128] (rt_ros2) StdoutLine: {'line': b'-- Found ament_cmake: 1.3.14 (/opt/ros/humble/share/ament_cmake/cmake)\n'}
[1.819235] (-) TimerEvent: {}
[1.920845] (-) TimerEvent: {}
[2.038975] (-) TimerEvent: {}
[2.116494] (ev3_sensor_msgs) StdoutLine: {'line': b'[  2%] Built target ev3_sensor_msgs__cpp\n'}
[2.138811] (ev3_sensor_msgs) StdoutLine: {'line': b'[  5%] Built target ev3_sensor_msgs__rs\n'}
[2.139632] (-) TimerEvent: {}
[2.222922] (ev3_sensor_msgs) StdoutLine: {'line': b'[ 15%] Built target ev3_sensor_msgs__rosidl_generator_c\n'}
[2.239925] (-) TimerEvent: {}
[2.291082] (ev3_sensor_msgs) StdoutLine: {'line': b'[ 15%] Built target ament_cmake_python_symlink_ev3_sensor_msgs\n'}
[2.340168] (-) TimerEvent: {}
[2.443077] (-) TimerEvent: {}
[2.499092] (ev3_sensor_msgs) StdoutLine: {'line': b'[ 25%] Built target ev3_sensor_msgs__rosidl_typesupport_fastrtps_cpp\n'}
[2.519248] (ev3_sensor_msgs) StdoutLine: {'line': b'[ 35%] Built target ev3_sensor_msgs__rosidl_typesupport_introspection_cpp\n'}
[2.525938] (ev3_sensor_msgs) StdoutLine: {'line': b'[ 45%] Built target ev3_sensor_msgs__rosidl_typesupport_cpp\n'}
[2.543308] (-) TimerEvent: {}
[2.645863] (-) TimerEvent: {}
[2.728632] (ev3_sensor_msgs) StdoutLine: {'line': b'[ 55%] Built target ev3_sensor_msgs__rosidl_typesupport_fastrtps_c\n'}
[2.746071] (-) TimerEvent: {}
[2.837929] (ev3_sensor_msgs) StdoutLine: {'line': b'[ 65%] Built target ev3_sensor_msgs__rosidl_typesupport_c\n'}
[2.846398] (-) TimerEvent: {}
[2.853027] (ev3_sensor_msgs) StdoutLine: {'line': b'[ 75%] Built target ev3_sensor_msgs__rosidl_typesupport_introspection_c\n'}
[2.946761] (-) TimerEvent: {}
[2.972911] (ev3_sensor_msgs) StdoutLine: {'line': b'[ 75%] Built target ev3_sensor_msgs\n'}
[3.046913] (-) TimerEvent: {}
[3.121396] (ev3_sensor_msgs) StdoutLine: {'line': b'[ 77%] Built target ev3_sensor_msgs__py\n'}
[3.129138] (rt_ros2) StdoutLine: {'line': b'-- Override CMake install command with custom implementation using symlinks instead of copying resources\n'}
[3.147107] (-) TimerEvent: {}
[3.232553] (rt_ros2) StdoutLine: {'line': b'-- Found rclcpp: 16.0.18 (/opt/ros/humble/share/rclcpp/cmake)\n'}
[3.247309] (-) TimerEvent: {}
[3.339729] (ev3_sensor_msgs) StdoutLine: {'line': b'[ 85%] Built target ev3_sensor_msgs__rosidl_generator_py\n'}
[3.347539] (-) TimerEvent: {}
[3.448532] (-) TimerEvent: {}
[3.543683] (rt_ros2) StdoutLine: {'line': b'-- Found rosidl_generator_c: 3.1.8 (/opt/ros/humble/share/rosidl_generator_c/cmake)\n'}
[3.548846] (-) TimerEvent: {}
[3.561992] (rt_ros2) StdoutLine: {'line': b'-- Found rosidl_adapter: 3.1.8 (/opt/ros/humble/share/rosidl_adapter/cmake)\n'}
[3.602711] (ev3_sensor_msgs) StdoutLine: {'line': b'[ 90%] Built target ev3_sensor_msgs__rosidl_typesupport_c__pyext\n'}
[3.606914] (rt_ros2) StdoutLine: {'line': b'-- Found rosidl_generator_cpp: 3.1.8 (/opt/ros/humble/share/rosidl_generator_cpp/cmake)\n'}
[3.649132] (-) TimerEvent: {}
[3.688538] (rt_ros2) StdoutLine: {'line': b'-- Using all available rosidl_typesupport_c: rosidl_typesupport_fastrtps_c;rosidl_typesupport_introspection_c\n'}
[3.702039] (ev3_sensor_msgs) StdoutLine: {'line': b'[ 97%] Built target ev3_sensor_msgs__rosidl_typesupport_fastrtps_c__pyext\n'}
[3.709423] (ev3_sensor_msgs) StdoutLine: {'line': b'[100%] Built target ev3_sensor_msgs__rosidl_typesupport_introspection_c__pyext\n'}
[3.749410] (-) TimerEvent: {}
[3.760458] (rt_ros2) StdoutLine: {'line': b'-- Using all available rosidl_typesupport_cpp: rosidl_typesupport_fastrtps_cpp;rosidl_typesupport_introspection_cpp\n'}
[3.849634] (-) TimerEvent: {}
[3.952373] (-) TimerEvent: {}
[4.053566] (-) TimerEvent: {}
[4.155017] (-) TimerEvent: {}
[4.256248] (-) TimerEvent: {}
[4.262053] (rt_ros2) StdoutLine: {'line': b'-- Found rmw_implementation_cmake: 6.1.2 (/opt/ros/humble/share/rmw_implementation_cmake/cmake)\n'}
[4.264943] (brickpi3_motors) StdoutLine: {'line': b'-- Found rmw_implementation_cmake: 6.1.2 (/opt/ros/humble/share/rmw_implementation_cmake/cmake)\n'}
[4.283439] (rt_ros2) StdoutLine: {'line': b'-- Found rmw_fastrtps_cpp: 6.2.10 (/opt/ros/humble/share/rmw_fastrtps_cpp/cmake)\n'}
[4.286063] (brickpi3_motors) StdoutLine: {'line': b'-- Found rmw_fastrtps_cpp: 6.2.10 (/opt/ros/humble/share/rmw_fastrtps_cpp/cmake)\n'}
[4.356509] (-) TimerEvent: {}
[4.457484] (-) TimerEvent: {}
[4.468971] (brickpi3_motors) StdoutLine: {'line': b'-- Found TinyXML2 via Config file: TinyXML2_DIR-NOTFOUND\n'}
[4.539495] (brickpi3_motors) StdoutLine: {'line': b'-- Found TinyXML2 via Config file: TinyXML2_DIR-NOTFOUND\n'}
[4.557733] (-) TimerEvent: {}
[4.633386] (brickpi3_motors) StdoutLine: {'line': b'-- Found TinyXML2 via Config file: TinyXML2_DIR-NOTFOUND\n'}
[4.657928] (-) TimerEvent: {}
[4.682153] (brickpi3_motors) StdoutLine: {'line': b'-- Found TinyXML2 via Config file: TinyXML2_DIR-NOTFOUND\n'}
[4.738316] (brickpi3_motors) StdoutLine: {'line': b"-- Using RMW implementation 'rmw_fastrtps_cpp' as default\n"}
[4.758152] (-) TimerEvent: {}
[4.769598] (ev3_sensor_msgs) StdoutLine: {'line': b'running egg_info\n'}
[4.774857] (ev3_sensor_msgs) StdoutLine: {'line': b'writing ev3_sensor_msgs.egg-info/PKG-INFO\n'}
[4.777611] (ev3_sensor_msgs) StdoutLine: {'line': b'writing dependency_links to ev3_sensor_msgs.egg-info/dependency_links.txt\n'}
[4.780115] (ev3_sensor_msgs) StdoutLine: {'line': b'writing top-level names to ev3_sensor_msgs.egg-info/top_level.txt\n'}
[4.795890] (ev3_sensor_msgs) StdoutLine: {'line': b"reading manifest file 'ev3_sensor_msgs.egg-info/SOURCES.txt'\n"}
[4.801140] (ev3_sensor_msgs) StdoutLine: {'line': b"writing manifest file 'ev3_sensor_msgs.egg-info/SOURCES.txt'\n"}
[4.858448] (-) TimerEvent: {}
[4.959752] (-) TimerEvent: {}
[4.982057] (ev3_sensor_msgs) StdoutLine: {'line': b'[100%] Built target ament_cmake_python_build_ev3_sensor_msgs_egg\n'}
[5.040863] (ev3_sensor_msgs) CommandEnded: {'returncode': 0}
[5.049014] (ev3_sensor_msgs) JobProgress: {'identifier': 'ev3_sensor_msgs', 'progress': 'install'}
[5.059872] (-) TimerEvent: {}
[5.090424] (ev3_sensor_msgs) Command: {'cmd': ['/usr/bin/cmake', '--install', '/code/brickpi/build/ev3_sensor_msgs'], 'cwd': '/code/brickpi/build/ev3_sensor_msgs', 'env': OrderedDict([('LESSOPEN', '| /usr/bin/lesspipe %s'), ('USER', 'ubuntu'), ('SSH_CLIENT', '192.168.10.163 49253 22'), ('XDG_SESSION_TYPE', 'tty'), ('GIT_ASKPASS', '/home/ubuntu/.vscode-server/cli/servers/Stable-034f571df509819cc10b0c8129f66ef77a542f0e/server/extensions/git/dist/askpass.sh'), ('SHLVL', '2'), ('LD_LIBRARY_PATH', '/opt/ros/humble/lib/aarch64-linux-gnu:/opt/ros/humble/lib'), ('BROWSER', '/home/ubuntu/.vscode-server/cli/servers/Stable-034f571df509819cc10b0c8129f66ef77a542f0e/server/bin/helpers/browser.sh'), ('MOTD_SHOWN', 'pam'), ('HOME', '/home/ubuntu'), ('OLDPWD', '/code'), ('TERM_PROGRAM_VERSION', '1.118.1'), ('VSCODE_IPC_HOOK_CLI', '/run/user/1000/vscode-ipc-b03cee94-e7c6-4be7-b6df-ca2867894430.sock'), ('ROS_PYTHON_VERSION', '3'), ('VSCODE_GIT_ASKPASS_MAIN', '/home/ubuntu/.vscode-server/cli/servers/Stable-034f571df509819cc10b0c8129f66ef77a542f0e/server/extensions/git/dist/askpass-main.js'), ('VSCODE_GIT_ASKPASS_NODE', '/home/ubuntu/.vscode-server/cli/servers/Stable-034f571df509819cc10b0c8129f66ef77a542f0e/server/node'), ('VSCODE_PYTHON_AUTOACTIVATE_GUARD', '1'), ('DBUS_SESSION_BUS_ADDRESS', 'unix:path=/run/user/1000/bus'), ('COLORTERM', 'truecolor'), ('ROS_DISTRO', 'humble'), ('LOGNAME', 'ubuntu'), ('_', '/usr/bin/colcon'), ('ROS_VERSION', '2'), ('XDG_SESSION_CLASS', 'user'), ('TERM', 'xterm-256color'), ('XDG_SESSION_ID', '1'), ('ROS_LOCALHOST_ONLY', '0'), ('BRICKPI3_ROOT_DIR', '/home/ubuntu/BrickPi3'), ('PATH', '/home/ubuntu/.vscode-server/data/User/globalStorage/github.copilot-chat/debugCommand:/home/ubuntu/.vscode-server/data/User/globalStorage/github.copilot-chat/copilotCli:/home/ubuntu/.vscode-server/cli/servers/Stable-034f571df509819cc10b0c8129f66ef77a542f0e/server/bin/remote-cli:/opt/ros/humble/bin:/usr/local/sbin:/usr/local/bin:/usr/sbin:/usr/bin:/sbin:/bin:/usr/games:/usr/local/games:/snap/bin'), ('XDG_RUNTIME_DIR', '/run/user/1000'), ('LANG', 'C.UTF-8'), ('LS_COLORS', 'rs=0:di=01;34:ln=01;36:mh=00:pi=40;33:so=01;35:do=01;35:bd=40;33;01:cd=40;33;01:or=40;31;01:mi=00:su=37;41:sg=30;43:ca=30;41:tw=30;42:ow=34;42:st=37;44:ex=01;32:*.tar=01;31:*.tgz=01;31:*.arc=01;31:*.arj=01;31:*.taz=01;31:*.lha=01;31:*.lz4=01;31:*.lzh=01;31:*.lzma=01;31:*.tlz=01;31:*.txz=01;31:*.tzo=01;31:*.t7z=01;31:*.zip=01;31:*.z=01;31:*.dz=01;31:*.gz=01;31:*.lrz=01;31:*.lz=01;31:*.lzo=01;31:*.xz=01;31:*.zst=01;31:*.tzst=01;31:*.bz2=01;31:*.bz=01;31:*.tbz=01;31:*.tbz2=01;31:*.tz=01;31:*.deb=01;31:*.rpm=01;31:*.jar=01;31:*.war=01;31:*.ear=01;31:*.sar=01;31:*.rar=01;31:*.alz=01;31:*.ace=01;31:*.zoo=01;31:*.cpio=01;31:*.7z=01;31:*.rz=01;31:*.cab=01;31:*.wim=01;31:*.swm=01;31:*.dwm=01;31:*.esd=01;31:*.jpg=01;35:*.jpeg=01;35:*.mjpg=01;35:*.mjpeg=01;35:*.gif=01;35:*.bmp=01;35:*.pbm=01;35:*.pgm=01;35:*.ppm=01;35:*.tga=01;35:*.xbm=01;35:*.xpm=01;35:*.tif=01;35:*.tiff=01;35:*.png=01;35:*.svg=01;35:*.svgz=01;35:*.mng=01;35:*.pcx=01;35:*.mov=01;35:*.mpg=01;35:*.mpeg=01;35:*.m2v=01;35:*.mkv=01;35:*.webm=01;35:*.webp=01;35:*.ogm=01;35:*.mp4=01;35:*.m4v=01;35:*.mp4v=01;35:*.vob=01;35:*.qt=01;35:*.nuv=01;35:*.wmv=01;35:*.asf=01;35:*.rm=01;35:*.rmvb=01;35:*.flc=01;35:*.avi=01;35:*.fli=01;35:*.flv=01;35:*.gl=01;35:*.dl=01;35:*.xcf=01;35:*.xwd=01;35:*.yuv=01;35:*.cgm=01;35:*.emf=01;35:*.ogv=01;35:*.ogx=01;35:*.aac=00;36:*.au=00;36:*.flac=00;36:*.m4a=00;36:*.mid=00;36:*.midi=00;36:*.mka=00;36:*.mp3=00;36:*.mpc=00;36:*.ogg=00;36:*.ra=00;36:*.wav=00;36:*.oga=00;36:*.opus=00;36:*.spx=00;36:*.xspf=00;36:'), ('VSCODE_GIT_IPC_HANDLE', '/run/user/1000/vscode-git-c8a4b1bc73.sock'), ('TERM_PROGRAM', 'vscode'), ('ROS_DOMAIN_ID', '21'), ('AMENT_PREFIX_PATH', '/opt/ros/humble'), ('SHELL', '/bin/bash'), ('LESSCLOSE', '/usr/bin/lesspipe %s %s'), ('VSCODE_GIT_ASKPASS_EXTRA_ARGS', ''), ('PWD', '/code/brickpi/build/ev3_sensor_msgs'), ('SSH_CONNECTION', '192.168.10.163 49253 192.168.10.2 22'), ('PYTHONPATH', '/opt/ros/humble/lib/python3.10/site-packages:/opt/ros/humble/local/lib/python3.10/dist-packages'), ('COLCON', '1'), ('CMAKE_PREFIX_PATH', '/opt/ros/humble')]), 'shell': False}
[5.154377] (ev3_sensor_msgs) StdoutLine: {'line': b'-- Install configuration: ""\n'}
[5.159230] (ev3_sensor_msgs) StdoutLine: {'line': b'-- Execute custom install script\n'}
[5.161850] (-) TimerEvent: {}
[5.164645] (ev3_sensor_msgs) StdoutLine: {'line': b'-- Up-to-date symlink: /code/brickpi/install/ev3_sensor_msgs/share/ament_index/resource_index/rosidl_interfaces/ev3_sensor_msgs\n'}
[5.167774] (ev3_sensor_msgs) StdoutLine: {'line': b'-- Up-to-date symlink: /code/brickpi/install/ev3_sensor_msgs/include/ev3_sensor_msgs/ev3_sensor_msgs/msg/button.h\n'}
[5.174237] (ev3_sensor_msgs) StdoutLine: {'line': b'-- Up-to-date symlink: /code/brickpi/install/ev3_sensor_msgs/include/ev3_sensor_msgs/ev3_sensor_msgs/msg/color.h\n'}
[5.177963] (rt_ros2) StdoutLine: {'line': b"-- Using RMW implementation 'rmw_fastrtps_cpp' as default\n"}
[5.180569] (ev3_sensor_msgs) StdoutLine: {'line': b'-- Up-to-date symlink: /code/brickpi/install/ev3_sensor_msgs/include/ev3_sensor_msgs/ev3_sensor_msgs/msg/detail/button__functions.h\n'}
[5.182406] (ev3_sensor_msgs) StdoutLine: {'line': b'-- Up-to-date symlink: /code/brickpi/install/ev3_sensor_msgs/include/ev3_sensor_msgs/ev3_sensor_msgs/msg/detail/button__struct.h\n'}
[5.184853] (ev3_sensor_msgs) StdoutLine: {'line': b'-- Up-to-date symlink: /code/brickpi/install/ev3_sensor_msgs/include/ev3_sensor_msgs/ev3_sensor_msgs/msg/detail/button__type_support.h\n'}
[5.186627] (ev3_sensor_msgs) StdoutLine: {'line': b'-- Up-to-date symlink: /code/brickpi/install/ev3_sensor_msgs/include/ev3_sensor_msgs/ev3_sensor_msgs/msg/detail/color__functions.h\n'}
[5.187399] (ev3_sensor_msgs) StdoutLine: {'line': b'-- Up-to-date symlink: /code/brickpi/install/ev3_sensor_msgs/include/ev3_sensor_msgs/ev3_sensor_msgs/msg/detail/color__struct.h\n'}
[5.191893] (ev3_sensor_msgs) StdoutLine: {'line': b'-- Up-to-date symlink: /code/brickpi/install/ev3_sensor_msgs/include/ev3_sensor_msgs/ev3_sensor_msgs/msg/detail/color__type_support.h\n'}
[5.192746] (ev3_sensor_msgs) StdoutLine: {'line': b'-- Up-to-date symlink: /code/brickpi/install/ev3_sensor_msgs/include/ev3_sensor_msgs/ev3_sensor_msgs/msg/rosidl_generator_c__visibility_control.h\n'}
[5.193480] (ev3_sensor_msgs) StdoutLine: {'line': b'-- Up-to-date symlink: /code/brickpi/install/ev3_sensor_msgs/share/ev3_sensor_msgs/environment/library_path.sh\n'}
[5.197321] (ev3_sensor_msgs) StdoutLine: {'line': b'-- Up-to-date symlink: /code/brickpi/install/ev3_sensor_msgs/share/ev3_sensor_msgs/environment/library_path.dsv\n'}
[5.200725] (ev3_sensor_msgs) StdoutLine: {'line': b'-- Up-to-date symlink: /code/brickpi/install/ev3_sensor_msgs/include/ev3_sensor_msgs/ev3_sensor_msgs/msg/detail/button__rosidl_typesupport_fastrtps_c.h\n'}
[5.202021] (ev3_sensor_msgs) StdoutLine: {'line': b'-- Up-to-date symlink: /code/brickpi/install/ev3_sensor_msgs/include/ev3_sensor_msgs/ev3_sensor_msgs/msg/detail/color__rosidl_typesupport_fastrtps_c.h\n'}
[5.205153] (ev3_sensor_msgs) StdoutLine: {'line': b'-- Up-to-date symlink: /code/brickpi/install/ev3_sensor_msgs/include/ev3_sensor_msgs/ev3_sensor_msgs/msg/rosidl_typesupport_fastrtps_c__visibility_control.h\n'}
[5.207084] (ev3_sensor_msgs) StdoutLine: {'line': b'-- Up-to-date symlink: /code/brickpi/install/ev3_sensor_msgs/include/ev3_sensor_msgs/ev3_sensor_msgs/msg/detail/button__rosidl_typesupport_introspection_c.h\n'}
[5.210516] (ev3_sensor_msgs) StdoutLine: {'line': b'-- Up-to-date symlink: /code/brickpi/install/ev3_sensor_msgs/include/ev3_sensor_msgs/ev3_sensor_msgs/msg/detail/color__rosidl_typesupport_introspection_c.h\n'}
[5.211261] (ev3_sensor_msgs) StdoutLine: {'line': b'-- Up-to-date symlink: /code/brickpi/install/ev3_sensor_msgs/include/ev3_sensor_msgs/ev3_sensor_msgs/msg/rosidl_typesupport_introspection_c__visibility_control.h\n'}
[5.214136] (ev3_sensor_msgs) StdoutLine: {'line': b'-- Up-to-date symlink: /code/brickpi/install/ev3_sensor_msgs/include/ev3_sensor_msgs/ev3_sensor_msgs/msg/button.hpp\n'}
[5.215072] (ev3_sensor_msgs) StdoutLine: {'line': b'-- Up-to-date symlink: /code/brickpi/install/ev3_sensor_msgs/include/ev3_sensor_msgs/ev3_sensor_msgs/msg/color.hpp\n'}
[5.217526] (ev3_sensor_msgs) StdoutLine: {'line': b'-- Up-to-date symlink: /code/brickpi/install/ev3_sensor_msgs/include/ev3_sensor_msgs/ev3_sensor_msgs/msg/detail/button__builder.hpp\n'}
[5.220147] (ev3_sensor_msgs) StdoutLine: {'line': b'-- Up-to-date symlink: /code/brickpi/install/ev3_sensor_msgs/include/ev3_sensor_msgs/ev3_sensor_msgs/msg/detail/button__struct.hpp\n'}
[5.229889] (ev3_sensor_msgs) StdoutLine: {'line': b'-- Up-to-date symlink: /code/brickpi/install/ev3_sensor_msgs/include/ev3_sensor_msgs/ev3_sensor_msgs/msg/detail/button__traits.hpp\n'}
[5.231765] (ev3_sensor_msgs) StdoutLine: {'line': b'-- Up-to-date symlink: /code/brickpi/install/ev3_sensor_msgs/include/ev3_sensor_msgs/ev3_sensor_msgs/msg/detail/button__type_support.hpp\n'}
[5.232488] (ev3_sensor_msgs) StdoutLine: {'line': b'-- Up-to-date symlink: /code/brickpi/install/ev3_sensor_msgs/include/ev3_sensor_msgs/ev3_sensor_msgs/msg/detail/color__builder.hpp\n'}
[5.235415] (ev3_sensor_msgs) StdoutLine: {'line': b'-- Up-to-date symlink: /code/brickpi/install/ev3_sensor_msgs/include/ev3_sensor_msgs/ev3_sensor_msgs/msg/detail/color__struct.hpp\n'}
[5.248907] (ev3_sensor_msgs) StdoutLine: {'line': b'-- Up-to-date symlink: /code/brickpi/install/ev3_sensor_msgs/include/ev3_sensor_msgs/ev3_sensor_msgs/msg/detail/color__traits.hpp\n'}
[5.252237] (ev3_sensor_msgs) StdoutLine: {'line': b'-- Up-to-date symlink: /code/brickpi/install/ev3_sensor_msgs/include/ev3_sensor_msgs/ev3_sensor_msgs/msg/detail/color__type_support.hpp\n'}
[5.255473] (ev3_sensor_msgs) StdoutLine: {'line': b'-- Up-to-date symlink: /code/brickpi/install/ev3_sensor_msgs/include/ev3_sensor_msgs/ev3_sensor_msgs/msg/rosidl_generator_cpp__visibility_control.hpp\n'}
[5.257226] (ev3_sensor_msgs) StdoutLine: {'line': b'-- Up-to-date symlink: /code/brickpi/install/ev3_sensor_msgs/include/ev3_sensor_msgs/ev3_sensor_msgs/msg/detail/button__rosidl_typesupport_fastrtps_cpp.hpp\n'}
[5.258135] (ev3_sensor_msgs) StdoutLine: {'line': b'-- Up-to-date symlink: /code/brickpi/install/ev3_sensor_msgs/include/ev3_sensor_msgs/ev3_sensor_msgs/msg/detail/color__rosidl_typesupport_fastrtps_cpp.hpp\n'}
[5.262830] (-) TimerEvent: {}
[5.265920] (ev3_sensor_msgs) StdoutLine: {'line': b'-- Up-to-date symlink: /code/brickpi/install/ev3_sensor_msgs/include/ev3_sensor_msgs/ev3_sensor_msgs/msg/rosidl_typesupport_fastrtps_cpp__visibility_control.h\n'}
[5.267082] (ev3_sensor_msgs) StdoutLine: {'line': b'-- Up-to-date symlink: /code/brickpi/install/ev3_sensor_msgs/include/ev3_sensor_msgs/ev3_sensor_msgs/msg/detail/button__rosidl_typesupport_introspection_cpp.hpp\n'}
[5.276369] (ev3_sensor_msgs) StdoutLine: {'line': b'-- Up-to-date symlink: /code/brickpi/install/ev3_sensor_msgs/include/ev3_sensor_msgs/ev3_sensor_msgs/msg/detail/color__rosidl_typesupport_introspection_cpp.hpp\n'}
[5.280302] (ev3_sensor_msgs) StdoutLine: {'line': b'-- Up-to-date symlink: /code/brickpi/install/ev3_sensor_msgs/share/ev3_sensor_msgs/environment/pythonpath.sh\n'}
[5.281171] (ev3_sensor_msgs) StdoutLine: {'line': b'-- Up-to-date symlink: /code/brickpi/install/ev3_sensor_msgs/share/ev3_sensor_msgs/environment/pythonpath.dsv\n'}
[5.283436] (ev3_sensor_msgs) StdoutLine: {'line': b'-- Up-to-date symlink: /code/brickpi/install/ev3_sensor_msgs/local/lib/python3.10/dist-packages/ev3_sensor_msgs-0.0.0-py3.10.egg-info/PKG-INFO\n'}
[5.285172] (ev3_sensor_msgs) StdoutLine: {'line': b'-- Up-to-date symlink: /code/brickpi/install/ev3_sensor_msgs/local/lib/python3.10/dist-packages/ev3_sensor_msgs-0.0.0-py3.10.egg-info/SOURCES.txt\n'}
[5.287623] (ev3_sensor_msgs) StdoutLine: {'line': b'-- Up-to-date symlink: /code/brickpi/install/ev3_sensor_msgs/local/lib/python3.10/dist-packages/ev3_sensor_msgs-0.0.0-py3.10.egg-info/dependency_links.txt\n'}
[5.289224] (ev3_sensor_msgs) StdoutLine: {'line': b'-- Up-to-date symlink: /code/brickpi/install/ev3_sensor_msgs/local/lib/python3.10/dist-packages/ev3_sensor_msgs-0.0.0-py3.10.egg-info/top_level.txt\n'}
[5.292564] (ev3_sensor_msgs) StdoutLine: {'line': b'-- Up-to-date symlink: /code/brickpi/install/ev3_sensor_msgs/local/lib/python3.10/dist-packages/ev3_sensor_msgs/__init__.py\n'}
[5.295830] (ev3_sensor_msgs) StdoutLine: {'line': b'-- Up-to-date symlink: /code/brickpi/install/ev3_sensor_msgs/local/lib/python3.10/dist-packages/ev3_sensor_msgs/_ev3_sensor_msgs_s.ep.rosidl_typesupport_c.c\n'}
[5.297793] (ev3_sensor_msgs) StdoutLine: {'line': b'-- Up-to-date symlink: /code/brickpi/install/ev3_sensor_msgs/local/lib/python3.10/dist-packages/ev3_sensor_msgs/_ev3_sensor_msgs_s.ep.rosidl_typesupport_fastrtps_c.c\n'}
[5.298642] (ev3_sensor_msgs) StdoutLine: {'line': b'-- Up-to-date symlink: /code/brickpi/install/ev3_sensor_msgs/local/lib/python3.10/dist-packages/ev3_sensor_msgs/_ev3_sensor_msgs_s.ep.rosidl_typesupport_introspection_c.c\n'}
[5.300319] (ev3_sensor_msgs) StdoutLine: {'line': b'-- Up-to-date symlink: /code/brickpi/install/ev3_sensor_msgs/local/lib/python3.10/dist-packages/ev3_sensor_msgs/ev3_sensor_msgs_s__rosidl_typesupport_c.cpython-310-aarch64-linux-gnu.so\n'}
[5.302653] (ev3_sensor_msgs) StdoutLine: {'line': b'-- Up-to-date symlink: /code/brickpi/install/ev3_sensor_msgs/local/lib/python3.10/dist-packages/ev3_sensor_msgs/ev3_sensor_msgs_s__rosidl_typesupport_fastrtps_c.cpython-310-aarch64-linux-gnu.so\n'}
[5.303547] (ev3_sensor_msgs) StdoutLine: {'line': b'-- Up-to-date symlink: /code/brickpi/install/ev3_sensor_msgs/local/lib/python3.10/dist-packages/ev3_sensor_msgs/ev3_sensor_msgs_s__rosidl_typesupport_introspection_c.cpython-310-aarch64-linux-gnu.so\n'}
[5.306536] (ev3_sensor_msgs) StdoutLine: {'line': b'-- Up-to-date symlink: /code/brickpi/install/ev3_sensor_msgs/local/lib/python3.10/dist-packages/ev3_sensor_msgs/libev3_sensor_msgs__rosidl_generator_py.so\n'}
[5.309729] (ev3_sensor_msgs) StdoutLine: {'line': b'-- Up-to-date symlink: /code/brickpi/install/ev3_sensor_msgs/local/lib/python3.10/dist-packages/ev3_sensor_msgs/msg/__init__.py\n'}
[5.310553] (ev3_sensor_msgs) StdoutLine: {'line': b'-- Up-to-date symlink: /code/brickpi/install/ev3_sensor_msgs/local/lib/python3.10/dist-packages/ev3_sensor_msgs/msg/_button.py\n'}
[5.313428] (ev3_sensor_msgs) StdoutLine: {'line': b'-- Up-to-date symlink: /code/brickpi/install/ev3_sensor_msgs/local/lib/python3.10/dist-packages/ev3_sensor_msgs/msg/_button_s.c\n'}
[5.314333] (ev3_sensor_msgs) StdoutLine: {'line': b'-- Up-to-date symlink: /code/brickpi/install/ev3_sensor_msgs/local/lib/python3.10/dist-packages/ev3_sensor_msgs/msg/_color.py\n'}
[5.316535] (ev3_sensor_msgs) StdoutLine: {'line': b'-- Up-to-date symlink: /code/brickpi/install/ev3_sensor_msgs/local/lib/python3.10/dist-packages/ev3_sensor_msgs/msg/_color_s.c\n'}
[5.317528] (ev3_sensor_msgs) StdoutLine: {'line': b'-- Up-to-date symlink: /code/brickpi/install/ev3_sensor_msgs/local/lib/python3.10/dist-packages/ev3_sensor_msgs/ev3_sensor_msgs_s__rosidl_typesupport_fastrtps_c.cpython-310-aarch64-linux-gnu.so\n'}
[5.319103] (ev3_sensor_msgs) StdoutLine: {'line': b'-- Up-to-date symlink: /code/brickpi/install/ev3_sensor_msgs/local/lib/python3.10/dist-packages/ev3_sensor_msgs/ev3_sensor_msgs_s__rosidl_typesupport_introspection_c.cpython-310-aarch64-linux-gnu.so\n'}
[5.322087] (ev3_sensor_msgs) StdoutLine: {'line': b'-- Up-to-date symlink: /code/brickpi/install/ev3_sensor_msgs/local/lib/python3.10/dist-packages/ev3_sensor_msgs/ev3_sensor_msgs_s__rosidl_typesupport_c.cpython-310-aarch64-linux-gnu.so\n'}
[5.323059] (ev3_sensor_msgs) StdoutLine: {'line': b'-- Up-to-date symlink: /code/brickpi/install/ev3_sensor_msgs/share/ament_index/resource_index/rust_packages/ev3_sensor_msgs\n'}
[5.328242] (ev3_sensor_msgs) StdoutLine: {'line': b'-- Up-to-date symlink: /code/brickpi/install/ev3_sensor_msgs/share/ev3_sensor_msgs/rust/Cargo.toml\n'}
[5.332548] (ev3_sensor_msgs) StdoutLine: {'line': b'-- Up-to-date symlink: /code/brickpi/install/ev3_sensor_msgs/share/ev3_sensor_msgs/rust/build.rs\n'}
[5.333353] (ev3_sensor_msgs) StdoutLine: {'line': b'-- Up-to-date symlink: /code/brickpi/install/ev3_sensor_msgs/share/ev3_sensor_msgs/rust/src/lib.rs\n'}
[5.334033] (ev3_sensor_msgs) StdoutLine: {'line': b'-- Up-to-date symlink: /code/brickpi/install/ev3_sensor_msgs/share/ev3_sensor_msgs/rust/src/msg.rs\n'}
[5.334752] (ev3_sensor_msgs) StdoutLine: {'line': b'-- Up-to-date symlink: /code/brickpi/install/ev3_sensor_msgs/share/ev3_sensor_msgs/rust/src/msg/rmw.rs\n'}
[5.335415] (ev3_sensor_msgs) StdoutLine: {'line': b'-- Up-to-date symlink: /code/brickpi/install/ev3_sensor_msgs/share/ev3_sensor_msgs/msg/Button.idl\n'}
[5.336011] (ev3_sensor_msgs) StdoutLine: {'line': b'-- Up-to-date symlink: /code/brickpi/install/ev3_sensor_msgs/share/ev3_sensor_msgs/msg/Color.idl\n'}
[5.336483] (ev3_sensor_msgs) StdoutLine: {'line': b'-- Up-to-date symlink: /code/brickpi/install/ev3_sensor_msgs/share/ev3_sensor_msgs/msg/Button.msg\n'}
[5.337057] (ev3_sensor_msgs) StdoutLine: {'line': b'-- Up-to-date symlink: /code/brickpi/install/ev3_sensor_msgs/share/ev3_sensor_msgs/msg/Color.msg\n'}
[5.337759] (ev3_sensor_msgs) StdoutLine: {'line': b'-- Up-to-date symlink: /code/brickpi/install/ev3_sensor_msgs/share/ament_index/resource_index/package_run_dependencies/ev3_sensor_msgs\n'}
[5.338727] (ev3_sensor_msgs) StdoutLine: {'line': b'-- Up-to-date symlink: /code/brickpi/install/ev3_sensor_msgs/share/ament_index/resource_index/parent_prefix_path/ev3_sensor_msgs\n'}
[5.339502] (ev3_sensor_msgs) StdoutLine: {'line': b'-- Up-to-date symlink: /code/brickpi/install/ev3_sensor_msgs/share/ev3_sensor_msgs/environment/ament_prefix_path.sh\n'}
[5.340503] (ev3_sensor_msgs) StdoutLine: {'line': b'-- Up-to-date symlink: /code/brickpi/install/ev3_sensor_msgs/share/ev3_sensor_msgs/environment/ament_prefix_path.dsv\n'}
[5.341251] (ev3_sensor_msgs) StdoutLine: {'line': b'-- Up-to-date symlink: /code/brickpi/install/ev3_sensor_msgs/share/ev3_sensor_msgs/environment/path.sh\n'}
[5.341931] (ev3_sensor_msgs) StdoutLine: {'line': b'-- Up-to-date symlink: /code/brickpi/install/ev3_sensor_msgs/share/ev3_sensor_msgs/environment/path.dsv\n'}
[5.342469] (ev3_sensor_msgs) StdoutLine: {'line': b'-- Up-to-date symlink: /code/brickpi/install/ev3_sensor_msgs/share/ev3_sensor_msgs/local_setup.bash\n'}
[5.344614] (ev3_sensor_msgs) StdoutLine: {'line': b'-- Up-to-date symlink: /code/brickpi/install/ev3_sensor_msgs/share/ev3_sensor_msgs/local_setup.sh\n'}
[5.345439] (ev3_sensor_msgs) StdoutLine: {'line': b'-- Up-to-date symlink: /code/brickpi/install/ev3_sensor_msgs/share/ev3_sensor_msgs/local_setup.zsh\n'}
[5.346191] (ev3_sensor_msgs) StdoutLine: {'line': b'-- Up-to-date symlink: /code/brickpi/install/ev3_sensor_msgs/share/ev3_sensor_msgs/local_setup.dsv\n'}
[5.346878] (ev3_sensor_msgs) StdoutLine: {'line': b'-- Symlinking: /code/brickpi/install/ev3_sensor_msgs/share/ev3_sensor_msgs/package.dsv\n'}
[5.347520] (ev3_sensor_msgs) StdoutLine: {'line': b'-- Up-to-date symlink: /code/brickpi/install/ev3_sensor_msgs/share/ament_index/resource_index/packages/ev3_sensor_msgs\n'}
[5.348797] (ev3_sensor_msgs) StdoutLine: {'line': b'-- Up-to-date symlink: /code/brickpi/install/ev3_sensor_msgs/share/ev3_sensor_msgs/cmake/rosidl_cmake-extras.cmake\n'}
[5.350900] (ev3_sensor_msgs) StdoutLine: {'line': b'-- Up-to-date symlink: /code/brickpi/install/ev3_sensor_msgs/share/ev3_sensor_msgs/cmake/ament_cmake_export_dependencies-extras.cmake\n'}
[5.355482] (ev3_sensor_msgs) StdoutLine: {'line': b'-- Up-to-date symlink: /code/brickpi/install/ev3_sensor_msgs/share/ev3_sensor_msgs/cmake/ament_cmake_export_include_directories-extras.cmake\n'}
[5.356971] (ev3_sensor_msgs) StdoutLine: {'line': b'-- Up-to-date symlink: /code/brickpi/install/ev3_sensor_msgs/share/ev3_sensor_msgs/cmake/ament_cmake_export_libraries-extras.cmake\n'}
[5.359992] (ev3_sensor_msgs) StdoutLine: {'line': b'-- Up-to-date symlink: /code/brickpi/install/ev3_sensor_msgs/share/ev3_sensor_msgs/cmake/ament_cmake_export_targets-extras.cmake\n'}
[5.362947] (-) TimerEvent: {}
[5.368241] (ev3_sensor_msgs) StdoutLine: {'line': b'-- Up-to-date symlink: /code/brickpi/install/ev3_sensor_msgs/share/ev3_sensor_msgs/cmake/rosidl_cmake_export_typesupport_targets-extras.cmake\n'}
[5.374884] (ev3_sensor_msgs) StdoutLine: {'line': b'-- Up-to-date symlink: /code/brickpi/install/ev3_sensor_msgs/share/ev3_sensor_msgs/cmake/rosidl_cmake_export_typesupport_libraries-extras.cmake\n'}
[5.378577] (ev3_sensor_msgs) StdoutLine: {'line': b'-- Up-to-date symlink: /code/brickpi/install/ev3_sensor_msgs/share/ev3_sensor_msgs/cmake/ev3_sensor_msgsConfig.cmake\n'}
[5.381995] (ev3_sensor_msgs) StdoutLine: {'line': b'-- Up-to-date symlink: /code/brickpi/install/ev3_sensor_msgs/share/ev3_sensor_msgs/cmake/ev3_sensor_msgsConfig-version.cmake\n'}
[5.384215] (ev3_sensor_msgs) StdoutLine: {'line': b'-- Up-to-date symlink: /code/brickpi/install/ev3_sensor_msgs/share/ev3_sensor_msgs/package.xml\n'}
[5.385046] (ev3_sensor_msgs) StdoutLine: {'line': b'-- Up-to-date: /code/brickpi/install/ev3_sensor_msgs/lib/libev3_sensor_msgs__rosidl_generator_c.so\n'}
[5.386425] (ev3_sensor_msgs) StdoutLine: {'line': b'-- Up-to-date: /code/brickpi/install/ev3_sensor_msgs/lib/libev3_sensor_msgs__rosidl_typesupport_fastrtps_c.so\n'}
[5.389099] (ev3_sensor_msgs) StdoutLine: {'line': b'-- Up-to-date: /code/brickpi/install/ev3_sensor_msgs/lib/libev3_sensor_msgs__rosidl_typesupport_introspection_c.so\n'}
[5.391304] (ev3_sensor_msgs) StdoutLine: {'line': b'-- Up-to-date: /code/brickpi/install/ev3_sensor_msgs/lib/libev3_sensor_msgs__rosidl_typesupport_c.so\n'}
[5.392169] (ev3_sensor_msgs) StdoutLine: {'line': b'-- Up-to-date: /code/brickpi/install/ev3_sensor_msgs/lib/libev3_sensor_msgs__rosidl_typesupport_fastrtps_cpp.so\n'}
[5.397017] (ev3_sensor_msgs) StdoutLine: {'line': b'-- Up-to-date: /code/brickpi/install/ev3_sensor_msgs/lib/libev3_sensor_msgs__rosidl_typesupport_introspection_cpp.so\n'}
[5.398790] (ev3_sensor_msgs) StdoutLine: {'line': b'-- Up-to-date: /code/brickpi/install/ev3_sensor_msgs/lib/libev3_sensor_msgs__rosidl_typesupport_cpp.so\n'}
[5.463196] (-) TimerEvent: {}
[5.490084] (rt_ros2) StdoutLine: {'line': b'-- Found geometry_msgs: 4.9.1 (/opt/ros/humble/share/geometry_msgs/cmake)\n'}
[5.563600] (-) TimerEvent: {}
[5.617867] (rt_ros2) StdoutLine: {'line': b'-- Found sensor_msgs: 4.9.1 (/opt/ros/humble/share/sensor_msgs/cmake)\n'}
[5.651886] (ev3_sensor_msgs) StdoutLine: {'line': b"Listing '/code/brickpi/install/ev3_sensor_msgs/local/lib/python3.10/dist-packages/ev3_sensor_msgs'...\n"}
[5.653607] (ev3_sensor_msgs) StdoutLine: {'line': b"Listing '/code/brickpi/install/ev3_sensor_msgs/local/lib/python3.10/dist-packages/ev3_sensor_msgs/msg'...\n"}
[5.663924] (-) TimerEvent: {}
[5.699467] (ev3_sensor_msgs) StdoutLine: {'line': b'-- Up-to-date: /code/brickpi/install/ev3_sensor_msgs/lib/libev3_sensor_msgs__rosidl_generator_py.so\n'}
[5.706378] (ev3_sensor_msgs) StdoutLine: {'line': b'-- Up-to-date: /code/brickpi/install/ev3_sensor_msgs/share/ev3_sensor_msgs/cmake/export_ev3_sensor_msgs__rosidl_generator_cExport.cmake\n'}
[5.708982] (ev3_sensor_msgs) StdoutLine: {'line': b'-- Up-to-date: /code/brickpi/install/ev3_sensor_msgs/share/ev3_sensor_msgs/cmake/export_ev3_sensor_msgs__rosidl_generator_cExport-noconfig.cmake\n'}
[5.714138] (ev3_sensor_msgs) StdoutLine: {'line': b'-- Up-to-date: /code/brickpi/install/ev3_sensor_msgs/share/ev3_sensor_msgs/cmake/export_ev3_sensor_msgs__rosidl_typesupport_fastrtps_cExport.cmake\n'}
[5.716370] (ev3_sensor_msgs) StdoutLine: {'line': b'-- Up-to-date: /code/brickpi/install/ev3_sensor_msgs/share/ev3_sensor_msgs/cmake/export_ev3_sensor_msgs__rosidl_typesupport_fastrtps_cExport-noconfig.cmake\n'}
[5.721595] (ev3_sensor_msgs) StdoutLine: {'line': b'-- Up-to-date: /code/brickpi/install/ev3_sensor_msgs/share/ev3_sensor_msgs/cmake/ev3_sensor_msgs__rosidl_typesupport_introspection_cExport.cmake\n'}
[5.723606] (ev3_sensor_msgs) StdoutLine: {'line': b'-- Up-to-date: /code/brickpi/install/ev3_sensor_msgs/share/ev3_sensor_msgs/cmake/ev3_sensor_msgs__rosidl_typesupport_introspection_cExport-noconfig.cmake\n'}
[5.728178] (ev3_sensor_msgs) StdoutLine: {'line': b'-- Up-to-date: /code/brickpi/install/ev3_sensor_msgs/share/ev3_sensor_msgs/cmake/ev3_sensor_msgs__rosidl_typesupport_cExport.cmake\n'}
[5.730215] (ev3_sensor_msgs) StdoutLine: {'line': b'-- Up-to-date: /code/brickpi/install/ev3_sensor_msgs/share/ev3_sensor_msgs/cmake/ev3_sensor_msgs__rosidl_typesupport_cExport-noconfig.cmake\n'}
[5.736387] (ev3_sensor_msgs) StdoutLine: {'line': b'-- Up-to-date: /code/brickpi/install/ev3_sensor_msgs/share/ev3_sensor_msgs/cmake/export_ev3_sensor_msgs__rosidl_generator_cppExport.cmake\n'}
[5.740832] (ev3_sensor_msgs) StdoutLine: {'line': b'-- Up-to-date: /code/brickpi/install/ev3_sensor_msgs/share/ev3_sensor_msgs/cmake/export_ev3_sensor_msgs__rosidl_typesupport_fastrtps_cppExport.cmake\n'}
[5.745279] (ev3_sensor_msgs) StdoutLine: {'line': b'-- Up-to-date: /code/brickpi/install/ev3_sensor_msgs/share/ev3_sensor_msgs/cmake/export_ev3_sensor_msgs__rosidl_typesupport_fastrtps_cppExport-noconfig.cmake\n'}
[5.750178] (ev3_sensor_msgs) StdoutLine: {'line': b'-- Up-to-date: /code/brickpi/install/ev3_sensor_msgs/share/ev3_sensor_msgs/cmake/ev3_sensor_msgs__rosidl_typesupport_introspection_cppExport.cmake\n'}
[5.755850] (ev3_sensor_msgs) StdoutLine: {'line': b'-- Up-to-date: /code/brickpi/install/ev3_sensor_msgs/share/ev3_sensor_msgs/cmake/ev3_sensor_msgs__rosidl_typesupport_introspection_cppExport-noconfig.cmake\n'}
[5.762802] (ev3_sensor_msgs) StdoutLine: {'line': b'-- Up-to-date: /code/brickpi/install/ev3_sensor_msgs/share/ev3_sensor_msgs/cmake/ev3_sensor_msgs__rosidl_typesupport_cppExport.cmake\n'}
[5.780903] (-) TimerEvent: {}
[5.785378] (ev3_sensor_msgs) StdoutLine: {'line': b'-- Up-to-date: /code/brickpi/install/ev3_sensor_msgs/share/ev3_sensor_msgs/cmake/ev3_sensor_msgs__rosidl_typesupport_cppExport-noconfig.cmake\n'}
[5.796931] (ev3_sensor_msgs) StdoutLine: {'line': b'-- Up-to-date: /code/brickpi/install/ev3_sensor_msgs/share/ev3_sensor_msgs/cmake/export_ev3_sensor_msgs__rosidl_generator_pyExport.cmake\n'}
[5.801803] (ev3_sensor_msgs) StdoutLine: {'line': b'-- Up-to-date: /code/brickpi/install/ev3_sensor_msgs/share/ev3_sensor_msgs/cmake/export_ev3_sensor_msgs__rosidl_generator_pyExport-noconfig.cmake\n'}
[5.805331] (ev3_sensor_msgs) CommandEnded: {'returncode': 0}
[5.860547] (rt_ros2) StdoutLine: {'line': b'-- QUILL_NO_EXCEPTIONS: OFF\n'}
[5.862786] (rt_ros2) StdoutLine: {'line': b'-- QUILL_FMT_EXTERNAL: OFF\n'}
[5.863992] (rt_ros2) StdoutLine: {'line': b'-- QUILL_NO_THREAD_NAME_SUPPORT: OFF\n'}
[5.883079] (-) TimerEvent: {}
[5.963416] (brickpi3_motors) StdoutLine: {'line': b'-- Configuring done\n'}
[5.983210] (-) TimerEvent: {}
[6.041769] (ev3_sensor_msgs) JobEnded: {'identifier': 'ev3_sensor_msgs', 'rc': 0}
[6.049410] (brickpi3_sensors) Command: {'cmd': ['/usr/bin/python3', '-W', 'ignore:setup.py install is deprecated', '-W', 'ignore:easy_install command is deprecated', 'setup.py', 'develop', '--editable', '--build-directory', '/code/brickpi/build/brickpi3_sensors/build', '--no-deps', 'symlink_data'], 'cwd': '/code/brickpi/build/brickpi3_sensors', 'env': {'LESSOPEN': '| /usr/bin/lesspipe %s', 'USER': 'ubuntu', 'SSH_CLIENT': '192.168.10.163 49253 22', 'XDG_SESSION_TYPE': 'tty', 'GIT_ASKPASS': '/home/ubuntu/.vscode-server/cli/servers/Stable-034f571df509819cc10b0c8129f66ef77a542f0e/server/extensions/git/dist/askpass.sh', 'SHLVL': '2', 'LD_LIBRARY_PATH': '/opt/ros/humble/lib/aarch64-linux-gnu:/opt/ros/humble/lib', 'BROWSER': '/home/ubuntu/.vscode-server/cli/servers/Stable-034f571df509819cc10b0c8129f66ef77a542f0e/server/bin/helpers/browser.sh', 'MOTD_SHOWN': 'pam', 'HOME': '/home/ubuntu', 'OLDPWD': '/code', 'TERM_PROGRAM_VERSION': '1.118.1', 'VSCODE_IPC_HOOK_CLI': '/run/user/1000/vscode-ipc-b03cee94-e7c6-4be7-b6df-ca2867894430.sock', 'ROS_PYTHON_VERSION': '3', 'VSCODE_GIT_ASKPASS_MAIN': '/home/ubuntu/.vscode-server/cli/servers/Stable-034f571df509819cc10b0c8129f66ef77a542f0e/server/extensions/git/dist/askpass-main.js', 'VSCODE_GIT_ASKPASS_NODE': '/home/ubuntu/.vscode-server/cli/servers/Stable-034f571df509819cc10b0c8129f66ef77a542f0e/server/node', 'VSCODE_PYTHON_AUTOACTIVATE_GUARD': '1', 'DBUS_SESSION_BUS_ADDRESS': 'unix:path=/run/user/1000/bus', 'COLORTERM': 'truecolor', 'ROS_DISTRO': 'humble', 'LOGNAME': 'ubuntu', '_': '/usr/bin/colcon', 'ROS_VERSION': '2', 'XDG_SESSION_CLASS': 'user', 'TERM': 'xterm-256color', 'XDG_SESSION_ID': '1', 'ROS_LOCALHOST_ONLY': '0', 'BRICKPI3_ROOT_DIR': '/home/ubuntu/BrickPi3', 'PATH': '/home/ubuntu/.vscode-server/data/User/globalStorage/github.copilot-chat/debugCommand:/home/ubuntu/.vscode-server/data/User/globalStorage/github.copilot-chat/copilotCli:/home/ubuntu/.vscode-server/cli/servers/Stable-034f571df509819cc10b0c8129f66ef77a542f0e/server/bin/remote-cli:/opt/ros/humble/bin:/usr/local/sbin:/usr/local/bin:/usr/sbin:/usr/bin:/sbin:/bin:/usr/games:/usr/local/games:/snap/bin', 'XDG_RUNTIME_DIR': '/run/user/1000', 'LANG': 'C.UTF-8', 'LS_COLORS': 'rs=0:di=01;34:ln=01;36:mh=00:pi=40;33:so=01;35:do=01;35:bd=40;33;01:cd=40;33;01:or=40;31;01:mi=00:su=37;41:sg=30;43:ca=30;41:tw=30;42:ow=34;42:st=37;44:ex=01;32:*.tar=01;31:*.tgz=01;31:*.arc=01;31:*.arj=01;31:*.taz=01;31:*.lha=01;31:*.lz4=01;31:*.lzh=01;31:*.lzma=01;31:*.tlz=01;31:*.txz=01;31:*.tzo=01;31:*.t7z=01;31:*.zip=01;31:*.z=01;31:*.dz=01;31:*.gz=01;31:*.lrz=01;31:*.lz=01;31:*.lzo=01;31:*.xz=01;31:*.zst=01;31:*.tzst=01;31:*.bz2=01;31:*.bz=01;31:*.tbz=01;31:*.tbz2=01;31:*.tz=01;31:*.deb=01;31:*.rpm=01;31:*.jar=01;31:*.war=01;31:*.ear=01;31:*.sar=01;31:*.rar=01;31:*.alz=01;31:*.ace=01;31:*.zoo=01;31:*.cpio=01;31:*.7z=01;31:*.rz=01;31:*.cab=01;31:*.wim=01;31:*.swm=01;31:*.dwm=01;31:*.esd=01;31:*.jpg=01;35:*.jpeg=01;35:*.mjpg=01;35:*.mjpeg=01;35:*.gif=01;35:*.bmp=01;35:*.pbm=01;35:*.pgm=01;35:*.ppm=01;35:*.tga=01;35:*.xbm=01;35:*.xpm=01;35:*.tif=01;35:*.tiff=01;35:*.png=01;35:*.svg=01;35:*.svgz=01;35:*.mng=01;35:*.pcx=01;35:*.mov=01;35:*.mpg=01;35:*.mpeg=01;35:*.m2v=01;35:*.mkv=01;35:*.webm=01;35:*.webp=01;35:*.ogm=01;35:*.mp4=01;35:*.m4v=01;35:*.mp4v=01;35:*.vob=01;35:*.qt=01;35:*.nuv=01;35:*.wmv=01;35:*.asf=01;35:*.rm=01;35:*.rmvb=01;35:*.flc=01;35:*.avi=01;35:*.fli=01;35:*.flv=01;35:*.gl=01;35:*.dl=01;35:*.xcf=01;35:*.xwd=01;35:*.yuv=01;35:*.cgm=01;35:*.emf=01;35:*.ogv=01;35:*.ogx=01;35:*.aac=00;36:*.au=00;36:*.flac=00;36:*.m4a=00;36:*.mid=00;36:*.midi=00;36:*.mka=00;36:*.mp3=00;36:*.mpc=00;36:*.ogg=00;36:*.ra=00;36:*.wav=00;36:*.oga=00;36:*.opus=00;36:*.spx=00;36:*.xspf=00;36:', 'VSCODE_GIT_IPC_HANDLE': '/run/user/1000/vscode-git-c8a4b1bc73.sock', 'TERM_PROGRAM': 'vscode', 'ROS_DOMAIN_ID': '21', 'AMENT_PREFIX_PATH': '/opt/ros/humble', 'SHELL': '/bin/bash', 'LESSCLOSE': '/usr/bin/lesspipe %s %s', 'VSCODE_GIT_ASKPASS_EXTRA_ARGS': '', 'PWD': '/code/brickpi/build/brickpi3_sensors', 'SSH_CONNECTION': '192.168.10.163 49253 192.168.10.2 22', 'PYTHONPATH': '/code/brickpi/build/brickpi3_sensors/prefix_override:/usr/lib/python3/dist-packages/colcon_core/task/python/colcon_distutils_commands:/code/brickpi/install/brickpi3_sensors/lib/python3.10/site-packages:/opt/ros/humble/lib/python3.10/site-packages:/opt/ros/humble/local/lib/python3.10/dist-packages', 'COLCON': '1'}, 'shell': False}
[6.083463] (-) TimerEvent: {}
[6.156464] (brickpi3_motors) StdoutLine: {'line': b'-- Generating done\n'}
[6.163141] (rt_ros2) StdoutLine: {'line': b'-- Configuring done\n'}
[6.183643] (-) TimerEvent: {}
[6.207533] (brickpi3_motors) StdoutLine: {'line': b'-- Build files have been written to: /code/brickpi/build/brickpi3_motors\n'}
[6.283891] (-) TimerEvent: {}
[6.379247] (brickpi3_motors) StdoutLine: {'line': b'\x1b[35m\x1b[1mConsolidate compiler generated dependencies of target brickpi3_motors\x1b[0m\n'}
[6.384095] (-) TimerEvent: {}
[6.485099] (-) TimerEvent: {}
[6.513010] (rt_ros2) StdoutLine: {'line': b'-- Generating done\n'}
[6.567451] (rt_ros2) StdoutLine: {'line': b'-- Build files have been written to: /code/brickpi/build/rt_ros2\n'}
[6.585317] (-) TimerEvent: {}
[6.616287] (rt_ros2) CommandEnded: {'returncode': 0}
[6.629072] (rt_ros2) JobProgress: {'identifier': 'rt_ros2', 'progress': 'build'}
[6.629851] (rt_ros2) Command: {'cmd': ['/usr/bin/cmake', '--build', '/code/brickpi/build/rt_ros2', '--', '-j4', '-l4'], 'cwd': '/code/brickpi/build/rt_ros2', 'env': OrderedDict([('LESSOPEN', '| /usr/bin/lesspipe %s'), ('USER', 'ubuntu'), ('SSH_CLIENT', '192.168.10.163 49253 22'), ('XDG_SESSION_TYPE', 'tty'), ('GIT_ASKPASS', '/home/ubuntu/.vscode-server/cli/servers/Stable-034f571df509819cc10b0c8129f66ef77a542f0e/server/extensions/git/dist/askpass.sh'), ('SHLVL', '2'), ('LD_LIBRARY_PATH', '/opt/ros/humble/lib/aarch64-linux-gnu:/opt/ros/humble/lib'), ('BROWSER', '/home/ubuntu/.vscode-server/cli/servers/Stable-034f571df509819cc10b0c8129f66ef77a542f0e/server/bin/helpers/browser.sh'), ('MOTD_SHOWN', 'pam'), ('HOME', '/home/ubuntu'), ('OLDPWD', '/code'), ('TERM_PROGRAM_VERSION', '1.118.1'), ('VSCODE_IPC_HOOK_CLI', '/run/user/1000/vscode-ipc-b03cee94-e7c6-4be7-b6df-ca2867894430.sock'), ('ROS_PYTHON_VERSION', '3'), ('VSCODE_GIT_ASKPASS_MAIN', '/home/ubuntu/.vscode-server/cli/servers/Stable-034f571df509819cc10b0c8129f66ef77a542f0e/server/extensions/git/dist/askpass-main.js'), ('VSCODE_GIT_ASKPASS_NODE', '/home/ubuntu/.vscode-server/cli/servers/Stable-034f571df509819cc10b0c8129f66ef77a542f0e/server/node'), ('VSCODE_PYTHON_AUTOACTIVATE_GUARD', '1'), ('DBUS_SESSION_BUS_ADDRESS', 'unix:path=/run/user/1000/bus'), ('COLORTERM', 'truecolor'), ('ROS_DISTRO', 'humble'), ('LOGNAME', 'ubuntu'), ('_', '/usr/bin/colcon'), ('ROS_VERSION', '2'), ('XDG_SESSION_CLASS', 'user'), ('TERM', 'xterm-256color'), ('XDG_SESSION_ID', '1'), ('ROS_LOCALHOST_ONLY', '0'), ('BRICKPI3_ROOT_DIR', '/home/ubuntu/BrickPi3'), ('PATH', '/home/ubuntu/.vscode-server/data/User/globalStorage/github.copilot-chat/debugCommand:/home/ubuntu/.vscode-server/data/User/globalStorage/github.copilot-chat/copilotCli:/home/ubuntu/.vscode-server/cli/servers/Stable-034f571df509819cc10b0c8129f66ef77a542f0e/server/bin/remote-cli:/opt/ros/humble/bin:/usr/local/sbin:/usr/local/bin:/usr/sbin:/usr/bin:/sbin:/bin:/usr/games:/usr/local/games:/snap/bin'), ('XDG_RUNTIME_DIR', '/run/user/1000'), ('LANG', 'C.UTF-8'), ('LS_COLORS', 'rs=0:di=01;34:ln=01;36:mh=00:pi=40;33:so=01;35:do=01;35:bd=40;33;01:cd=40;33;01:or=40;31;01:mi=00:su=37;41:sg=30;43:ca=30;41:tw=30;42:ow=34;42:st=37;44:ex=01;32:*.tar=01;31:*.tgz=01;31:*.arc=01;31:*.arj=01;31:*.taz=01;31:*.lha=01;31:*.lz4=01;31:*.lzh=01;31:*.lzma=01;31:*.tlz=01;31:*.txz=01;31:*.tzo=01;31:*.t7z=01;31:*.zip=01;31:*.z=01;31:*.dz=01;31:*.gz=01;31:*.lrz=01;31:*.lz=01;31:*.lzo=01;31:*.xz=01;31:*.zst=01;31:*.tzst=01;31:*.bz2=01;31:*.bz=01;31:*.tbz=01;31:*.tbz2=01;31:*.tz=01;31:*.deb=01;31:*.rpm=01;31:*.jar=01;31:*.war=01;31:*.ear=01;31:*.sar=01;31:*.rar=01;31:*.alz=01;31:*.ace=01;31:*.zoo=01;31:*.cpio=01;31:*.7z=01;31:*.rz=01;31:*.cab=01;31:*.wim=01;31:*.swm=01;31:*.dwm=01;31:*.esd=01;31:*.jpg=01;35:*.jpeg=01;35:*.mjpg=01;35:*.mjpeg=01;35:*.gif=01;35:*.bmp=01;35:*.pbm=01;35:*.pgm=01;35:*.ppm=01;35:*.tga=01;35:*.xbm=01;35:*.xpm=01;35:*.tif=01;35:*.tiff=01;35:*.png=01;35:*.svg=01;35:*.svgz=01;35:*.mng=01;35:*.pcx=01;35:*.mov=01;35:*.mpg=01;35:*.mpeg=01;35:*.m2v=01;35:*.mkv=01;35:*.webm=01;35:*.webp=01;35:*.ogm=01;35:*.mp4=01;35:*.m4v=01;35:*.mp4v=01;35:*.vob=01;35:*.qt=01;35:*.nuv=01;35:*.wmv=01;35:*.asf=01;35:*.rm=01;35:*.rmvb=01;35:*.flc=01;35:*.avi=01;35:*.fli=01;35:*.flv=01;35:*.gl=01;35:*.dl=01;35:*.xcf=01;35:*.xwd=01;35:*.yuv=01;35:*.cgm=01;35:*.emf=01;35:*.ogv=01;35:*.ogx=01;35:*.aac=00;36:*.au=00;36:*.flac=00;36:*.m4a=00;36:*.mid=00;36:*.midi=00;36:*.mka=00;36:*.mp3=00;36:*.mpc=00;36:*.ogg=00;36:*.ra=00;36:*.wav=00;36:*.oga=00;36:*.opus=00;36:*.spx=00;36:*.xspf=00;36:'), ('VSCODE_GIT_IPC_HANDLE', '/run/user/1000/vscode-git-c8a4b1bc73.sock'), ('TERM_PROGRAM', 'vscode'), ('ROS_DOMAIN_ID', '21'), ('AMENT_PREFIX_PATH', '/opt/ros/humble'), ('SHELL', '/bin/bash'), ('LESSCLOSE', '/usr/bin/lesspipe %s %s'), ('VSCODE_GIT_ASKPASS_EXTRA_ARGS', ''), ('PWD', '/code/brickpi/build/rt_ros2'), ('SSH_CONNECTION', '192.168.10.163 49253 192.168.10.2 22'), ('PYTHONPATH', '/opt/ros/humble/lib/python3.10/site-packages:/opt/ros/humble/local/lib/python3.10/dist-packages'), ('COLCON', '1'), ('CMAKE_PREFIX_PATH', '/opt/ros/humble')]), 'shell': False}
[6.635097] (brickpi3_motors) StdoutLine: {'line': b'[100%] Built target brickpi3_motors\n'}
[6.682991] (brickpi3_motors) CommandEnded: {'returncode': 0}
[6.685945] (-) TimerEvent: {}
[6.687566] (brickpi3_motors) JobProgress: {'identifier': 'brickpi3_motors', 'progress': 'install'}
[6.690594] (brickpi3_motors) Command: {'cmd': ['/usr/bin/cmake', '--install', '/code/brickpi/build/brickpi3_motors'], 'cwd': '/code/brickpi/build/brickpi3_motors', 'env': OrderedDict([('LESSOPEN', '| /usr/bin/lesspipe %s'), ('USER', 'ubuntu'), ('SSH_CLIENT', '192.168.10.163 49253 22'), ('XDG_SESSION_TYPE', 'tty'), ('GIT_ASKPASS', '/home/ubuntu/.vscode-server/cli/servers/Stable-034f571df509819cc10b0c8129f66ef77a542f0e/server/extensions/git/dist/askpass.sh'), ('SHLVL', '2'), ('LD_LIBRARY_PATH', '/opt/ros/humble/lib/aarch64-linux-gnu:/opt/ros/humble/lib'), ('BROWSER', '/home/ubuntu/.vscode-server/cli/servers/Stable-034f571df509819cc10b0c8129f66ef77a542f0e/server/bin/helpers/browser.sh'), ('MOTD_SHOWN', 'pam'), ('HOME', '/home/ubuntu'), ('OLDPWD', '/code'), ('TERM_PROGRAM_VERSION', '1.118.1'), ('VSCODE_IPC_HOOK_CLI', '/run/user/1000/vscode-ipc-b03cee94-e7c6-4be7-b6df-ca2867894430.sock'), ('ROS_PYTHON_VERSION', '3'), ('VSCODE_GIT_ASKPASS_MAIN', '/home/ubuntu/.vscode-server/cli/servers/Stable-034f571df509819cc10b0c8129f66ef77a542f0e/server/extensions/git/dist/askpass-main.js'), ('VSCODE_GIT_ASKPASS_NODE', '/home/ubuntu/.vscode-server/cli/servers/Stable-034f571df509819cc10b0c8129f66ef77a542f0e/server/node'), ('VSCODE_PYTHON_AUTOACTIVATE_GUARD', '1'), ('DBUS_SESSION_BUS_ADDRESS', 'unix:path=/run/user/1000/bus'), ('COLORTERM', 'truecolor'), ('ROS_DISTRO', 'humble'), ('LOGNAME', 'ubuntu'), ('_', '/usr/bin/colcon'), ('ROS_VERSION', '2'), ('XDG_SESSION_CLASS', 'user'), ('TERM', 'xterm-256color'), ('XDG_SESSION_ID', '1'), ('ROS_LOCALHOST_ONLY', '0'), ('BRICKPI3_ROOT_DIR', '/home/ubuntu/BrickPi3'), ('PATH', '/home/ubuntu/.vscode-server/data/User/globalStorage/github.copilot-chat/debugCommand:/home/ubuntu/.vscode-server/data/User/globalStorage/github.copilot-chat/copilotCli:/home/ubuntu/.vscode-server/cli/servers/Stable-034f571df509819cc10b0c8129f66ef77a542f0e/server/bin/remote-cli:/opt/ros/humble/bin:/usr/local/sbin:/usr/local/bin:/usr/sbin:/usr/bin:/sbin:/bin:/usr/games:/usr/local/games:/snap/bin'), ('XDG_RUNTIME_DIR', '/run/user/1000'), ('LANG', 'C.UTF-8'), ('LS_COLORS', 'rs=0:di=01;34:ln=01;36:mh=00:pi=40;33:so=01;35:do=01;35:bd=40;33;01:cd=40;33;01:or=40;31;01:mi=00:su=37;41:sg=30;43:ca=30;41:tw=30;42:ow=34;42:st=37;44:ex=01;32:*.tar=01;31:*.tgz=01;31:*.arc=01;31:*.arj=01;31:*.taz=01;31:*.lha=01;31:*.lz4=01;31:*.lzh=01;31:*.lzma=01;31:*.tlz=01;31:*.txz=01;31:*.tzo=01;31:*.t7z=01;31:*.zip=01;31:*.z=01;31:*.dz=01;31:*.gz=01;31:*.lrz=01;31:*.lz=01;31:*.lzo=01;31:*.xz=01;31:*.zst=01;31:*.tzst=01;31:*.bz2=01;31:*.bz=01;31:*.tbz=01;31:*.tbz2=01;31:*.tz=01;31:*.deb=01;31:*.rpm=01;31:*.jar=01;31:*.war=01;31:*.ear=01;31:*.sar=01;31:*.rar=01;31:*.alz=01;31:*.ace=01;31:*.zoo=01;31:*.cpio=01;31:*.7z=01;31:*.rz=01;31:*.cab=01;31:*.wim=01;31:*.swm=01;31:*.dwm=01;31:*.esd=01;31:*.jpg=01;35:*.jpeg=01;35:*.mjpg=01;35:*.mjpeg=01;35:*.gif=01;35:*.bmp=01;35:*.pbm=01;35:*.pgm=01;35:*.ppm=01;35:*.tga=01;35:*.xbm=01;35:*.xpm=01;35:*.tif=01;35:*.tiff=01;35:*.png=01;35:*.svg=01;35:*.svgz=01;35:*.mng=01;35:*.pcx=01;35:*.mov=01;35:*.mpg=01;35:*.mpeg=01;35:*.m2v=01;35:*.mkv=01;35:*.webm=01;35:*.webp=01;35:*.ogm=01;35:*.mp4=01;35:*.m4v=01;35:*.mp4v=01;35:*.vob=01;35:*.qt=01;35:*.nuv=01;35:*.wmv=01;35:*.asf=01;35:*.rm=01;35:*.rmvb=01;35:*.flc=01;35:*.avi=01;35:*.fli=01;35:*.flv=01;35:*.gl=01;35:*.dl=01;35:*.xcf=01;35:*.xwd=01;35:*.yuv=01;35:*.cgm=01;35:*.emf=01;35:*.ogv=01;35:*.ogx=01;35:*.aac=00;36:*.au=00;36:*.flac=00;36:*.m4a=00;36:*.mid=00;36:*.midi=00;36:*.mka=00;36:*.mp3=00;36:*.mpc=00;36:*.ogg=00;36:*.ra=00;36:*.wav=00;36:*.oga=00;36:*.opus=00;36:*.spx=00;36:*.xspf=00;36:'), ('VSCODE_GIT_IPC_HANDLE', '/run/user/1000/vscode-git-c8a4b1bc73.sock'), ('TERM_PROGRAM', 'vscode'), ('ROS_DOMAIN_ID', '21'), ('AMENT_PREFIX_PATH', '/opt/ros/humble'), ('SHELL', '/bin/bash'), ('LESSCLOSE', '/usr/bin/lesspipe %s %s'), ('VSCODE_GIT_ASKPASS_EXTRA_ARGS', ''), ('PWD', '/code/brickpi/build/brickpi3_motors'), ('SSH_CONNECTION', '192.168.10.163 49253 192.168.10.2 22'), ('PYTHONPATH', '/opt/ros/humble/lib/python3.10/site-packages:/opt/ros/humble/local/lib/python3.10/dist-packages'), ('COLCON', '1'), ('CMAKE_PREFIX_PATH', '/opt/ros/humble')]), 'shell': False}
[6.743860] (brickpi3_motors) StdoutLine: {'line': b'-- Install configuration: ""\n'}
[6.748878] (brickpi3_motors) StdoutLine: {'line': b'-- Execute custom install script\n'}
[6.749642] (brickpi3_motors) StdoutLine: {'line': b'-- Up-to-date symlink: /code/brickpi/install/brickpi3_motors/share/brickpi3_motors//brickpi3_motors.xml\n'}
[6.761877] (brickpi3_motors) StdoutLine: {'line': b'-- Symlinking: /code/brickpi/install/brickpi3_motors/include/brickpi3_motors/.DS_Store\n'}
[6.792288] (-) TimerEvent: {}
[6.799883] (brickpi3_motors) StdoutLine: {'line': b'-- Symlinking: /code/brickpi/install/brickpi3_motors/include/brickpi3_motors/._.DS_Store\n'}
[6.873864] (brickpi3_motors) StdoutLine: {'line': b'-- Up-to-date symlink: /code/brickpi/install/brickpi3_motors/include/brickpi3_motors/brickpi3_motors/brickpi3_motors.hpp\n'}
[6.874821] (brickpi3_motors) StdoutLine: {'line': b'-- Up-to-date symlink: /code/brickpi/install/brickpi3_motors/share/brickpi3_motors/environment/library_path.sh\n'}
[6.875587] (brickpi3_motors) StdoutLine: {'line': b'-- Up-to-date symlink: /code/brickpi/install/brickpi3_motors/share/brickpi3_motors/environment/library_path.dsv\n'}
[6.876623] (brickpi3_motors) StdoutLine: {'line': b'-- Up-to-date symlink: /code/brickpi/install/brickpi3_motors/share/ament_index/resource_index/package_run_dependencies/brickpi3_motors\n'}
[6.877495] (brickpi3_motors) StdoutLine: {'line': b'-- Up-to-date symlink: /code/brickpi/install/brickpi3_motors/share/ament_index/resource_index/parent_prefix_path/brickpi3_motors\n'}
[6.891871] (brickpi3_motors) StdoutLine: {'line': b'-- Up-to-date symlink: /code/brickpi/install/brickpi3_motors/share/brickpi3_motors/environment/ament_prefix_path.sh\n'}
[6.894819] (-) TimerEvent: {}
[6.908965] (brickpi3_motors) StdoutLine: {'line': b'-- Up-to-date symlink: /code/brickpi/install/brickpi3_motors/share/brickpi3_motors/environment/ament_prefix_path.dsv\n'}
[6.909978] (brickpi3_motors) StdoutLine: {'line': b'-- Up-to-date symlink: /code/brickpi/install/brickpi3_motors/share/brickpi3_motors/environment/path.sh\n'}
[6.913853] (brickpi3_motors) StdoutLine: {'line': b'-- Up-to-date symlink: /code/brickpi/install/brickpi3_motors/share/brickpi3_motors/environment/path.dsv\n'}
[6.916911] (rt_ros2) StdoutLine: {'line': b'\x1b[35m\x1b[1mConsolidate compiler generated dependencies of target cactus_tracing_embedded_perfetto_protos\x1b[0m\n'}
[6.921314] (brickpi3_motors) StdoutLine: {'line': b'-- Up-to-date symlink: /code/brickpi/install/brickpi3_motors/share/brickpi3_motors/local_setup.bash\n'}
[6.931196] (brickpi3_motors) StdoutLine: {'line': b'-- Up-to-date symlink: /code/brickpi/install/brickpi3_motors/share/brickpi3_motors/local_setup.sh\n'}
[6.934157] (brickpi3_motors) StdoutLine: {'line': b'-- Up-to-date symlink: /code/brickpi/install/brickpi3_motors/share/brickpi3_motors/local_setup.zsh\n'}
[6.935439] (brickpi3_motors) StdoutLine: {'line': b'-- Up-to-date symlink: /code/brickpi/install/brickpi3_motors/share/brickpi3_motors/local_setup.dsv\n'}
[6.936365] (brickpi3_motors) StdoutLine: {'line': b'-- Symlinking: /code/brickpi/install/brickpi3_motors/share/brickpi3_motors/package.dsv\n'}
[6.996324] (-) TimerEvent: {}
[7.023922] (rt_ros2) StdoutLine: {'line': b'\x1b[35m\x1b[1mConsolidate compiler generated dependencies of target quill\x1b[0m\n'}
[7.041456] (brickpi3_motors) StdoutLine: {'line': b'-- Up-to-date symlink: /code/brickpi/install/brickpi3_motors/share/ament_index/resource_index/packages/brickpi3_motors\n'}
[7.043519] (brickpi3_motors) StdoutLine: {'line': b'-- Up-to-date symlink: /code/brickpi/install/brickpi3_motors/share/ament_index/resource_index/hardware_interface__pluginlib__plugin/brickpi3_motors\n'}
[7.045050] (brickpi3_motors) StdoutLine: {'line': b'-- Up-to-date symlink: /code/brickpi/install/brickpi3_motors/share/brickpi3_motors/cmake/ament_cmake_export_targets-extras.cmake\n'}
[7.046963] (brickpi3_motors) StdoutLine: {'line': b'-- Up-to-date symlink: /code/brickpi/install/brickpi3_motors/share/brickpi3_motors/cmake/ament_cmake_export_dependencies-extras.cmake\n'}
[7.048556] (brickpi3_motors) StdoutLine: {'line': b'-- Up-to-date symlink: /code/brickpi/install/brickpi3_motors/share/brickpi3_motors/cmake/brickpi3_motorsConfig.cmake\n'}
[7.049935] (brickpi3_motors) StdoutLine: {'line': b'-- Up-to-date symlink: /code/brickpi/install/brickpi3_motors/share/brickpi3_motors/cmake/brickpi3_motorsConfig-version.cmake\n'}
[7.051465] (brickpi3_motors) StdoutLine: {'line': b'-- Up-to-date symlink: /code/brickpi/install/brickpi3_motors/share/brickpi3_motors/package.xml\n'}
[7.058859] (brickpi3_motors) StdoutLine: {'line': b'-- Up-to-date: /code/brickpi/install/brickpi3_motors/lib/libbrickpi3_motors.so\n'}
[7.062523] (brickpi3_motors) StdoutLine: {'line': b'-- Up-to-date: /code/brickpi/install/brickpi3_motors/share/brickpi3_motors/cmake/export_brickpi3_motorsExport.cmake\n'}
[7.063433] (brickpi3_motors) StdoutLine: {'line': b'-- Up-to-date: /code/brickpi/install/brickpi3_motors/share/brickpi3_motors/cmake/export_brickpi3_motorsExport-noconfig.cmake\n'}
[7.079369] (brickpi3_motors) CommandEnded: {'returncode': 0}
[7.096611] (-) TimerEvent: {}
[7.113251] (rt_ros2) StdoutLine: {'line': b'[  1%] \x1b[32mBuilding CXX object CMakeFiles/nodo_test.dir/test/nodo_test.cpp.o\x1b[0m\n'}
[7.119103] (rt_ros2) StdoutLine: {'line': b'[ 31%] Built target cactus_tracing_embedded_perfetto_protos\n'}
[7.197252] (-) TimerEvent: {}
[7.237799] (brickpi3_motors) JobEnded: {'identifier': 'brickpi3_motors', 'rc': 0}
[7.246721] (brickpi3_charlie) JobStarted: {'identifier': 'brickpi3_charlie'}
[7.297834] (-) TimerEvent: {}
[7.401126] (-) TimerEvent: {}
[7.405243] (rt_ros2) StdoutLine: {'line': b'[ 75%] Built target quill\n'}
[7.501325] (-) TimerEvent: {}
[7.525840] (rt_ros2) StdoutLine: {'line': b'\x1b[35m\x1b[1mConsolidate compiler generated dependencies of target cactus_rt\x1b[0m\n'}
[7.601617] (-) TimerEvent: {}
[7.702799] (-) TimerEvent: {}
[7.733076] (rt_ros2) StdoutLine: {'line': b'[ 91%] Built target cactus_rt\n'}
[7.807853] (-) TimerEvent: {}
[7.835828] (rt_ros2) StdoutLine: {'line': b'\x1b[35m\x1b[1mConsolidate compiler generated dependencies of target rt_ros2\x1b[0m\n'}
[7.908120] (-) TimerEvent: {}
[8.009435] (-) TimerEvent: {}
[8.110645] (-) TimerEvent: {}
[8.167844] (rt_ros2) StdoutLine: {'line': b'[ 92%] \x1b[32mBuilding CXX object CMakeFiles/rt_ros2.dir/src/main.cc.o\x1b[0m\n'}
[8.205198] (rt_ros2) StdoutLine: {'line': b'[ 94%] \x1b[32mBuilding CXX object CMakeFiles/rt_ros2.dir/src/nodo_maquina_estados.cpp.o\x1b[0m\n'}
[8.210861] (-) TimerEvent: {}
[8.225030] (brickpi3_sensors) StdoutLine: {'line': b'running develop\n'}
[8.311054] (-) TimerEvent: {}
[8.412326] (-) TimerEvent: {}
[8.513529] (-) TimerEvent: {}
[8.614938] (-) TimerEvent: {}
[8.716268] (-) TimerEvent: {}
[8.817595] (-) TimerEvent: {}
[8.918996] (-) TimerEvent: {}
[9.021940] (-) TimerEvent: {}
[9.127132] (-) TimerEvent: {}
[9.228310] (-) TimerEvent: {}
[9.329424] (-) TimerEvent: {}
[9.430501] (-) TimerEvent: {}
[9.533329] (-) TimerEvent: {}
[9.578203] (brickpi3_sensors) StdoutLine: {'line': b'running egg_info\n'}
[9.581335] (brickpi3_sensors) StdoutLine: {'line': b'writing brickpi3_sensors.egg-info/PKG-INFO\n'}
[9.585060] (brickpi3_sensors) StdoutLine: {'line': b'writing dependency_links to brickpi3_sensors.egg-info/dependency_links.txt\n'}
[9.587047] (brickpi3_sensors) StdoutLine: {'line': b'writing entry points to brickpi3_sensors.egg-info/entry_points.txt\n'}
[9.589868] (brickpi3_sensors) StdoutLine: {'line': b'writing requirements to brickpi3_sensors.egg-info/requires.txt\n'}
[9.592761] (brickpi3_sensors) StdoutLine: {'line': b'writing top-level names to brickpi3_sensors.egg-info/top_level.txt\n'}
[9.595211] (brickpi3_sensors) StdoutLine: {'line': b"reading manifest file 'brickpi3_sensors.egg-info/SOURCES.txt'\n"}
[9.601396] (brickpi3_sensors) StdoutLine: {'line': b"writing manifest file 'brickpi3_sensors.egg-info/SOURCES.txt'\n"}
[9.608415] (brickpi3_sensors) StdoutLine: {'line': b'running build_ext\n'}
[9.611379] (brickpi3_sensors) StdoutLine: {'line': b'Creating /code/brickpi/install/brickpi3_sensors/lib/python3.10/site-packages/brickpi3-sensors.egg-link (link to .)\n'}
[9.616713] (brickpi3_sensors) StdoutLine: {'line': b'Installing battery_node script to /code/brickpi/install/brickpi3_sensors/lib/brickpi3_sensors\n'}
[9.621367] (brickpi3_sensors) StdoutLine: {'line': b'Installing color_sensor_node script to /code/brickpi/install/brickpi3_sensors/lib/brickpi3_sensors\n'}
[9.622041] (brickpi3_sensors) StdoutLine: {'line': b'Installing compass_node script to /code/brickpi/install/brickpi3_sensors/lib/brickpi3_sensors\n'}
[9.622555] (brickpi3_sensors) StdoutLine: {'line': b'Installing differential_drive_node script to /code/brickpi/install/brickpi3_sensors/lib/brickpi3_sensors\n'}
[9.627246] (brickpi3_sensors) StdoutLine: {'line': b'Installing gyro_node script to /code/brickpi/install/brickpi3_sensors/lib/brickpi3_sensors\n'}
[9.630112] (brickpi3_sensors) StdoutLine: {'line': b'Installing infrared_distance_node script to /code/brickpi/install/brickpi3_sensors/lib/brickpi3_sensors\n'}
[9.633497] (-) TimerEvent: {}
[9.636808] (brickpi3_sensors) StdoutLine: {'line': b'Installing light_sensor_node script to /code/brickpi/install/brickpi3_sensors/lib/brickpi3_sensors\n'}
[9.645356] (brickpi3_sensors) StdoutLine: {'line': b'Installing touch_sensor_node script to /code/brickpi/install/brickpi3_sensors/lib/brickpi3_sensors\n'}
[9.649964] (brickpi3_sensors) StdoutLine: {'line': b'Installing ultrasonic_distance_node script to /code/brickpi/install/brickpi3_sensors/lib/brickpi3_sensors\n'}
[9.656937] (brickpi3_sensors) StdoutLine: {'line': b'\n'}
[9.659351] (brickpi3_sensors) StdoutLine: {'line': b'Installed /code/brickpi/build/brickpi3_sensors\n'}
[9.662156] (brickpi3_sensors) StdoutLine: {'line': b'running symlink_data\n'}
[9.733916] (-) TimerEvent: {}
[9.839873] (-) TimerEvent: {}
[9.896782] (brickpi3_sensors) CommandEnded: {'returncode': 0}
[9.940060] (-) TimerEvent: {}
[10.028058] (brickpi3_sensors) JobEnded: {'identifier': 'brickpi3_sensors', 'rc': 0}
[10.040278] (-) TimerEvent: {}
[10.141518] (-) TimerEvent: {}
[10.242826] (-) TimerEvent: {}
[10.344149] (-) TimerEvent: {}
[10.445395] (-) TimerEvent: {}
[10.546620] (-) TimerEvent: {}
[10.647873] (-) TimerEvent: {}
[10.749050] (-) TimerEvent: {}
[10.850796] (-) TimerEvent: {}
[10.951901] (-) TimerEvent: {}
[11.053924] (-) TimerEvent: {}
[11.155057] (-) TimerEvent: {}
[11.256322] (-) TimerEvent: {}
[11.357605] (-) TimerEvent: {}
[11.460129] (-) TimerEvent: {}
[11.564184] (-) TimerEvent: {}
[11.670877] (-) TimerEvent: {}
[11.675132] (brickpi3_charlie) Command: {'cmd': ['/usr/bin/python3', '-W', 'ignore:setup.py install is deprecated', '-W', 'ignore:easy_install command is deprecated', 'setup.py', 'develop', '--editable', '--build-directory', '/code/brickpi/build/brickpi3_charlie/build', '--no-deps', 'symlink_data'], 'cwd': '/code/brickpi/build/brickpi3_charlie', 'env': {'LESSOPEN': '| /usr/bin/lesspipe %s', 'USER': 'ubuntu', 'SSH_CLIENT': '192.168.10.163 49253 22', 'XDG_SESSION_TYPE': 'tty', 'GIT_ASKPASS': '/home/ubuntu/.vscode-server/cli/servers/Stable-034f571df509819cc10b0c8129f66ef77a542f0e/server/extensions/git/dist/askpass.sh', 'SHLVL': '2', 'LD_LIBRARY_PATH': '/code/brickpi/install/brickpi3_motors/lib:/opt/ros/humble/lib/aarch64-linux-gnu:/opt/ros/humble/lib', 'BROWSER': '/home/ubuntu/.vscode-server/cli/servers/Stable-034f571df509819cc10b0c8129f66ef77a542f0e/server/bin/helpers/browser.sh', 'MOTD_SHOWN': 'pam', 'HOME': '/home/ubuntu', 'OLDPWD': '/code', 'TERM_PROGRAM_VERSION': '1.118.1', 'VSCODE_IPC_HOOK_CLI': '/run/user/1000/vscode-ipc-b03cee94-e7c6-4be7-b6df-ca2867894430.sock', 'ROS_PYTHON_VERSION': '3', 'VSCODE_GIT_ASKPASS_MAIN': '/home/ubuntu/.vscode-server/cli/servers/Stable-034f571df509819cc10b0c8129f66ef77a542f0e/server/extensions/git/dist/askpass-main.js', 'VSCODE_GIT_ASKPASS_NODE': '/home/ubuntu/.vscode-server/cli/servers/Stable-034f571df509819cc10b0c8129f66ef77a542f0e/server/node', 'VSCODE_PYTHON_AUTOACTIVATE_GUARD': '1', 'DBUS_SESSION_BUS_ADDRESS': 'unix:path=/run/user/1000/bus', 'COLORTERM': 'truecolor', 'ROS_DISTRO': 'humble', 'LOGNAME': 'ubuntu', '_': '/usr/bin/colcon', 'ROS_VERSION': '2', 'XDG_SESSION_CLASS': 'user', 'TERM': 'xterm-256color', 'XDG_SESSION_ID': '1', 'ROS_LOCALHOST_ONLY': '0', 'BRICKPI3_ROOT_DIR': '/home/ubuntu/BrickPi3', 'PATH': '/home/ubuntu/.vscode-server/data/User/globalStorage/github.copilot-chat/debugCommand:/home/ubuntu/.vscode-server/data/User/globalStorage/github.copilot-chat/copilotCli:/home/ubuntu/.vscode-server/cli/servers/Stable-034f571df509819cc10b0c8129f66ef77a542f0e/server/bin/remote-cli:/opt/ros/humble/bin:/usr/local/sbin:/usr/local/bin:/usr/sbin:/usr/bin:/sbin:/bin:/usr/games:/usr/local/games:/snap/bin', 'XDG_RUNTIME_DIR': '/run/user/1000', 'LANG': 'C.UTF-8', 'LS_COLORS': 'rs=0:di=01;34:ln=01;36:mh=00:pi=40;33:so=01;35:do=01;35:bd=40;33;01:cd=40;33;01:or=40;31;01:mi=00:su=37;41:sg=30;43:ca=30;41:tw=30;42:ow=34;42:st=37;44:ex=01;32:*.tar=01;31:*.tgz=01;31:*.arc=01;31:*.arj=01;31:*.taz=01;31:*.lha=01;31:*.lz4=01;31:*.lzh=01;31:*.lzma=01;31:*.tlz=01;31:*.txz=01;31:*.tzo=01;31:*.t7z=01;31:*.zip=01;31:*.z=01;31:*.dz=01;31:*.gz=01;31:*.lrz=01;31:*.lz=01;31:*.lzo=01;31:*.xz=01;31:*.zst=01;31:*.tzst=01;31:*.bz2=01;31:*.bz=01;31:*.tbz=01;31:*.tbz2=01;31:*.tz=01;31:*.deb=01;31:*.rpm=01;31:*.jar=01;31:*.war=01;31:*.ear=01;31:*.sar=01;31:*.rar=01;31:*.alz=01;31:*.ace=01;31:*.zoo=01;31:*.cpio=01;31:*.7z=01;31:*.rz=01;31:*.cab=01;31:*.wim=01;31:*.swm=01;31:*.dwm=01;31:*.esd=01;31:*.jpg=01;35:*.jpeg=01;35:*.mjpg=01;35:*.mjpeg=01;35:*.gif=01;35:*.bmp=01;35:*.pbm=01;35:*.pgm=01;35:*.ppm=01;35:*.tga=01;35:*.xbm=01;35:*.xpm=01;35:*.tif=01;35:*.tiff=01;35:*.png=01;35:*.svg=01;35:*.svgz=01;35:*.mng=01;35:*.pcx=01;35:*.mov=01;35:*.mpg=01;35:*.mpeg=01;35:*.m2v=01;35:*.mkv=01;35:*.webm=01;35:*.webp=01;35:*.ogm=01;35:*.mp4=01;35:*.m4v=01;35:*.mp4v=01;35:*.vob=01;35:*.qt=01;35:*.nuv=01;35:*.wmv=01;35:*.asf=01;35:*.rm=01;35:*.rmvb=01;35:*.flc=01;35:*.avi=01;35:*.fli=01;35:*.flv=01;35:*.gl=01;35:*.dl=01;35:*.xcf=01;35:*.xwd=01;35:*.yuv=01;35:*.cgm=01;35:*.emf=01;35:*.ogv=01;35:*.ogx=01;35:*.aac=00;36:*.au=00;36:*.flac=00;36:*.m4a=00;36:*.mid=00;36:*.midi=00;36:*.mka=00;36:*.mp3=00;36:*.mpc=00;36:*.ogg=00;36:*.ra=00;36:*.wav=00;36:*.oga=00;36:*.opus=00;36:*.spx=00;36:*.xspf=00;36:', 'VSCODE_GIT_IPC_HANDLE': '/run/user/1000/vscode-git-c8a4b1bc73.sock', 'TERM_PROGRAM': 'vscode', 'ROS_DOMAIN_ID': '21', 'AMENT_PREFIX_PATH': '/code/brickpi/install/brickpi3_motors:/opt/ros/humble', 'SHELL': '/bin/bash', 'LESSCLOSE': '/usr/bin/lesspipe %s %s', 'VSCODE_GIT_ASKPASS_EXTRA_ARGS': '', 'PWD': '/code/brickpi/build/brickpi3_charlie', 'SSH_CONNECTION': '192.168.10.163 49253 192.168.10.2 22', 'PYTHONPATH': '/code/brickpi/build/brickpi3_charlie/prefix_override:/usr/lib/python3/dist-packages/colcon_core/task/python/colcon_distutils_commands:/code/brickpi/install/brickpi3_charlie/lib/python3.10/site-packages:/opt/ros/humble/lib/python3.10/site-packages:/opt/ros/humble/local/lib/python3.10/dist-packages', 'COLCON': '1', 'CMAKE_PREFIX_PATH': '/code/brickpi/install/brickpi3_motors'}, 'shell': False}
[11.771167] (-) TimerEvent: {}
[11.875299] (-) TimerEvent: {}
[11.977560] (-) TimerEvent: {}
[12.080848] (-) TimerEvent: {}
[12.183919] (-) TimerEvent: {}
[12.286879] (-) TimerEvent: {}
[12.388409] (-) TimerEvent: {}
[12.489918] (-) TimerEvent: {}
[12.591520] (-) TimerEvent: {}
[12.693157] (-) TimerEvent: {}
[12.794931] (-) TimerEvent: {}
[12.896608] (-) TimerEvent: {}
[13.007578] (-) TimerEvent: {}
[13.109549] (-) TimerEvent: {}
[13.211217] (-) TimerEvent: {}
[13.314833] (-) TimerEvent: {}
[13.416803] (-) TimerEvent: {}
[13.518747] (-) TimerEvent: {}
[13.620763] (-) TimerEvent: {}
[13.722937] (-) TimerEvent: {}
[13.826800] (-) TimerEvent: {}
[13.928385] (-) TimerEvent: {}
[14.030487] (-) TimerEvent: {}
[14.132234] (-) TimerEvent: {}
[14.234080] (-) TimerEvent: {}
[14.336014] (-) TimerEvent: {}
[14.437825] (-) TimerEvent: {}
[14.492768] (brickpi3_charlie) StdoutLine: {'line': b'running develop\n'}
[14.538131] (-) TimerEvent: {}
[14.639869] (-) TimerEvent: {}
[14.741343] (-) TimerEvent: {}
[14.843079] (-) TimerEvent: {}
[14.944827] (-) TimerEvent: {}
[15.047860] (-) TimerEvent: {}
[15.151004] (-) TimerEvent: {}
[15.253564] (-) TimerEvent: {}
[15.355396] (-) TimerEvent: {}
[15.456990] (-) TimerEvent: {}
[15.558572] (-) TimerEvent: {}
[15.660103] (-) TimerEvent: {}
[15.761850] (-) TimerEvent: {}
[15.863557] (-) TimerEvent: {}
[15.965228] (-) TimerEvent: {}
[16.066956] (-) TimerEvent: {}
[16.168903] (-) TimerEvent: {}
[16.271043] (-) TimerEvent: {}
[16.372732] (-) TimerEvent: {}
[16.409318] (brickpi3_charlie) StdoutLine: {'line': b'running egg_info\n'}
[16.411899] (brickpi3_charlie) StdoutLine: {'line': b'writing brickpi3_charlie.egg-info/PKG-INFO\n'}
[16.416468] (brickpi3_charlie) StdoutLine: {'line': b'writing dependency_links to brickpi3_charlie.egg-info/dependency_links.txt\n'}
[16.420305] (brickpi3_charlie) StdoutLine: {'line': b'writing entry points to brickpi3_charlie.egg-info/entry_points.txt\n'}
[16.423976] (brickpi3_charlie) StdoutLine: {'line': b'writing requirements to brickpi3_charlie.egg-info/requires.txt\n'}
[16.427633] (brickpi3_charlie) StdoutLine: {'line': b'writing top-level names to brickpi3_charlie.egg-info/top_level.txt\n'}
[16.441013] (brickpi3_charlie) StdoutLine: {'line': b"reading manifest file 'brickpi3_charlie.egg-info/SOURCES.txt'\n"}
[16.448391] (brickpi3_charlie) StdoutLine: {'line': b"writing manifest file 'brickpi3_charlie.egg-info/SOURCES.txt'\n"}
[16.458123] (brickpi3_charlie) StdoutLine: {'line': b'running build_ext\n'}
[16.462062] (brickpi3_charlie) StdoutLine: {'line': b'Creating /code/brickpi/install/brickpi3_charlie/lib/python3.10/site-packages/brickpi3-charlie.egg-link (link to .)\n'}
[16.467903] (brickpi3_charlie) StdoutLine: {'line': b'\n'}
[16.471037] (brickpi3_charlie) StdoutLine: {'line': b'Installed /code/brickpi/build/brickpi3_charlie\n'}
[16.475589] (-) TimerEvent: {}
[16.480885] (brickpi3_charlie) StdoutLine: {'line': b'running symlink_data\n'}
[16.575955] (-) TimerEvent: {}
[16.680939] (-) TimerEvent: {}
[16.738626] (brickpi3_charlie) CommandEnded: {'returncode': 0}
[16.781236] (-) TimerEvent: {}
[16.864057] (brickpi3_charlie) JobEnded: {'identifier': 'brickpi3_charlie', 'rc': 0}
[16.881523] (-) TimerEvent: {}
[16.984052] (-) TimerEvent: {}
[17.087189] (-) TimerEvent: {}
[17.190791] (-) TimerEvent: {}
[17.292181] (-) TimerEvent: {}
[17.393732] (-) TimerEvent: {}
[17.495371] (-) TimerEvent: {}
[17.597070] (-) TimerEvent: {}
[17.698718] (-) TimerEvent: {}
[17.800033] (-) TimerEvent: {}
[17.901333] (-) TimerEvent: {}
[18.002894] (-) TimerEvent: {}
[18.105791] (-) TimerEvent: {}
[18.208919] (-) TimerEvent: {}
[18.310162] (-) TimerEvent: {}
[18.411541] (-) TimerEvent: {}
[18.512817] (-) TimerEvent: {}
[18.614097] (-) TimerEvent: {}
[18.715432] (-) TimerEvent: {}
[18.816824] (-) TimerEvent: {}
[18.918040] (-) TimerEvent: {}
[19.019295] (-) TimerEvent: {}
[19.122359] (-) TimerEvent: {}
[19.224012] (-) TimerEvent: {}
[19.325270] (-) TimerEvent: {}
[19.426798] (-) TimerEvent: {}
[19.528849] (-) TimerEvent: {}
[19.630735] (-) TimerEvent: {}
[19.732217] (-) TimerEvent: {}
[19.835520] (-) TimerEvent: {}
[19.939972] (-) TimerEvent: {}
[20.042256] (-) TimerEvent: {}
[20.143625] (-) TimerEvent: {}
[20.245102] (-) TimerEvent: {}
[20.346353] (-) TimerEvent: {}
[20.447751] (-) TimerEvent: {}
[20.548959] (-) TimerEvent: {}
[20.650313] (-) TimerEvent: {}
[20.751855] (-) TimerEvent: {}
[20.853304] (-) TimerEvent: {}
[20.954823] (-) TimerEvent: {}
[21.056083] (-) TimerEvent: {}
[21.157329] (-) TimerEvent: {}
[21.258733] (-) TimerEvent: {}
[21.360020] (-) TimerEvent: {}
[21.461296] (-) TimerEvent: {}
[21.562739] (-) TimerEvent: {}
[21.664282] (-) TimerEvent: {}
[21.765487] (-) TimerEvent: {}
[21.866844] (-) TimerEvent: {}
[21.968181] (-) TimerEvent: {}
[22.069479] (-) TimerEvent: {}
[22.170780] (-) TimerEvent: {}
[22.272091] (-) TimerEvent: {}
[22.373420] (-) TimerEvent: {}
[22.474794] (-) TimerEvent: {}
[22.575919] (-) TimerEvent: {}
[22.677047] (-) TimerEvent: {}
[22.778211] (-) TimerEvent: {}
[22.882762] (-) TimerEvent: {}
[22.984275] (-) TimerEvent: {}
[23.085539] (-) TimerEvent: {}
[23.187228] (-) TimerEvent: {}
[23.289920] (-) TimerEvent: {}
[23.391764] (-) TimerEvent: {}
[23.493118] (-) TimerEvent: {}
[23.594386] (-) TimerEvent: {}
[23.697394] (-) TimerEvent: {}
[23.800579] (-) TimerEvent: {}
[23.905208] (-) TimerEvent: {}
[24.006570] (-) TimerEvent: {}
[24.107908] (-) TimerEvent: {}
[24.209166] (-) TimerEvent: {}
[24.312175] (-) TimerEvent: {}
[24.415635] (-) TimerEvent: {}
[24.518792] (-) TimerEvent: {}
[24.620326] (-) TimerEvent: {}
[24.722031] (-) TimerEvent: {}
[24.823371] (-) TimerEvent: {}
[24.924721] (-) TimerEvent: {}
[25.026038] (-) TimerEvent: {}
[25.127298] (-) TimerEvent: {}
[25.228797] (-) TimerEvent: {}
[25.330127] (-) TimerEvent: {}
[25.431544] (-) TimerEvent: {}
[25.532774] (-) TimerEvent: {}
[25.634295] (-) TimerEvent: {}
[25.735920] (-) TimerEvent: {}
[25.837355] (-) TimerEvent: {}
[25.938739] (-) TimerEvent: {}
[26.040084] (-) TimerEvent: {}
[26.141458] (-) TimerEvent: {}
[26.242791] (-) TimerEvent: {}
[26.344006] (-) TimerEvent: {}
[26.445269] (-) TimerEvent: {}
[26.546607] (-) TimerEvent: {}
[26.647874] (-) TimerEvent: {}
[26.749104] (-) TimerEvent: {}
[26.850421] (-) TimerEvent: {}
[26.951759] (-) TimerEvent: {}
[27.053043] (-) TimerEvent: {}
[27.154392] (-) TimerEvent: {}
[27.256163] (-) TimerEvent: {}
[27.357424] (-) TimerEvent: {}
[27.458864] (-) TimerEvent: {}
[27.560164] (-) TimerEvent: {}
[27.661415] (-) TimerEvent: {}
[27.762608] (-) TimerEvent: {}
[27.863996] (-) TimerEvent: {}
[27.965327] (-) TimerEvent: {}
[28.068505] (-) TimerEvent: {}
[28.171479] (-) TimerEvent: {}
[28.272785] (-) TimerEvent: {}
[28.374031] (-) TimerEvent: {}
[28.475500] (-) TimerEvent: {}
[28.576882] (-) TimerEvent: {}
[28.678110] (-) TimerEvent: {}
[28.780302] (-) TimerEvent: {}
[28.881710] (-) TimerEvent: {}
[28.982919] (-) TimerEvent: {}
[29.084322] (-) TimerEvent: {}
[29.185818] (-) TimerEvent: {}
[29.287141] (-) TimerEvent: {}
[29.388411] (-) TimerEvent: {}
[29.489845] (-) TimerEvent: {}
[29.591137] (-) TimerEvent: {}
[29.692490] (-) TimerEvent: {}
[29.794003] (-) TimerEvent: {}
[29.895786] (-) TimerEvent: {}
[29.997207] (-) TimerEvent: {}
[30.098587] (-) TimerEvent: {}
[30.199906] (-) TimerEvent: {}
[30.301127] (-) TimerEvent: {}
[30.402416] (-) TimerEvent: {}
[30.503631] (-) TimerEvent: {}
[30.604947] (-) TimerEvent: {}
[30.706302] (-) TimerEvent: {}
[30.807627] (-) TimerEvent: {}
[30.909058] (-) TimerEvent: {}
[31.010549] (-) TimerEvent: {}
[31.111984] (-) TimerEvent: {}
[31.213218] (-) TimerEvent: {}
[31.314501] (-) TimerEvent: {}
[31.415776] (-) TimerEvent: {}
[31.516941] (-) TimerEvent: {}
[31.618188] (-) TimerEvent: {}
[31.719487] (-) TimerEvent: {}
[31.820819] (-) TimerEvent: {}
[31.922060] (-) TimerEvent: {}
[32.023391] (-) TimerEvent: {}
[32.124723] (-) TimerEvent: {}
[32.225924] (-) TimerEvent: {}
[32.327213] (-) TimerEvent: {}
[32.428503] (-) TimerEvent: {}
[32.529933] (-) TimerEvent: {}
[32.631210] (-) TimerEvent: {}
[32.732506] (-) TimerEvent: {}
[32.833872] (-) TimerEvent: {}
[32.935262] (-) TimerEvent: {}
[33.036650] (-) TimerEvent: {}
[33.138290] (-) TimerEvent: {}
[33.239770] (-) TimerEvent: {}
[33.340919] (-) TimerEvent: {}
[33.442190] (-) TimerEvent: {}
[33.543458] (-) TimerEvent: {}
[33.644626] (-) TimerEvent: {}
[33.745918] (-) TimerEvent: {}
[33.847342] (-) TimerEvent: {}
[33.949374] (-) TimerEvent: {}
[34.050769] (-) TimerEvent: {}
[34.151946] (-) TimerEvent: {}
[34.253160] (-) TimerEvent: {}
[34.354460] (-) TimerEvent: {}
[34.455775] (-) TimerEvent: {}
[34.557164] (-) TimerEvent: {}
[34.658705] (-) TimerEvent: {}
[34.760090] (-) TimerEvent: {}
[34.861352] (-) TimerEvent: {}
[34.962717] (-) TimerEvent: {}
[35.063975] (-) TimerEvent: {}
[35.165500] (-) TimerEvent: {}
[35.266951] (-) TimerEvent: {}
[35.368348] (-) TimerEvent: {}
[35.469811] (-) TimerEvent: {}
[35.571212] (-) TimerEvent: {}
[35.672946] (-) TimerEvent: {}
[35.774447] (-) TimerEvent: {}
[35.875916] (-) TimerEvent: {}
[35.977247] (-) TimerEvent: {}
[36.079134] (-) TimerEvent: {}
[36.180620] (-) TimerEvent: {}
[36.281991] (-) TimerEvent: {}
[36.383336] (-) TimerEvent: {}
[36.484740] (-) TimerEvent: {}
[36.586037] (-) TimerEvent: {}
[36.687440] (-) TimerEvent: {}
[36.788832] (-) TimerEvent: {}
[36.890374] (-) TimerEvent: {}
[36.992266] (-) TimerEvent: {}
[37.094456] (-) TimerEvent: {}
[37.196171] (-) TimerEvent: {}
[37.297590] (-) TimerEvent: {}
[37.399097] (-) TimerEvent: {}
[37.500800] (-) TimerEvent: {}
[37.602350] (-) TimerEvent: {}
[37.703872] (-) TimerEvent: {}
[37.805471] (-) TimerEvent: {}
[37.906964] (-) TimerEvent: {}
[38.008225] (-) TimerEvent: {}
[38.109543] (-) TimerEvent: {}
[38.210962] (-) TimerEvent: {}
[38.313905] (-) TimerEvent: {}
[38.419487] (-) TimerEvent: {}
[38.522647] (-) TimerEvent: {}
[38.623942] (-) TimerEvent: {}
[38.725215] (-) TimerEvent: {}
[38.826510] (-) TimerEvent: {}
[38.927853] (-) TimerEvent: {}
[39.029209] (-) TimerEvent: {}
[39.130997] (-) TimerEvent: {}
[39.232313] (-) TimerEvent: {}
[39.333700] (-) TimerEvent: {}
[39.435017] (-) TimerEvent: {}
[39.536230] (-) TimerEvent: {}
[39.637539] (-) TimerEvent: {}
[39.738804] (-) TimerEvent: {}
[39.840022] (-) TimerEvent: {}
[39.941392] (-) TimerEvent: {}
[40.042758] (-) TimerEvent: {}
[40.144006] (-) TimerEvent: {}
[40.245593] (-) TimerEvent: {}
[40.347611] (-) TimerEvent: {}
[40.448896] (-) TimerEvent: {}
[40.550175] (-) TimerEvent: {}
[40.651450] (-) TimerEvent: {}
[40.752826] (-) TimerEvent: {}
[40.854139] (-) TimerEvent: {}
[40.955370] (-) TimerEvent: {}
[41.056790] (-) TimerEvent: {}
[41.158014] (-) TimerEvent: {}
[41.259249] (-) TimerEvent: {}
[41.360598] (-) TimerEvent: {}
[41.461933] (-) TimerEvent: {}
[41.563219] (-) TimerEvent: {}
[41.664538] (-) TimerEvent: {}
[41.765892] (-) TimerEvent: {}
[41.867221] (-) TimerEvent: {}
[41.968527] (-) TimerEvent: {}
[42.069901] (-) TimerEvent: {}
[42.171129] (-) TimerEvent: {}
[42.272382] (-) TimerEvent: {}
[42.375427] (-) TimerEvent: {}
[42.478580] (-) TimerEvent: {}
[42.579896] (-) TimerEvent: {}
[42.681149] (-) TimerEvent: {}
[42.782459] (-) TimerEvent: {}
[42.884949] (-) TimerEvent: {}
[42.986835] (-) TimerEvent: {}
[43.088655] (-) TimerEvent: {}
[43.190813] (-) TimerEvent: {}
[43.293744] (-) TimerEvent: {}
[43.394808] (-) TimerEvent: {}
[43.497545] (-) TimerEvent: {}
[43.598756] (-) TimerEvent: {}
[43.699931] (-) TimerEvent: {}
[43.800890] (-) TimerEvent: {}
[43.902046] (-) TimerEvent: {}
[44.003085] (-) TimerEvent: {}
[44.104356] (-) TimerEvent: {}
[44.205655] (-) TimerEvent: {}
[44.310431] (-) TimerEvent: {}
[44.418851] (-) TimerEvent: {}
[44.521962] (-) TimerEvent: {}
[44.623208] (-) TimerEvent: {}
[44.724558] (-) TimerEvent: {}
[44.825874] (-) TimerEvent: {}
[44.927089] (-) TimerEvent: {}
[45.028354] (-) TimerEvent: {}
[45.129643] (-) TimerEvent: {}
[45.230864] (-) TimerEvent: {}
[45.332096] (-) TimerEvent: {}
[45.433261] (-) TimerEvent: {}
[45.534522] (-) TimerEvent: {}
[45.635784] (-) TimerEvent: {}
[45.736986] (-) TimerEvent: {}
[45.838184] (-) TimerEvent: {}
[45.939535] (-) TimerEvent: {}
[46.040949] (-) TimerEvent: {}
[46.142961] (-) TimerEvent: {}
[46.245345] (-) TimerEvent: {}
[46.346913] (-) TimerEvent: {}
[46.448273] (-) TimerEvent: {}
[46.549813] (-) TimerEvent: {}
[46.651028] (-) TimerEvent: {}
[46.752241] (-) TimerEvent: {}
[46.853696] (-) TimerEvent: {}
[46.955392] (-) TimerEvent: {}
[47.056745] (-) TimerEvent: {}
[47.158165] (-) TimerEvent: {}
[47.259724] (-) TimerEvent: {}
[47.361236] (-) TimerEvent: {}
[47.462874] (-) TimerEvent: {}
[47.564057] (-) TimerEvent: {}
[47.667604] (-) TimerEvent: {}
[47.771199] (-) TimerEvent: {}
[47.872410] (-) TimerEvent: {}
[47.973629] (-) TimerEvent: {}
[48.078175] (-) TimerEvent: {}
[48.181977] (-) TimerEvent: {}
[48.284898] (-) TimerEvent: {}
[48.387827] (-) TimerEvent: {}
[48.490625] (-) TimerEvent: {}
[48.593748] (-) TimerEvent: {}
[48.696330] (-) TimerEvent: {}
[48.799159] (-) TimerEvent: {}
[48.900334] (-) TimerEvent: {}
[49.001447] (-) TimerEvent: {}
[49.102656] (-) TimerEvent: {}
[49.205974] (-) TimerEvent: {}
[49.307823] (-) TimerEvent: {}
[49.408951] (-) TimerEvent: {}
[49.509987] (-) TimerEvent: {}
[49.611074] (-) TimerEvent: {}
[49.712138] (-) TimerEvent: {}
[49.813180] (-) TimerEvent: {}
[49.914215] (-) TimerEvent: {}
[50.015257] (-) TimerEvent: {}
[50.116312] (-) TimerEvent: {}
[50.217531] (-) TimerEvent: {}
[50.319475] (-) TimerEvent: {}
[50.420501] (-) TimerEvent: {}
[50.521524] (-) TimerEvent: {}
[50.622532] (-) TimerEvent: {}
[50.723735] (-) TimerEvent: {}
[50.824879] (-) TimerEvent: {}
[50.925908] (-) TimerEvent: {}
[51.026892] (-) TimerEvent: {}
[51.127890] (-) TimerEvent: {}
[51.228909] (-) TimerEvent: {}
[51.329897] (-) TimerEvent: {}
[51.430973] (-) TimerEvent: {}
[51.532021] (-) TimerEvent: {}
[51.633144] (-) TimerEvent: {}
[51.734157] (-) TimerEvent: {}
[51.835184] (-) TimerEvent: {}
[51.936209] (-) TimerEvent: {}
[52.037254] (-) TimerEvent: {}
[52.138303] (-) TimerEvent: {}
[52.239310] (-) TimerEvent: {}
[52.340411] (-) TimerEvent: {}
[52.441459] (-) TimerEvent: {}
[52.542504] (-) TimerEvent: {}
[52.643569] (-) TimerEvent: {}
[52.744621] (-) TimerEvent: {}
[52.845754] (-) TimerEvent: {}
[52.947177] (-) TimerEvent: {}
[53.048177] (-) TimerEvent: {}
[53.149233] (-) TimerEvent: {}
[53.250284] (-) TimerEvent: {}
[53.351341] (-) TimerEvent: {}
[53.452389] (-) TimerEvent: {}
[53.553482] (-) TimerEvent: {}
[53.654511] (-) TimerEvent: {}
[53.755522] (-) TimerEvent: {}
[53.856552] (-) TimerEvent: {}
[53.957611] (-) TimerEvent: {}
[54.058706] (-) TimerEvent: {}
[54.159891] (-) TimerEvent: {}
[54.261046] (-) TimerEvent: {}
[54.362141] (-) TimerEvent: {}
[54.463222] (-) TimerEvent: {}
[54.564369] (-) TimerEvent: {}
[54.665441] (-) TimerEvent: {}
[54.766838] (-) TimerEvent: {}
[54.867983] (-) TimerEvent: {}
[54.969089] (-) TimerEvent: {}
[55.070090] (-) TimerEvent: {}
[55.171239] (-) TimerEvent: {}
[55.272283] (-) TimerEvent: {}
[55.373264] (-) TimerEvent: {}
[55.474249] (-) TimerEvent: {}
[55.575231] (-) TimerEvent: {}
[55.676208] (-) TimerEvent: {}
[55.777183] (-) TimerEvent: {}
[55.878159] (-) TimerEvent: {}
[55.979137] (-) TimerEvent: {}
[56.080154] (-) TimerEvent: {}
[56.181116] (-) TimerEvent: {}
[56.282109] (-) TimerEvent: {}
[56.383108] (-) TimerEvent: {}
[56.484138] (-) TimerEvent: {}
[56.585133] (-) TimerEvent: {}
[56.686135] (-) TimerEvent: {}
[56.787116] (-) TimerEvent: {}
[56.888109] (-) TimerEvent: {}
[56.989126] (-) TimerEvent: {}
[57.090157] (-) TimerEvent: {}
[57.191181] (-) TimerEvent: {}
[57.292146] (-) TimerEvent: {}
[57.393181] (-) TimerEvent: {}
[57.494293] (-) TimerEvent: {}
[57.595322] (-) TimerEvent: {}
[57.696405] (-) TimerEvent: {}
[57.797409] (-) TimerEvent: {}
[57.898400] (-) TimerEvent: {}
[57.999430] (-) TimerEvent: {}
[58.100387] (-) TimerEvent: {}
[58.201458] (-) TimerEvent: {}
[58.303154] (-) TimerEvent: {}
[58.404281] (-) TimerEvent: {}
[58.505368] (-) TimerEvent: {}
[58.606897] (-) TimerEvent: {}
[58.707844] (-) TimerEvent: {}
[58.808845] (-) TimerEvent: {}
[58.909822] (-) TimerEvent: {}
[59.011004] (-) TimerEvent: {}
[59.112074] (-) TimerEvent: {}
[59.213188] (-) TimerEvent: {}
[59.314395] (-) TimerEvent: {}
[59.415402] (-) TimerEvent: {}
[59.516397] (-) TimerEvent: {}
[59.617450] (-) TimerEvent: {}
[59.718524] (-) TimerEvent: {}
[59.819554] (-) TimerEvent: {}
[59.920786] (-) TimerEvent: {}
[60.021796] (-) TimerEvent: {}
[60.122798] (-) TimerEvent: {}
[60.223806] (-) TimerEvent: {}
[60.324859] (-) TimerEvent: {}
[60.425838] (-) TimerEvent: {}
[60.526815] (-) TimerEvent: {}
[60.627838] (-) TimerEvent: {}
[60.728778] (-) TimerEvent: {}
[60.829757] (-) TimerEvent: {}
[60.930759] (-) TimerEvent: {}
[61.031726] (-) TimerEvent: {}
[61.132700] (-) TimerEvent: {}
[61.233618] (-) TimerEvent: {}
[61.334635] (-) TimerEvent: {}
[61.435615] (-) TimerEvent: {}
[61.536588] (-) TimerEvent: {}
[61.637544] (-) TimerEvent: {}
[61.738517] (-) TimerEvent: {}
[61.839504] (-) TimerEvent: {}
[61.940468] (-) TimerEvent: {}
[62.041493] (-) TimerEvent: {}
[62.142468] (-) TimerEvent: {}
[62.243464] (-) TimerEvent: {}
[62.344417] (-) TimerEvent: {}
[62.445371] (-) TimerEvent: {}
[62.546355] (-) TimerEvent: {}
[62.647453] (-) TimerEvent: {}
[62.748421] (-) TimerEvent: {}
[62.849401] (-) TimerEvent: {}
[62.950380] (-) TimerEvent: {}
[63.051520] (-) TimerEvent: {}
[63.152504] (-) TimerEvent: {}
[63.253452] (-) TimerEvent: {}
[63.354422] (-) TimerEvent: {}
[63.455376] (-) TimerEvent: {}
[63.556348] (-) TimerEvent: {}
[63.657402] (-) TimerEvent: {}
[63.758370] (-) TimerEvent: {}
[63.859310] (-) TimerEvent: {}
[63.960257] (-) TimerEvent: {}
[64.061190] (-) TimerEvent: {}
[64.162242] (-) TimerEvent: {}
[64.263223] (-) TimerEvent: {}
[64.364223] (-) TimerEvent: {}
[64.465601] (-) TimerEvent: {}
[64.566564] (-) TimerEvent: {}
[64.667736] (-) TimerEvent: {}
[64.768753] (-) TimerEvent: {}
[64.869691] (-) TimerEvent: {}
[64.970593] (-) TimerEvent: {}
[65.071538] (-) TimerEvent: {}
[65.172593] (-) TimerEvent: {}
[65.273547] (-) TimerEvent: {}
[65.374516] (-) TimerEvent: {}
[65.475526] (-) TimerEvent: {}
[65.576535] (-) TimerEvent: {}
[65.677491] (-) TimerEvent: {}
[65.778562] (-) TimerEvent: {}
[65.879706] (-) TimerEvent: {}
[65.981032] (-) TimerEvent: {}
[66.081958] (-) TimerEvent: {}
[66.182924] (-) TimerEvent: {}
[66.284142] (-) TimerEvent: {}
[66.385115] (-) TimerEvent: {}
[66.486125] (-) TimerEvent: {}
[66.587262] (-) TimerEvent: {}
[66.688234] (-) TimerEvent: {}
[66.789232] (-) TimerEvent: {}
[66.890174] (-) TimerEvent: {}
[66.991204] (-) TimerEvent: {}
[67.092176] (-) TimerEvent: {}
[67.193166] (-) TimerEvent: {}
[67.294184] (-) TimerEvent: {}
[67.395171] (-) TimerEvent: {}
[67.496171] (-) TimerEvent: {}
[67.597283] (-) TimerEvent: {}
[67.698531] (-) TimerEvent: {}
[67.799732] (-) TimerEvent: {}
[67.900758] (-) TimerEvent: {}
[68.001808] (-) TimerEvent: {}
[68.102772] (-) TimerEvent: {}
[68.203901] (-) TimerEvent: {}
[68.304895] (-) TimerEvent: {}
[68.405851] (-) TimerEvent: {}
[68.507021] (-) TimerEvent: {}
[68.608071] (-) TimerEvent: {}
[68.709069] (-) TimerEvent: {}
[68.810046] (-) TimerEvent: {}
[68.911006] (-) TimerEvent: {}
[69.011933] (-) TimerEvent: {}
[69.112927] (-) TimerEvent: {}
[69.213834] (-) TimerEvent: {}
[69.314761] (-) TimerEvent: {}
[69.415738] (-) TimerEvent: {}
[69.516766] (-) TimerEvent: {}
[69.617745] (-) TimerEvent: {}
[69.718760] (-) TimerEvent: {}
[69.819757] (-) TimerEvent: {}
[69.920785] (-) TimerEvent: {}
[70.021817] (-) TimerEvent: {}
[70.122880] (-) TimerEvent: {}
[70.223930] (-) TimerEvent: {}
[70.324972] (-) TimerEvent: {}
[70.426041] (-) TimerEvent: {}
[70.527063] (-) TimerEvent: {}
[70.628171] (-) TimerEvent: {}
[70.729592] (-) TimerEvent: {}
[70.830883] (-) TimerEvent: {}
[70.932115] (-) TimerEvent: {}
[71.033408] (-) TimerEvent: {}
[71.134339] (-) TimerEvent: {}
[71.235464] (-) TimerEvent: {}
[71.336531] (-) TimerEvent: {}
[71.437697] (-) TimerEvent: {}
[71.538741] (-) TimerEvent: {}
[71.639769] (-) TimerEvent: {}
[71.740811] (-) TimerEvent: {}
[71.841982] (-) TimerEvent: {}
[71.943038] (-) TimerEvent: {}
[72.044234] (-) TimerEvent: {}
[72.145231] (-) TimerEvent: {}
[72.246300] (-) TimerEvent: {}
[72.347386] (-) TimerEvent: {}
[72.448476] (-) TimerEvent: {}
[72.549479] (-) TimerEvent: {}
[72.650556] (-) TimerEvent: {}
[72.751912] (-) TimerEvent: {}
[72.853052] (-) TimerEvent: {}
[72.955260] (-) TimerEvent: {}
[73.056476] (-) TimerEvent: {}
[73.157554] (-) TimerEvent: {}
[73.258770] (-) TimerEvent: {}
[73.359786] (-) TimerEvent: {}
[73.460901] (-) TimerEvent: {}
[73.561899] (-) TimerEvent: {}
[73.662870] (-) TimerEvent: {}
[73.763888] (-) TimerEvent: {}
[73.864973] (-) TimerEvent: {}
[73.965889] (-) TimerEvent: {}
[74.066897] (-) TimerEvent: {}
[74.168004] (-) TimerEvent: {}
[74.269122] (-) TimerEvent: {}
[74.370169] (-) TimerEvent: {}
[74.471123] (-) TimerEvent: {}
[74.572316] (-) TimerEvent: {}
[74.673409] (-) TimerEvent: {}
[74.774378] (-) TimerEvent: {}
[74.875502] (-) TimerEvent: {}
[74.976600] (-) TimerEvent: {}
[75.077571] (-) TimerEvent: {}
[75.178610] (-) TimerEvent: {}
[75.279760] (-) TimerEvent: {}
[75.380807] (-) TimerEvent: {}
[75.481781] (-) TimerEvent: {}
[75.582727] (-) TimerEvent: {}
[75.683731] (-) TimerEvent: {}
[75.784715] (-) TimerEvent: {}
[75.885642] (-) TimerEvent: {}
[75.986577] (-) TimerEvent: {}
[76.087636] (-) TimerEvent: {}
[76.188727] (-) TimerEvent: {}
[76.289865] (-) TimerEvent: {}
[76.391023] (-) TimerEvent: {}
[76.492380] (-) TimerEvent: {}
[76.593445] (-) TimerEvent: {}
[76.694479] (-) TimerEvent: {}
[76.795564] (-) TimerEvent: {}
[76.896995] (-) TimerEvent: {}
[76.998206] (-) TimerEvent: {}
[77.099391] (-) TimerEvent: {}
[77.200427] (-) TimerEvent: {}
[77.301577] (-) TimerEvent: {}
[77.402794] (-) TimerEvent: {}
[77.503940] (-) TimerEvent: {}
[77.605142] (-) TimerEvent: {}
[77.706090] (-) TimerEvent: {}
[77.807107] (-) TimerEvent: {}
[77.908063] (-) TimerEvent: {}
[78.009176] (-) TimerEvent: {}
[78.110192] (-) TimerEvent: {}
[78.211179] (-) TimerEvent: {}
[78.312224] (-) TimerEvent: {}
[78.413261] (-) TimerEvent: {}
[78.514231] (-) TimerEvent: {}
[78.615271] (-) TimerEvent: {}
[78.716461] (-) TimerEvent: {}
[78.817434] (-) TimerEvent: {}
[78.918610] (-) TimerEvent: {}
[79.019771] (-) TimerEvent: {}
[79.120944] (-) TimerEvent: {}
[79.221915] (-) TimerEvent: {}
[79.322905] (-) TimerEvent: {}
[79.423892] (-) TimerEvent: {}
[79.525038] (-) TimerEvent: {}
[79.626156] (-) TimerEvent: {}
[79.727199] (-) TimerEvent: {}
[79.828297] (-) TimerEvent: {}
[79.929407] (-) TimerEvent: {}
[80.030606] (-) TimerEvent: {}
[80.131700] (-) TimerEvent: {}
[80.232739] (-) TimerEvent: {}
[80.333766] (-) TimerEvent: {}
[80.434911] (-) TimerEvent: {}
[80.535964] (-) TimerEvent: {}
[80.637206] (-) TimerEvent: {}
[80.738368] (-) TimerEvent: {}
[80.839517] (-) TimerEvent: {}
[80.940613] (-) TimerEvent: {}
[81.041843] (-) TimerEvent: {}
[81.142987] (-) TimerEvent: {}
[81.244026] (-) TimerEvent: {}
[81.345284] (-) TimerEvent: {}
[81.446571] (-) TimerEvent: {}
[81.547684] (-) TimerEvent: {}
[81.648733] (-) TimerEvent: {}
[81.749753] (-) TimerEvent: {}
[81.850870] (-) TimerEvent: {}
[81.951910] (-) TimerEvent: {}
[82.052848] (-) TimerEvent: {}
[82.153805] (-) TimerEvent: {}
[82.254758] (-) TimerEvent: {}
[82.355742] (-) TimerEvent: {}
[82.456923] (-) TimerEvent: {}
[82.558103] (-) TimerEvent: {}
[82.659542] (-) TimerEvent: {}
[82.760804] (-) TimerEvent: {}
[82.862126] (-) TimerEvent: {}
[82.963887] (-) TimerEvent: {}
[83.064954] (-) TimerEvent: {}
[83.165878] (-) TimerEvent: {}
[83.267037] (-) TimerEvent: {}
[83.368026] (-) TimerEvent: {}
[83.468973] (-) TimerEvent: {}
[83.569893] (-) TimerEvent: {}
[83.670861] (-) TimerEvent: {}
[83.771892] (-) TimerEvent: {}
[83.872844] (-) TimerEvent: {}
[83.973886] (-) TimerEvent: {}
[84.074989] (-) TimerEvent: {}
[84.176183] (-) TimerEvent: {}
[84.277614] (-) TimerEvent: {}
[84.378777] (-) TimerEvent: {}
[84.480091] (-) TimerEvent: {}
[84.581160] (-) TimerEvent: {}
[84.682569] (-) TimerEvent: {}
[84.783745] (-) TimerEvent: {}
[84.884630] (-) TimerEvent: {}
[84.985784] (-) TimerEvent: {}
[85.086837] (-) TimerEvent: {}
[85.187856] (-) TimerEvent: {}
[85.288795] (-) TimerEvent: {}
[85.389784] (-) TimerEvent: {}
[85.490828] (-) TimerEvent: {}
[85.591902] (-) TimerEvent: {}
[85.693070] (-) TimerEvent: {}
[85.794218] (-) TimerEvent: {}
[85.895139] (-) TimerEvent: {}
[85.996263] (-) TimerEvent: {}
[86.097315] (-) TimerEvent: {}
[86.198511] (-) TimerEvent: {}
[86.299508] (-) TimerEvent: {}
[86.400587] (-) TimerEvent: {}
[86.501541] (-) TimerEvent: {}
[86.602598] (-) TimerEvent: {}
[86.704226] (-) TimerEvent: {}
[86.805618] (-) TimerEvent: {}
[86.906753] (-) TimerEvent: {}
[87.007837] (-) TimerEvent: {}
[87.108858] (-) TimerEvent: {}
[87.209794] (-) TimerEvent: {}
[87.310861] (-) TimerEvent: {}
[87.411842] (-) TimerEvent: {}
[87.513105] (-) TimerEvent: {}
[87.614806] (-) TimerEvent: {}
[87.682005] (rt_ros2) StdoutLine: {'line': b'[ 96%] \x1b[32m\x1b[1mLinking CXX executable rt_ros2\x1b[0m\n'}
[87.715044] (-) TimerEvent: {}
[87.817329] (-) TimerEvent: {}
[87.919293] (-) TimerEvent: {}
[88.020577] (-) TimerEvent: {}
[88.122463] (-) TimerEvent: {}
[88.223929] (-) TimerEvent: {}
[88.327061] (-) TimerEvent: {}
[88.429414] (-) TimerEvent: {}
[88.530358] (-) TimerEvent: {}
[88.631514] (-) TimerEvent: {}
[88.732907] (-) TimerEvent: {}
[88.833917] (-) TimerEvent: {}
[88.935404] (-) TimerEvent: {}
[89.036561] (-) TimerEvent: {}
[89.137972] (-) TimerEvent: {}
[89.238975] (-) TimerEvent: {}
[89.340167] (-) TimerEvent: {}
[89.442014] (-) TimerEvent: {}
[89.544355] (-) TimerEvent: {}
[89.645474] (-) TimerEvent: {}
[89.706294] (rt_ros2) StdoutLine: {'line': b'[ 98%] Built target rt_ros2\n'}
[89.745802] (-) TimerEvent: {}
[89.846707] (-) TimerEvent: {}
[89.947653] (-) TimerEvent: {}
[90.048571] (-) TimerEvent: {}
[90.149554] (-) TimerEvent: {}
[90.250476] (-) TimerEvent: {}
[90.351446] (-) TimerEvent: {}
[90.452516] (-) TimerEvent: {}
[90.553405] (-) TimerEvent: {}
[90.654271] (-) TimerEvent: {}
[90.755299] (-) TimerEvent: {}
[90.856262] (-) TimerEvent: {}
[90.957207] (-) TimerEvent: {}
[91.058225] (-) TimerEvent: {}
[91.159236] (-) TimerEvent: {}
[91.260151] (-) TimerEvent: {}
[91.360994] (-) TimerEvent: {}
[91.461984] (-) TimerEvent: {}
[91.562886] (-) TimerEvent: {}
[91.663763] (-) TimerEvent: {}
[91.764777] (-) TimerEvent: {}
[91.865764] (-) TimerEvent: {}
[91.966601] (-) TimerEvent: {}
[92.067530] (-) TimerEvent: {}
[92.168422] (-) TimerEvent: {}
[92.269323] (-) TimerEvent: {}
[92.370194] (-) TimerEvent: {}
[92.471091] (-) TimerEvent: {}
[92.571970] (-) TimerEvent: {}
[92.672879] (-) TimerEvent: {}
[92.774063] (-) TimerEvent: {}
[92.875319] (-) TimerEvent: {}
[92.937510] (rt_ros2) StdoutLine: {'line': b'[100%] \x1b[32m\x1b[1mLinking CXX executable nodo_test\x1b[0m\n'}
[92.975521] (-) TimerEvent: {}
[93.076548] (-) TimerEvent: {}
[93.178038] (-) TimerEvent: {}
[93.279272] (-) TimerEvent: {}
[93.380511] (-) TimerEvent: {}
[93.481654] (-) TimerEvent: {}
[93.582725] (-) TimerEvent: {}
[93.683537] (-) TimerEvent: {}
[93.784520] (-) TimerEvent: {}
[93.885345] (-) TimerEvent: {}
[93.922832] (rt_ros2) StdoutLine: {'line': b'[100%] Built target nodo_test\n'}
[93.979358] (rt_ros2) CommandEnded: {'returncode': 0}
[93.982304] (rt_ros2) JobProgress: {'identifier': 'rt_ros2', 'progress': 'install'}
[93.984952] (rt_ros2) Command: {'cmd': ['/usr/bin/cmake', '--install', '/code/brickpi/build/rt_ros2'], 'cwd': '/code/brickpi/build/rt_ros2', 'env': OrderedDict([('LESSOPEN', '| /usr/bin/lesspipe %s'), ('USER', 'ubuntu'), ('SSH_CLIENT', '192.168.10.163 49253 22'), ('XDG_SESSION_TYPE', 'tty'), ('GIT_ASKPASS', '/home/ubuntu/.vscode-server/cli/servers/Stable-034f571df509819cc10b0c8129f66ef77a542f0e/server/extensions/git/dist/askpass.sh'), ('SHLVL', '2'), ('LD_LIBRARY_PATH', '/opt/ros/humble/lib/aarch64-linux-gnu:/opt/ros/humble/lib'), ('BROWSER', '/home/ubuntu/.vscode-server/cli/servers/Stable-034f571df509819cc10b0c8129f66ef77a542f0e/server/bin/helpers/browser.sh'), ('MOTD_SHOWN', 'pam'), ('HOME', '/home/ubuntu'), ('OLDPWD', '/code'), ('TERM_PROGRAM_VERSION', '1.118.1'), ('VSCODE_IPC_HOOK_CLI', '/run/user/1000/vscode-ipc-b03cee94-e7c6-4be7-b6df-ca2867894430.sock'), ('ROS_PYTHON_VERSION', '3'), ('VSCODE_GIT_ASKPASS_MAIN', '/home/ubuntu/.vscode-server/cli/servers/Stable-034f571df509819cc10b0c8129f66ef77a542f0e/server/extensions/git/dist/askpass-main.js'), ('VSCODE_GIT_ASKPASS_NODE', '/home/ubuntu/.vscode-server/cli/servers/Stable-034f571df509819cc10b0c8129f66ef77a542f0e/server/node'), ('VSCODE_PYTHON_AUTOACTIVATE_GUARD', '1'), ('DBUS_SESSION_BUS_ADDRESS', 'unix:path=/run/user/1000/bus'), ('COLORTERM', 'truecolor'), ('ROS_DISTRO', 'humble'), ('LOGNAME', 'ubuntu'), ('_', '/usr/bin/colcon'), ('ROS_VERSION', '2'), ('XDG_SESSION_CLASS', 'user'), ('TERM', 'xterm-256color'), ('XDG_SESSION_ID', '1'), ('ROS_LOCALHOST_ONLY', '0'), ('BRICKPI3_ROOT_DIR', '/home/ubuntu/BrickPi3'), ('PATH', '/home/ubuntu/.vscode-server/data/User/globalStorage/github.copilot-chat/debugCommand:/home/ubuntu/.vscode-server/data/User/globalStorage/github.copilot-chat/copilotCli:/home/ubuntu/.vscode-server/cli/servers/Stable-034f571df509819cc10b0c8129f66ef77a542f0e/server/bin/remote-cli:/opt/ros/humble/bin:/usr/local/sbin:/usr/local/bin:/usr/sbin:/usr/bin:/sbin:/bin:/usr/games:/usr/local/games:/snap/bin'), ('XDG_RUNTIME_DIR', '/run/user/1000'), ('LANG', 'C.UTF-8'), ('LS_COLORS', 'rs=0:di=01;34:ln=01;36:mh=00:pi=40;33:so=01;35:do=01;35:bd=40;33;01:cd=40;33;01:or=40;31;01:mi=00:su=37;41:sg=30;43:ca=30;41:tw=30;42:ow=34;42:st=37;44:ex=01;32:*.tar=01;31:*.tgz=01;31:*.arc=01;31:*.arj=01;31:*.taz=01;31:*.lha=01;31:*.lz4=01;31:*.lzh=01;31:*.lzma=01;31:*.tlz=01;31:*.txz=01;31:*.tzo=01;31:*.t7z=01;31:*.zip=01;31:*.z=01;31:*.dz=01;31:*.gz=01;31:*.lrz=01;31:*.lz=01;31:*.lzo=01;31:*.xz=01;31:*.zst=01;31:*.tzst=01;31:*.bz2=01;31:*.bz=01;31:*.tbz=01;31:*.tbz2=01;31:*.tz=01;31:*.deb=01;31:*.rpm=01;31:*.jar=01;31:*.war=01;31:*.ear=01;31:*.sar=01;31:*.rar=01;31:*.alz=01;31:*.ace=01;31:*.zoo=01;31:*.cpio=01;31:*.7z=01;31:*.rz=01;31:*.cab=01;31:*.wim=01;31:*.swm=01;31:*.dwm=01;31:*.esd=01;31:*.jpg=01;35:*.jpeg=01;35:*.mjpg=01;35:*.mjpeg=01;35:*.gif=01;35:*.bmp=01;35:*.pbm=01;35:*.pgm=01;35:*.ppm=01;35:*.tga=01;35:*.xbm=01;35:*.xpm=01;35:*.tif=01;35:*.tiff=01;35:*.png=01;35:*.svg=01;35:*.svgz=01;35:*.mng=01;35:*.pcx=01;35:*.mov=01;35:*.mpg=01;35:*.mpeg=01;35:*.m2v=01;35:*.mkv=01;35:*.webm=01;35:*.webp=01;35:*.ogm=01;35:*.mp4=01;35:*.m4v=01;35:*.mp4v=01;35:*.vob=01;35:*.qt=01;35:*.nuv=01;35:*.wmv=01;35:*.asf=01;35:*.rm=01;35:*.rmvb=01;35:*.flc=01;35:*.avi=01;35:*.fli=01;35:*.flv=01;35:*.gl=01;35:*.dl=01;35:*.xcf=01;35:*.xwd=01;35:*.yuv=01;35:*.cgm=01;35:*.emf=01;35:*.ogv=01;35:*.ogx=01;35:*.aac=00;36:*.au=00;36:*.flac=00;36:*.m4a=00;36:*.mid=00;36:*.midi=00;36:*.mka=00;36:*.mp3=00;36:*.mpc=00;36:*.ogg=00;36:*.ra=00;36:*.wav=00;36:*.oga=00;36:*.opus=00;36:*.spx=00;36:*.xspf=00;36:'), ('VSCODE_GIT_IPC_HANDLE', '/run/user/1000/vscode-git-c8a4b1bc73.sock'), ('TERM_PROGRAM', 'vscode'), ('ROS_DOMAIN_ID', '21'), ('AMENT_PREFIX_PATH', '/opt/ros/humble'), ('SHELL', '/bin/bash'), ('LESSCLOSE', '/usr/bin/lesspipe %s %s'), ('VSCODE_GIT_ASKPASS_EXTRA_ARGS', ''), ('PWD', '/code/brickpi/build/rt_ros2'), ('SSH_CONNECTION', '192.168.10.163 49253 192.168.10.2 22'), ('PYTHONPATH', '/opt/ros/humble/lib/python3.10/site-packages:/opt/ros/humble/local/lib/python3.10/dist-packages'), ('COLCON', '1'), ('CMAKE_PREFIX_PATH', '/opt/ros/humble')]), 'shell': False}
[93.989732] (-) TimerEvent: {}
[94.017174] (rt_ros2) StdoutLine: {'line': b'-- Install configuration: "Release"\n'}
[94.018928] (rt_ros2) StdoutLine: {'line': b'-- Execute custom install script\n'}
[94.019811] (rt_ros2) StdoutLine: {'line': b'-- Symlinking: /code/brickpi/install/rt_ros2/include/readerwriterqueue/atomicops.h\n'}
[94.056234] (rt_ros2) StdoutLine: {'line': b'-- Symlinking: /code/brickpi/install/rt_ros2/include/readerwriterqueue/readerwriterqueue.h\n'}
[94.089937] (-) TimerEvent: {}
[94.092167] (rt_ros2) StdoutLine: {'line': b'-- Symlinking: /code/brickpi/install/rt_ros2/include/readerwriterqueue/readerwritercircularbuffer.h\n'}
[94.128801] (rt_ros2) StdoutLine: {'line': b'-- Symlinking: /code/brickpi/install/rt_ros2/include/readerwriterqueue/LICENSE.md\n'}
[94.165966] (rt_ros2) StdoutLine: {'line': b'-- Symlinking: /code/brickpi/install/rt_ros2/lib/rt_ros2/rt_ros2\n'}
[94.190175] (-) TimerEvent: {}
[94.202572] (rt_ros2) StdoutLine: {'line': b'-- Symlinking: /code/brickpi/install/rt_ros2/lib/rt_ros2/nodo_test\n'}
[94.247453] (rt_ros2) CommandEnded: {'returncode': 0}
[94.290325] (-) TimerEvent: {}
[94.323100] (rt_ros2) JobEnded: {'identifier': 'rt_ros2', 'rc': 0}
[94.327229] (-) EventReactorShutdown: {}
