[0.000000] (-) TimerEvent: {}
[0.001448] (-) JobUnselected: {'identifier': 'brickpi3_charlie'}
[0.002759] (-) JobUnselected: {'identifier': 'brickpi3_motors'}
[0.003519] (-) JobUnselected: {'identifier': 'brickpi3_sensors'}
[0.004262] (-) JobUnselected: {'identifier': 'ev3_sensor_msgs'}
[0.004623] (rt_ros2) JobQueued: {'identifier': 'rt_ros2', 'dependencies': OrderedDict()}
[0.004888] (rt_ros2) JobStarted: {'identifier': 'rt_ros2'}
[0.043856] (rt_ros2) JobProgress: {'identifier': 'rt_ros2', 'progress': 'cmake'}
[0.047798] (rt_ros2) JobProgress: {'identifier': 'rt_ros2', 'progress': 'build'}
[0.051237] (rt_ros2) Command: {'cmd': ['/usr/bin/cmake', '--build', '/code/brickpi/build/rt_ros2', '--', '-j4', '-l4'], 'cwd': '/code/brickpi/build/rt_ros2', 'env': OrderedDict([('LESSOPEN', '| /usr/bin/lesspipe %s'), ('USER', 'ubuntu'), ('SSH_CLIENT', '192.168.10.114 57519 22'), ('XDG_SESSION_TYPE', 'tty'), ('SHLVL', '1'), ('LD_LIBRARY_PATH', '/opt/ros/humble/lib/aarch64-linux-gnu:/opt/ros/humble/lib'), ('MOTD_SHOWN', 'pam'), ('HOME', '/home/ubuntu'), ('OLDPWD', '/code'), ('SSH_TTY', '/dev/pts/1'), ('ROS_PYTHON_VERSION', '3'), ('DBUS_SESSION_BUS_ADDRESS', 'unix:path=/run/user/1000/bus'), ('ROS_DISTRO', 'humble'), ('LOGNAME', 'ubuntu'), ('_', '/usr/bin/colcon'), ('ROS_VERSION', '2'), ('XDG_SESSION_CLASS', 'user'), ('TERM', 'xterm-256color'), ('XDG_SESSION_ID', '9'), ('ROS_LOCALHOST_ONLY', '0'), ('BRICKPI3_ROOT_DIR', '/home/ubuntu/BrickPi3'), ('PATH', '/opt/ros/humble/bin:/usr/local/sbin:/usr/local/bin:/usr/sbin:/usr/bin:/sbin:/bin:/usr/games:/usr/local/games:/snap/bin'), ('XDG_RUNTIME_DIR', '/run/user/1000'), ('LANG', 'C.UTF-8'), ('LS_COLORS', 'rs=0:di=01;34:ln=01;36:mh=00:pi=40;33:so=01;35:do=01;35:bd=40;33;01:cd=40;33;01:or=40;31;01:mi=00:su=37;41:sg=30;43:ca=30;41:tw=30;42:ow=34;42:st=37;44:ex=01;32:*.tar=01;31:*.tgz=01;31:*.arc=01;31:*.arj=01;31:*.taz=01;31:*.lha=01;31:*.lz4=01;31:*.lzh=01;31:*.lzma=01;31:*.tlz=01;31:*.txz=01;31:*.tzo=01;31:*.t7z=01;31:*.zip=01;31:*.z=01;31:*.dz=01;31:*.gz=01;31:*.lrz=01;31:*.lz=01;31:*.lzo=01;31:*.xz=01;31:*.zst=01;31:*.tzst=01;31:*.bz2=01;31:*.bz=01;31:*.tbz=01;31:*.tbz2=01;31:*.tz=01;31:*.deb=01;31:*.rpm=01;31:*.jar=01;31:*.war=01;31:*.ear=01;31:*.sar=01;31:*.rar=01;31:*.alz=01;31:*.ace=01;31:*.zoo=01;31:*.cpio=01;31:*.7z=01;31:*.rz=01;31:*.cab=01;31:*.wim=01;31:*.swm=01;31:*.dwm=01;31:*.esd=01;31:*.jpg=01;35:*.jpeg=01;35:*.mjpg=01;35:*.mjpeg=01;35:*.gif=01;35:*.bmp=01;35:*.pbm=01;35:*.pgm=01;35:*.ppm=01;35:*.tga=01;35:*.xbm=01;35:*.xpm=01;35:*.tif=01;35:*.tiff=01;35:*.png=01;35:*.svg=01;35:*.svgz=01;35:*.mng=01;35:*.pcx=01;35:*.mov=01;35:*.mpg=01;35:*.mpeg=01;35:*.m2v=01;35:*.mkv=01;35:*.webm=01;35:*.webp=01;35:*.ogm=01;35:*.mp4=01;35:*.m4v=01;35:*.mp4v=01;35:*.vob=01;35:*.qt=01;35:*.nuv=01;35:*.wmv=01;35:*.asf=01;35:*.rm=01;35:*.rmvb=01;35:*.flc=01;35:*.avi=01;35:*.fli=01;35:*.flv=01;35:*.gl=01;35:*.dl=01;35:*.xcf=01;35:*.xwd=01;35:*.yuv=01;35:*.cgm=01;35:*.emf=01;35:*.ogv=01;35:*.ogx=01;35:*.aac=00;36:*.au=00;36:*.flac=00;36:*.m4a=00;36:*.mid=00;36:*.midi=00;36:*.mka=00;36:*.mp3=00;36:*.mpc=00;36:*.ogg=00;36:*.ra=00;36:*.wav=00;36:*.oga=00;36:*.opus=00;36:*.spx=00;36:*.xspf=00;36:'), ('ROS_DOMAIN_ID', '21'), ('AMENT_PREFIX_PATH', '/opt/ros/humble'), ('SHELL', '/bin/bash'), ('LESSCLOSE', '/usr/bin/lesspipe %s %s'), ('PWD', '/code/brickpi/build/rt_ros2'), ('SSH_CONNECTION', '192.168.10.114 57519 192.168.10.100 22'), ('PYTHONPATH', '/opt/ros/humble/lib/python3.10/site-packages:/opt/ros/humble/local/lib/python3.10/dist-packages'), ('COLCON', '1'), ('CMAKE_PREFIX_PATH', '/opt/ros/humble')]), 'shell': False}
[0.098787] (-) TimerEvent: {}
[0.200104] (-) TimerEvent: {}
[0.301930] (-) TimerEvent: {}
[0.361121] (rt_ros2) StdoutLine: {'line': b'[  3%] Built target nodo_test\n'}
[0.378674] (rt_ros2) StdoutLine: {'line': b'[ 29%] Built target cactus_tracing_embedded_perfetto_protos\n'}
[0.394754] (rt_ros2) StdoutLine: {'line': b'[ 67%] Built target quill\n'}
[0.402120] (-) TimerEvent: {}
[0.503079] (-) TimerEvent: {}
[0.531156] (rt_ros2) StdoutLine: {'line': b'[ 81%] Built target cactus_rt\n'}
[0.603323] (-) TimerEvent: {}
[0.606626] (rt_ros2) StdoutLine: {'line': b'\x1b[35m\x1b[1mConsolidate compiler generated dependencies of target rt_ros2\x1b[0m\n'}
[0.610467] (rt_ros2) StdoutLine: {'line': b'\x1b[35m\x1b[1mConsolidate compiler generated dependencies of target main_rt\x1b[0m\n'}
[0.618459] (rt_ros2) StdoutLine: {'line': b'\x1b[35m\x1b[1mConsolidate compiler generated dependencies of target main_be\x1b[0m\n'}
[0.703539] (-) TimerEvent: {}
[0.805133] (-) TimerEvent: {}
[0.822115] (rt_ros2) StdoutLine: {'line': b'[ 83%] \x1b[32mBuilding CXX object CMakeFiles/main_rt.dir/src/nodo_actuador.cpp.o\x1b[0m\n'}
[0.878013] (rt_ros2) StdoutLine: {'line': b'[ 84%] \x1b[32mBuilding CXX object CMakeFiles/main_rt.dir/src/nodo_maquina_estados.cpp.o\x1b[0m\n'}
[0.905429] (-) TimerEvent: {}
[1.006355] (-) TimerEvent: {}
[1.107293] (-) TimerEvent: {}
[1.164544] (rt_ros2) StdoutLine: {'line': b'[ 86%] \x1b[32mBuilding CXX object CMakeFiles/rt_ros2.dir/src/nodo_actuador.cpp.o\x1b[0m\n'}
[1.193996] (rt_ros2) StdoutLine: {'line': b'[ 87%] \x1b[32mBuilding CXX object CMakeFiles/main_be.dir/src/nodo_actuador.cpp.o\x1b[0m\n'}
[1.207596] (-) TimerEvent: {}
[1.308830] (-) TimerEvent: {}
[1.409828] (-) TimerEvent: {}
[1.511018] (-) TimerEvent: {}
[1.611862] (-) TimerEvent: {}
[1.712874] (-) TimerEvent: {}
[1.815116] (-) TimerEvent: {}
[1.916148] (-) TimerEvent: {}
[2.017259] (-) TimerEvent: {}
[2.118368] (-) TimerEvent: {}
[2.219659] (-) TimerEvent: {}
[2.320590] (-) TimerEvent: {}
[2.421682] (-) TimerEvent: {}
[2.522929] (-) TimerEvent: {}
[2.624823] (-) TimerEvent: {}
[2.725967] (-) TimerEvent: {}
[2.827234] (-) TimerEvent: {}
[2.928225] (-) TimerEvent: {}
[3.029455] (-) TimerEvent: {}
[3.130301] (-) TimerEvent: {}
[3.231144] (-) TimerEvent: {}
[3.331987] (-) TimerEvent: {}
[3.432817] (-) TimerEvent: {}
[3.533707] (-) TimerEvent: {}
[3.634516] (-) TimerEvent: {}
[3.739573] (-) TimerEvent: {}
[3.840595] (-) TimerEvent: {}
[3.949567] (-) TimerEvent: {}
[4.051614] (-) TimerEvent: {}
[4.152542] (-) TimerEvent: {}
[4.253429] (-) TimerEvent: {}
[4.354302] (-) TimerEvent: {}
[4.455301] (-) TimerEvent: {}
[4.556546] (-) TimerEvent: {}
[4.657408] (-) TimerEvent: {}
[4.759637] (-) TimerEvent: {}
[4.861481] (-) TimerEvent: {}
[4.963776] (-) TimerEvent: {}
[5.064594] (-) TimerEvent: {}
[5.165461] (-) TimerEvent: {}
[5.266563] (-) TimerEvent: {}
[5.367409] (-) TimerEvent: {}
[5.468276] (-) TimerEvent: {}
[5.569090] (-) TimerEvent: {}
[5.671580] (-) TimerEvent: {}
[5.772515] (-) TimerEvent: {}
[5.873591] (-) TimerEvent: {}
[5.974465] (-) TimerEvent: {}
[6.075288] (-) TimerEvent: {}
[6.176214] (-) TimerEvent: {}
[6.277140] (-) TimerEvent: {}
[6.378064] (-) TimerEvent: {}
[6.480162] (-) TimerEvent: {}
[6.582192] (-) TimerEvent: {}
[6.684276] (-) TimerEvent: {}
[6.786230] (-) TimerEvent: {}
[6.887889] (-) TimerEvent: {}
[6.988730] (-) TimerEvent: {}
[7.091041] (-) TimerEvent: {}
[7.193093] (-) TimerEvent: {}
[7.296364] (-) TimerEvent: {}
[7.399103] (-) TimerEvent: {}
[7.500969] (-) TimerEvent: {}
[7.602599] (-) TimerEvent: {}
[7.703921] (-) TimerEvent: {}
[7.806220] (-) TimerEvent: {}
[7.908443] (-) TimerEvent: {}
[8.010914] (-) TimerEvent: {}
[8.113480] (-) TimerEvent: {}
[8.215121] (-) TimerEvent: {}
[8.317036] (-) TimerEvent: {}
[8.418840] (-) TimerEvent: {}
[8.520787] (-) TimerEvent: {}
[8.622096] (-) TimerEvent: {}
[8.723632] (-) TimerEvent: {}
[8.824732] (-) TimerEvent: {}
[8.926661] (-) TimerEvent: {}
[9.027771] (-) TimerEvent: {}
[9.129283] (-) TimerEvent: {}
[9.230626] (-) TimerEvent: {}
[9.331649] (-) TimerEvent: {}
[9.433519] (-) TimerEvent: {}
[9.534716] (-) TimerEvent: {}
[9.636620] (-) TimerEvent: {}
[9.738537] (-) TimerEvent: {}
[9.839678] (-) TimerEvent: {}
[9.940807] (-) TimerEvent: {}
[10.042578] (-) TimerEvent: {}
[10.143871] (-) TimerEvent: {}
[10.245096] (-) TimerEvent: {}
[10.346233] (-) TimerEvent: {}
[10.449019] (-) TimerEvent: {}
[10.552244] (-) TimerEvent: {}
[10.653642] (-) TimerEvent: {}
[10.756584] (-) TimerEvent: {}
[10.859694] (-) TimerEvent: {}
[10.962732] (-) TimerEvent: {}
[11.065747] (-) TimerEvent: {}
[11.168779] (-) TimerEvent: {}
[11.271845] (-) TimerEvent: {}
[11.373176] (-) TimerEvent: {}
[11.474528] (-) TimerEvent: {}
[11.575742] (-) TimerEvent: {}
[11.677289] (-) TimerEvent: {}
[11.778759] (-) TimerEvent: {}
[11.879868] (-) TimerEvent: {}
[11.981629] (-) TimerEvent: {}
[12.082896] (-) TimerEvent: {}
[12.184220] (-) TimerEvent: {}
[12.285524] (-) TimerEvent: {}
[12.386682] (-) TimerEvent: {}
[12.488715] (-) TimerEvent: {}
[12.590515] (-) TimerEvent: {}
[12.692435] (-) TimerEvent: {}
[12.794180] (-) TimerEvent: {}
[12.895987] (-) TimerEvent: {}
[12.997994] (-) TimerEvent: {}
[13.099280] (-) TimerEvent: {}
[13.201249] (-) TimerEvent: {}
[13.302482] (-) TimerEvent: {}
[13.403798] (-) TimerEvent: {}
[13.505164] (-) TimerEvent: {}
[13.606504] (-) TimerEvent: {}
[13.707672] (-) TimerEvent: {}
[13.809507] (-) TimerEvent: {}
[13.912656] (-) TimerEvent: {}
[14.015234] (-) TimerEvent: {}
[14.118178] (-) TimerEvent: {}
[14.221328] (-) TimerEvent: {}
[14.324332] (-) TimerEvent: {}
[14.426275] (-) TimerEvent: {}
[14.528121] (-) TimerEvent: {}
[14.629879] (-) TimerEvent: {}
[14.731445] (-) TimerEvent: {}
[14.833190] (-) TimerEvent: {}
[14.934811] (-) TimerEvent: {}
[15.036527] (-) TimerEvent: {}
[15.138252] (-) TimerEvent: {}
[15.239898] (-) TimerEvent: {}
[15.341550] (-) TimerEvent: {}
[15.443339] (-) TimerEvent: {}
[15.545435] (-) TimerEvent: {}
[15.647003] (-) TimerEvent: {}
[15.748807] (-) TimerEvent: {}
[15.850520] (-) TimerEvent: {}
[15.951971] (-) TimerEvent: {}
[16.053780] (-) TimerEvent: {}
[16.155636] (-) TimerEvent: {}
[16.257767] (-) TimerEvent: {}
[16.359835] (-) TimerEvent: {}
[16.464702] (-) TimerEvent: {}
[16.567118] (-) TimerEvent: {}
[16.668666] (-) TimerEvent: {}
[16.770647] (-) TimerEvent: {}
[16.872265] (-) TimerEvent: {}
[16.973640] (-) TimerEvent: {}
[17.074781] (-) TimerEvent: {}
[17.176580] (-) TimerEvent: {}
[17.277893] (-) TimerEvent: {}
[17.379229] (-) TimerEvent: {}
[17.480587] (-) TimerEvent: {}
[17.583643] (-) TimerEvent: {}
[17.686329] (-) TimerEvent: {}
[17.787549] (-) TimerEvent: {}
[17.888828] (-) TimerEvent: {}
[17.989910] (-) TimerEvent: {}
[18.091005] (-) TimerEvent: {}
[18.192608] (-) TimerEvent: {}
[18.294394] (-) TimerEvent: {}
[18.396424] (-) TimerEvent: {}
[18.498183] (-) TimerEvent: {}
[18.600711] (-) TimerEvent: {}
[18.703649] (-) TimerEvent: {}
[18.807186] (-) TimerEvent: {}
[18.908362] (-) TimerEvent: {}
[19.010354] (-) TimerEvent: {}
[19.111515] (-) TimerEvent: {}
[19.212652] (-) TimerEvent: {}
[19.314023] (-) TimerEvent: {}
[19.415436] (-) TimerEvent: {}
[19.516672] (-) TimerEvent: {}
[19.618048] (-) TimerEvent: {}
[19.719450] (-) TimerEvent: {}
[19.820668] (-) TimerEvent: {}
[19.922463] (-) TimerEvent: {}
[20.025148] (-) TimerEvent: {}
[20.128370] (-) TimerEvent: {}
[20.231557] (-) TimerEvent: {}
[20.334173] (-) TimerEvent: {}
[20.437300] (-) TimerEvent: {}
[20.540658] (-) TimerEvent: {}
[20.643412] (-) TimerEvent: {}
[20.744574] (-) TimerEvent: {}
[20.845727] (-) TimerEvent: {}
[20.946891] (-) TimerEvent: {}
[21.048239] (-) TimerEvent: {}
[21.149432] (-) TimerEvent: {}
[21.250567] (-) TimerEvent: {}
[21.352592] (-) TimerEvent: {}
[21.454516] (-) TimerEvent: {}
[21.556459] (-) TimerEvent: {}
[21.658434] (-) TimerEvent: {}
[21.760517] (-) TimerEvent: {}
[21.862235] (-) TimerEvent: {}
[21.963403] (-) TimerEvent: {}
[22.064592] (-) TimerEvent: {}
[22.165731] (-) TimerEvent: {}
[22.267370] (-) TimerEvent: {}
[22.368535] (-) TimerEvent: {}
[22.469615] (-) TimerEvent: {}
[22.570709] (-) TimerEvent: {}
[22.672621] (-) TimerEvent: {}
[22.773661] (-) TimerEvent: {}
[22.874772] (-) TimerEvent: {}
[22.976182] (-) TimerEvent: {}
[23.077445] (-) TimerEvent: {}
[23.178514] (-) TimerEvent: {}
[23.279578] (-) TimerEvent: {}
[23.380651] (-) TimerEvent: {}
[23.482188] (-) TimerEvent: {}
[23.583845] (-) TimerEvent: {}
[23.685512] (-) TimerEvent: {}
[23.787060] (-) TimerEvent: {}
[23.888718] (-) TimerEvent: {}
[23.990312] (-) TimerEvent: {}
[24.091937] (-) TimerEvent: {}
[24.193501] (-) TimerEvent: {}
[24.295042] (-) TimerEvent: {}
[24.396626] (-) TimerEvent: {}
[24.498367] (-) TimerEvent: {}
[24.599532] (-) TimerEvent: {}
[24.700725] (-) TimerEvent: {}
[24.801863] (-) TimerEvent: {}
[24.902953] (-) TimerEvent: {}
[25.004551] (-) TimerEvent: {}
[25.106194] (-) TimerEvent: {}
[25.207749] (-) TimerEvent: {}
[25.309282] (-) TimerEvent: {}
[25.410804] (-) TimerEvent: {}
[25.512436] (-) TimerEvent: {}
[25.614022] (-) TimerEvent: {}
[25.715541] (-) TimerEvent: {}
[25.817139] (-) TimerEvent: {}
[25.919009] (-) TimerEvent: {}
[26.020581] (-) TimerEvent: {}
[26.122137] (-) TimerEvent: {}
[26.223658] (-) TimerEvent: {}
[26.325574] (-) TimerEvent: {}
[26.427130] (-) TimerEvent: {}
[26.528632] (-) TimerEvent: {}
[26.630189] (-) TimerEvent: {}
[26.731828] (-) TimerEvent: {}
[26.833429] (-) TimerEvent: {}
[26.934874] (-) TimerEvent: {}
[27.036357] (-) TimerEvent: {}
[27.137995] (-) TimerEvent: {}
[27.239850] (-) TimerEvent: {}
[27.341495] (-) TimerEvent: {}
[27.443124] (-) TimerEvent: {}
[27.544825] (-) TimerEvent: {}
[27.646472] (-) TimerEvent: {}
[27.749169] (-) TimerEvent: {}
[27.851829] (-) TimerEvent: {}
[27.954554] (-) TimerEvent: {}
[28.057319] (-) TimerEvent: {}
[28.158914] (-) TimerEvent: {}
[28.260531] (-) TimerEvent: {}
[28.362065] (-) TimerEvent: {}
[28.463634] (-) TimerEvent: {}
[28.565272] (-) TimerEvent: {}
[28.666946] (-) TimerEvent: {}
[28.768570] (-) TimerEvent: {}
[28.870177] (-) TimerEvent: {}
[28.971741] (-) TimerEvent: {}
[29.073269] (-) TimerEvent: {}
[29.174788] (-) TimerEvent: {}
[29.276364] (-) TimerEvent: {}
[29.377933] (-) TimerEvent: {}
[29.479620] (-) TimerEvent: {}
[29.581181] (-) TimerEvent: {}
[29.682723] (-) TimerEvent: {}
[29.784271] (-) TimerEvent: {}
[29.885844] (-) TimerEvent: {}
[29.987438] (-) TimerEvent: {}
[30.089043] (-) TimerEvent: {}
[30.190632] (-) TimerEvent: {}
[30.292185] (-) TimerEvent: {}
[30.393727] (-) TimerEvent: {}
[30.496318] (-) TimerEvent: {}
[30.598953] (-) TimerEvent: {}
[30.701591] (-) TimerEvent: {}
[30.804192] (-) TimerEvent: {}
[30.906833] (-) TimerEvent: {}
[31.008413] (-) TimerEvent: {}
[31.110026] (-) TimerEvent: {}
[31.211621] (-) TimerEvent: {}
[31.313065] (-) TimerEvent: {}
[31.414587] (-) TimerEvent: {}
[31.516155] (-) TimerEvent: {}
[31.617690] (-) TimerEvent: {}
[31.719227] (-) TimerEvent: {}
[31.820781] (-) TimerEvent: {}
[31.922470] (-) TimerEvent: {}
[32.028645] (-) TimerEvent: {}
[32.130811] (-) TimerEvent: {}
[32.232555] (-) TimerEvent: {}
[32.334219] (-) TimerEvent: {}
[32.435525] (-) TimerEvent: {}
[32.536598] (-) TimerEvent: {}
[32.637703] (-) TimerEvent: {}
[32.738953] (-) TimerEvent: {}
[32.840149] (-) TimerEvent: {}
[32.941652] (-) TimerEvent: {}
[33.043149] (-) TimerEvent: {}
[33.144632] (-) TimerEvent: {}
[33.246126] (-) TimerEvent: {}
[33.347620] (-) TimerEvent: {}
[33.449179] (-) TimerEvent: {}
[33.550655] (-) TimerEvent: {}
[33.652238] (-) TimerEvent: {}
[33.754041] (-) TimerEvent: {}
[33.855653] (-) TimerEvent: {}
[33.957289] (-) TimerEvent: {}
[34.058855] (-) TimerEvent: {}
[34.160440] (-) TimerEvent: {}
[34.261973] (-) TimerEvent: {}
[34.364760] (-) TimerEvent: {}
[34.467562] (-) TimerEvent: {}
[34.570251] (-) TimerEvent: {}
[34.673266] (-) TimerEvent: {}
[34.776457] (-) TimerEvent: {}
[34.878112] (-) TimerEvent: {}
[34.979618] (-) TimerEvent: {}
[35.081446] (-) TimerEvent: {}
[35.183089] (-) TimerEvent: {}
[35.284959] (-) TimerEvent: {}
[35.387761] (-) TimerEvent: {}
[35.491166] (-) TimerEvent: {}
[35.596599] (-) TimerEvent: {}
[35.701595] (-) TimerEvent: {}
[35.804246] (-) TimerEvent: {}
[35.908752] (-) TimerEvent: {}
[36.010884] (-) TimerEvent: {}
[36.112418] (-) TimerEvent: {}
[36.213557] (-) TimerEvent: {}
[36.314640] (-) TimerEvent: {}
[36.415755] (-) TimerEvent: {}
[36.517258] (-) TimerEvent: {}
[36.618364] (-) TimerEvent: {}
[36.719559] (-) TimerEvent: {}
[36.820684] (-) TimerEvent: {}
[36.921886] (-) TimerEvent: {}
[37.023103] (-) TimerEvent: {}
[37.124407] (-) TimerEvent: {}
[37.225616] (-) TimerEvent: {}
[37.326740] (-) TimerEvent: {}
[37.427973] (-) TimerEvent: {}
[37.530889] (-) TimerEvent: {}
[37.633436] (-) TimerEvent: {}
[37.736075] (-) TimerEvent: {}
[37.838675] (-) TimerEvent: {}
[37.941362] (-) TimerEvent: {}
[38.043999] (-) TimerEvent: {}
[38.146629] (-) TimerEvent: {}
[38.247919] (-) TimerEvent: {}
[38.349260] (-) TimerEvent: {}
[38.450617] (-) TimerEvent: {}
[38.551960] (-) TimerEvent: {}
[38.654926] (-) TimerEvent: {}
[38.758063] (-) TimerEvent: {}
[38.860686] (-) TimerEvent: {}
[38.963819] (-) TimerEvent: {}
[39.066484] (-) TimerEvent: {}
[39.169195] (-) TimerEvent: {}
[39.275531] (-) TimerEvent: {}
[39.378245] (-) TimerEvent: {}
[39.481074] (-) TimerEvent: {}
[39.583769] (-) TimerEvent: {}
[39.686645] (-) TimerEvent: {}
[39.789827] (-) TimerEvent: {}
[39.892494] (-) TimerEvent: {}
[39.995255] (-) TimerEvent: {}
[40.098486] (-) TimerEvent: {}
[40.201003] (-) TimerEvent: {}
[40.302042] (-) TimerEvent: {}
[40.404568] (-) TimerEvent: {}
[40.507081] (-) TimerEvent: {}
[40.609901] (-) TimerEvent: {}
[40.712609] (-) TimerEvent: {}
[40.815171] (-) TimerEvent: {}
[40.917807] (-) TimerEvent: {}
[41.020794] (-) TimerEvent: {}
[41.123604] (-) TimerEvent: {}
[41.226313] (-) TimerEvent: {}
[41.327538] (-) TimerEvent: {}
[41.428792] (-) TimerEvent: {}
[41.529895] (-) TimerEvent: {}
[41.631030] (-) TimerEvent: {}
[41.732592] (-) TimerEvent: {}
[41.833773] (-) TimerEvent: {}
[41.934886] (-) TimerEvent: {}
[42.036014] (-) TimerEvent: {}
[42.137159] (-) TimerEvent: {}
[42.238279] (-) TimerEvent: {}
[42.339522] (-) TimerEvent: {}
[42.440664] (-) TimerEvent: {}
[42.541774] (-) TimerEvent: {}
[42.643404] (-) TimerEvent: {}
[42.745265] (-) TimerEvent: {}
[42.846820] (-) TimerEvent: {}
[42.948631] (-) TimerEvent: {}
[43.049926] (-) TimerEvent: {}
[43.151219] (-) TimerEvent: {}
[43.252576] (-) TimerEvent: {}
[43.353854] (-) TimerEvent: {}
[43.454972] (-) TimerEvent: {}
[43.556192] (-) TimerEvent: {}
[43.657365] (-) TimerEvent: {}
[43.758593] (-) TimerEvent: {}
[43.859669] (-) TimerEvent: {}
[43.960760] (-) TimerEvent: {}
[44.061876] (-) TimerEvent: {}
[44.163037] (-) TimerEvent: {}
[44.264237] (-) TimerEvent: {}
[44.365521] (-) TimerEvent: {}
[44.466651] (-) TimerEvent: {}
[44.567715] (-) TimerEvent: {}
[44.668819] (-) TimerEvent: {}
[44.769930] (-) TimerEvent: {}
[44.871819] (-) TimerEvent: {}
[44.973126] (-) TimerEvent: {}
[45.074242] (-) TimerEvent: {}
[45.175323] (-) TimerEvent: {}
[45.277041] (-) TimerEvent: {}
[45.378159] (-) TimerEvent: {}
[45.480821] (-) TimerEvent: {}
[45.583505] (-) TimerEvent: {}
[45.686128] (-) TimerEvent: {}
[45.788820] (-) TimerEvent: {}
[45.891448] (-) TimerEvent: {}
[45.994059] (-) TimerEvent: {}
[46.096921] (-) TimerEvent: {}
[46.198114] (-) TimerEvent: {}
[46.299521] (-) TimerEvent: {}
[46.400612] (-) TimerEvent: {}
[46.502450] (-) TimerEvent: {}
[46.603991] (-) TimerEvent: {}
[46.705644] (-) TimerEvent: {}
[46.807247] (-) TimerEvent: {}
[46.908446] (-) TimerEvent: {}
[47.009612] (-) TimerEvent: {}
[47.110681] (-) TimerEvent: {}
[47.212609] (-) TimerEvent: {}
[47.315594] (-) TimerEvent: {}
[47.418197] (-) TimerEvent: {}
[47.519322] (-) TimerEvent: {}
[47.620605] (-) TimerEvent: {}
[47.723225] (-) TimerEvent: {}
[47.825731] (-) TimerEvent: {}
[47.928351] (-) TimerEvent: {}
[48.031064] (-) TimerEvent: {}
[48.133621] (-) TimerEvent: {}
[48.236312] (-) TimerEvent: {}
[48.339532] (-) TimerEvent: {}
[48.440615] (-) TimerEvent: {}
[48.541896] (-) TimerEvent: {}
[48.643173] (-) TimerEvent: {}
[48.744590] (-) TimerEvent: {}
[48.845815] (-) TimerEvent: {}
[48.947007] (-) TimerEvent: {}
[49.049718] (-) TimerEvent: {}
[49.152646] (-) TimerEvent: {}
[49.255544] (-) TimerEvent: {}
[49.358132] (-) TimerEvent: {}
[49.460787] (-) TimerEvent: {}
[49.563454] (-) TimerEvent: {}
[49.664900] (-) TimerEvent: {}
[49.766695] (-) TimerEvent: {}
[49.867851] (-) TimerEvent: {}
[49.968957] (-) TimerEvent: {}
[50.070068] (-) TimerEvent: {}
[50.171362] (-) TimerEvent: {}
[50.273063] (-) TimerEvent: {}
[50.374615] (-) TimerEvent: {}
[50.476332] (-) TimerEvent: {}
[50.578027] (-) TimerEvent: {}
[50.679215] (-) TimerEvent: {}
[50.780524] (-) TimerEvent: {}
[50.881617] (-) TimerEvent: {}
[50.982630] (-) TimerEvent: {}
[51.083678] (-) TimerEvent: {}
[51.185265] (-) TimerEvent: {}
[51.286429] (-) TimerEvent: {}
[51.387556] (-) TimerEvent: {}
[51.488762] (-) TimerEvent: {}
[51.589930] (-) TimerEvent: {}
[51.691178] (-) TimerEvent: {}
[51.792480] (-) TimerEvent: {}
[51.893636] (-) TimerEvent: {}
[51.995310] (-) TimerEvent: {}
[52.096487] (-) TimerEvent: {}
[52.197604] (-) TimerEvent: {}
[52.298722] (-) TimerEvent: {}
[52.399849] (-) TimerEvent: {}
[52.501146] (-) TimerEvent: {}
[52.603726] (-) TimerEvent: {}
[52.704853] (-) TimerEvent: {}
[52.805928] (-) TimerEvent: {}
[52.906984] (-) TimerEvent: {}
[53.008074] (-) TimerEvent: {}
[53.109212] (-) TimerEvent: {}
[53.210340] (-) TimerEvent: {}
[53.311458] (-) TimerEvent: {}
[53.412550] (-) TimerEvent: {}
[53.513625] (-) TimerEvent: {}
[53.616177] (-) TimerEvent: {}
[53.718715] (-) TimerEvent: {}
[53.821323] (-) TimerEvent: {}
[53.924061] (-) TimerEvent: {}
[54.026759] (-) TimerEvent: {}
[54.129269] (-) TimerEvent: {}
[54.231816] (-) TimerEvent: {}
[54.334448] (-) TimerEvent: {}
[54.437021] (-) TimerEvent: {}
[54.539651] (-) TimerEvent: {}
[54.640759] (-) TimerEvent: {}
[54.742454] (-) TimerEvent: {}
[54.843508] (-) TimerEvent: {}
[54.945067] (-) TimerEvent: {}
[55.046639] (-) TimerEvent: {}
[55.148291] (-) TimerEvent: {}
[55.249892] (-) TimerEvent: {}
[55.351543] (-) TimerEvent: {}
[55.453312] (-) TimerEvent: {}
[55.555920] (-) TimerEvent: {}
[55.658556] (-) TimerEvent: {}
[55.761139] (-) TimerEvent: {}
[55.863853] (-) TimerEvent: {}
[55.966434] (-) TimerEvent: {}
[56.068975] (-) TimerEvent: {}
[56.171605] (-) TimerEvent: {}
[56.274240] (-) TimerEvent: {}
[56.375403] (-) TimerEvent: {}
[56.477152] (-) TimerEvent: {}
[56.578346] (-) TimerEvent: {}
[56.679545] (-) TimerEvent: {}
[56.780698] (-) TimerEvent: {}
[56.881922] (-) TimerEvent: {}
[56.983192] (-) TimerEvent: {}
[57.084512] (-) TimerEvent: {}
[57.185616] (-) TimerEvent: {}
[57.286657] (-) TimerEvent: {}
[57.387774] (-) TimerEvent: {}
[57.488890] (-) TimerEvent: {}
[57.590012] (-) TimerEvent: {}
[57.693611] (-) TimerEvent: {}
[57.795116] (-) TimerEvent: {}
[57.896662] (-) TimerEvent: {}
[57.998519] (-) TimerEvent: {}
[58.100078] (-) TimerEvent: {}
[58.201770] (-) TimerEvent: {}
[58.303529] (-) TimerEvent: {}
[58.405490] (-) TimerEvent: {}
[58.510697] (-) TimerEvent: {}
[58.612772] (-) TimerEvent: {}
[58.714739] (-) TimerEvent: {}
[58.816299] (-) TimerEvent: {}
[58.917853] (-) TimerEvent: {}
[59.019328] (-) TimerEvent: {}
[59.120896] (-) TimerEvent: {}
[59.222542] (-) TimerEvent: {}
[59.324124] (-) TimerEvent: {}
[59.425661] (-) TimerEvent: {}
[59.527311] (-) TimerEvent: {}
[59.628841] (-) TimerEvent: {}
[59.730494] (-) TimerEvent: {}
[59.832293] (-) TimerEvent: {}
[59.933969] (-) TimerEvent: {}
[60.035637] (-) TimerEvent: {}
[60.137408] (-) TimerEvent: {}
[60.239037] (-) TimerEvent: {}
[60.340730] (-) TimerEvent: {}
[60.442190] (-) TimerEvent: {}
[60.543725] (-) TimerEvent: {}
[60.645461] (-) TimerEvent: {}
[60.747070] (-) TimerEvent: {}
[60.848761] (-) TimerEvent: {}
[60.950352] (-) TimerEvent: {}
[61.052072] (-) TimerEvent: {}
[61.153849] (-) TimerEvent: {}
[61.255607] (-) TimerEvent: {}
[61.358485] (-) TimerEvent: {}
[61.460055] (-) TimerEvent: {}
[61.561857] (-) TimerEvent: {}
[61.663652] (-) TimerEvent: {}
[61.765472] (-) TimerEvent: {}
[61.866658] (-) TimerEvent: {}
[61.967972] (-) TimerEvent: {}
[62.070530] (-) TimerEvent: {}
[62.172279] (-) TimerEvent: {}
[62.273521] (-) TimerEvent: {}
[62.374688] (-) TimerEvent: {}
[62.476034] (-) TimerEvent: {}
[62.580644] (-) TimerEvent: {}
[62.684673] (-) TimerEvent: {}
[62.793625] (-) TimerEvent: {}
[62.896162] (-) TimerEvent: {}
[62.997352] (-) TimerEvent: {}
[63.098525] (-) TimerEvent: {}
[63.200088] (-) TimerEvent: {}
[63.304650] (-) TimerEvent: {}
[63.405828] (-) TimerEvent: {}
[63.507613] (-) TimerEvent: {}
[63.613615] (-) TimerEvent: {}
[63.715199] (-) TimerEvent: {}
[63.816789] (-) TimerEvent: {}
[63.918502] (-) TimerEvent: {}
[64.023623] (-) TimerEvent: {}
[64.125973] (-) TimerEvent: {}
[64.233617] (-) TimerEvent: {}
[64.336015] (-) TimerEvent: {}
[64.441557] (-) TimerEvent: {}
[64.549624] (-) TimerEvent: {}
[64.656626] (-) TimerEvent: {}
[64.762630] (-) TimerEvent: {}
[64.869589] (-) TimerEvent: {}
[64.970778] (-) TimerEvent: {}
[65.072419] (-) TimerEvent: {}
[65.174411] (-) TimerEvent: {}
[65.276039] (-) TimerEvent: {}
[65.377668] (-) TimerEvent: {}
[65.484653] (-) TimerEvent: {}
[65.585908] (-) TimerEvent: {}
[65.687117] (-) TimerEvent: {}
[65.788230] (-) TimerEvent: {}
[65.889458] (-) TimerEvent: {}
[65.990572] (-) TimerEvent: {}
[66.092246] (-) TimerEvent: {}
[66.197610] (-) TimerEvent: {}
[66.299181] (-) TimerEvent: {}
[66.401659] (-) TimerEvent: {}
[66.502750] (-) TimerEvent: {}
[66.608605] (-) TimerEvent: {}
[66.712684] (-) TimerEvent: {}
[66.817706] (-) TimerEvent: {}
[66.920353] (-) TimerEvent: {}
[67.033679] (-) TimerEvent: {}
[67.135222] (-) TimerEvent: {}
[67.237512] (-) TimerEvent: {}
[67.339921] (-) TimerEvent: {}
[67.441794] (-) TimerEvent: {}
[67.551614] (-) TimerEvent: {}
[67.653638] (-) TimerEvent: {}
[67.760769] (-) TimerEvent: {}
[67.861870] (-) TimerEvent: {}
[67.963700] (-) TimerEvent: {}
[68.065283] (-) TimerEvent: {}
[68.167614] (-) TimerEvent: {}
[68.273620] (-) TimerEvent: {}
[68.377903] (-) TimerEvent: {}
[68.479530] (-) TimerEvent: {}
[68.581111] (-) TimerEvent: {}
[68.686598] (-) TimerEvent: {}
[68.788233] (-) TimerEvent: {}
[68.889816] (-) TimerEvent: {}
[68.995608] (-) TimerEvent: {}
[69.098938] (-) TimerEvent: {}
[69.200592] (-) TimerEvent: {}
[69.305606] (-) TimerEvent: {}
[69.407129] (-) TimerEvent: {}
[69.512612] (-) TimerEvent: {}
[69.614261] (-) TimerEvent: {}
[69.716048] (-) TimerEvent: {}
[69.817825] (-) TimerEvent: {}
[69.919705] (-) TimerEvent: {}
[70.021578] (-) TimerEvent: {}
[70.127733] (-) TimerEvent: {}
[70.232640] (-) TimerEvent: {}
[70.335054] (-) TimerEvent: {}
[70.444603] (-) TimerEvent: {}
[70.551602] (-) TimerEvent: {}
[70.653908] (-) TimerEvent: {}
[70.759613] (-) TimerEvent: {}
[70.861236] (-) TimerEvent: {}
[70.965865] (-) TimerEvent: {}
[71.067481] (-) TimerEvent: {}
[71.169011] (-) TimerEvent: {}
[71.270625] (-) TimerEvent: {}
[71.375333] (-) TimerEvent: {}
[71.477084] (-) TimerEvent: {}
[71.581610] (-) TimerEvent: {}
[71.683165] (-) TimerEvent: {}
[71.787606] (-) TimerEvent: {}
[71.893608] (-) TimerEvent: {}
[71.995187] (-) TimerEvent: {}
[72.096666] (-) TimerEvent: {}
[72.203607] (-) TimerEvent: {}
[72.305180] (-) TimerEvent: {}
[72.407583] (-) TimerEvent: {}
[72.509168] (-) TimerEvent: {}
[72.610802] (-) TimerEvent: {}
[72.712352] (-) TimerEvent: {}
[72.814632] (-) TimerEvent: {}
[72.916543] (-) TimerEvent: {}
[73.018757] (-) TimerEvent: {}
[73.120329] (-) TimerEvent: {}
[73.221977] (-) TimerEvent: {}
[73.327615] (-) TimerEvent: {}
[73.429134] (-) TimerEvent: {}
[73.530630] (-) TimerEvent: {}
[73.634676] (-) TimerEvent: {}
[73.737037] (-) TimerEvent: {}
[73.838599] (-) TimerEvent: {}
[73.941011] (-) TimerEvent: {}
[74.042926] (-) TimerEvent: {}
[74.148605] (-) TimerEvent: {}
[74.250909] (-) TimerEvent: {}
[74.357672] (-) TimerEvent: {}
[74.460633] (-) TimerEvent: {}
[74.565623] (-) TimerEvent: {}
[74.667319] (-) TimerEvent: {}
[74.775739] (-) TimerEvent: {}
[74.878793] (-) TimerEvent: {}
[74.983602] (-) TimerEvent: {}
[75.085689] (-) TimerEvent: {}
[75.188010] (-) TimerEvent: {}
[75.295738] (-) TimerEvent: {}
[75.409609] (-) TimerEvent: {}
[75.511725] (-) TimerEvent: {}
[75.616642] (-) TimerEvent: {}
[75.721596] (-) TimerEvent: {}
[75.826610] (-) TimerEvent: {}
[75.928944] (-) TimerEvent: {}
[76.031290] (-) TimerEvent: {}
[76.136604] (-) TimerEvent: {}
[76.242577] (-) TimerEvent: {}
[76.344809] (-) TimerEvent: {}
[76.447086] (-) TimerEvent: {}
[76.549338] (-) TimerEvent: {}
[76.657606] (-) TimerEvent: {}
[76.766606] (-) TimerEvent: {}
[76.868814] (-) TimerEvent: {}
[76.977224] (-) TimerEvent: {}
[77.079599] (-) TimerEvent: {}
[77.181985] (-) TimerEvent: {}
[77.286003] (-) TimerEvent: {}
[77.387754] (-) TimerEvent: {}
[77.488835] (-) TimerEvent: {}
[77.589913] (-) TimerEvent: {}
[77.691015] (-) TimerEvent: {}
[77.792139] (-) TimerEvent: {}
[77.893220] (-) TimerEvent: {}
[77.994318] (-) TimerEvent: {}
[78.095420] (-) TimerEvent: {}
[78.196511] (-) TimerEvent: {}
[78.297603] (-) TimerEvent: {}
[78.398699] (-) TimerEvent: {}
[78.499784] (-) TimerEvent: {}
[78.600872] (-) TimerEvent: {}
[78.701984] (-) TimerEvent: {}
[78.803170] (-) TimerEvent: {}
[78.904281] (-) TimerEvent: {}
[79.005495] (-) TimerEvent: {}
[79.106906] (-) TimerEvent: {}
[79.208031] (-) TimerEvent: {}
[79.309232] (-) TimerEvent: {}
[79.410326] (-) TimerEvent: {}
[79.511485] (-) TimerEvent: {}
[79.612625] (-) TimerEvent: {}
[79.713710] (-) TimerEvent: {}
[79.814769] (-) TimerEvent: {}
[79.915812] (-) TimerEvent: {}
[80.016898] (-) TimerEvent: {}
[80.118063] (-) TimerEvent: {}
[80.219157] (-) TimerEvent: {}
[80.320263] (-) TimerEvent: {}
[80.421415] (-) TimerEvent: {}
[80.523505] (-) TimerEvent: {}
[80.624605] (-) TimerEvent: {}
[80.726194] (-) TimerEvent: {}
[80.827447] (-) TimerEvent: {}
[80.928659] (-) TimerEvent: {}
[81.030046] (-) TimerEvent: {}
[81.131193] (-) TimerEvent: {}
[81.232633] (-) TimerEvent: {}
[81.334622] (-) TimerEvent: {}
[81.435702] (-) TimerEvent: {}
[81.536862] (-) TimerEvent: {}
[81.637973] (-) TimerEvent: {}
[81.739074] (-) TimerEvent: {}
[81.840316] (-) TimerEvent: {}
[81.941472] (-) TimerEvent: {}
[82.042530] (-) TimerEvent: {}
[82.143625] (-) TimerEvent: {}
[82.252714] (-) TimerEvent: {}
[82.353811] (-) TimerEvent: {}
[82.454905] (-) TimerEvent: {}
[82.558606] (-) TimerEvent: {}
[82.659849] (-) TimerEvent: {}
[82.764599] (-) TimerEvent: {}
[82.870701] (-) TimerEvent: {}
[82.976619] (-) TimerEvent: {}
[83.078620] (-) TimerEvent: {}
[83.179772] (-) TimerEvent: {}
[83.280872] (-) TimerEvent: {}
[83.383337] (-) TimerEvent: {}
[83.487629] (-) TimerEvent: {}
[83.591631] (-) TimerEvent: {}
[83.693233] (-) TimerEvent: {}
[83.797101] (-) TimerEvent: {}
[83.902743] (-) TimerEvent: {}
[84.011608] (-) TimerEvent: {}
[84.118614] (-) TimerEvent: {}
[84.225601] (-) TimerEvent: {}
[84.326681] (-) TimerEvent: {}
[84.432615] (-) TimerEvent: {}
[84.537610] (-) TimerEvent: {}
[84.640416] (-) TimerEvent: {}
[84.741915] (-) TimerEvent: {}
[84.844594] (-) TimerEvent: {}
[84.946781] (-) TimerEvent: {}
[85.048551] (-) TimerEvent: {}
[85.151031] (-) TimerEvent: {}
[85.252171] (-) TimerEvent: {}
[85.353711] (-) TimerEvent: {}
[85.455283] (-) TimerEvent: {}
[85.556449] (-) TimerEvent: {}
[85.660603] (-) TimerEvent: {}
[85.764620] (-) TimerEvent: {}
[85.866148] (-) TimerEvent: {}
[85.971644] (-) TimerEvent: {}
[86.072750] (-) TimerEvent: {}
[86.173865] (-) TimerEvent: {}
[86.291699] (-) TimerEvent: {}
[86.397612] (-) TimerEvent: {}
[86.498806] (-) TimerEvent: {}
[86.603158] (-) TimerEvent: {}
[86.704448] (-) TimerEvent: {}
[86.805633] (-) TimerEvent: {}
[86.906783] (-) TimerEvent: {}
[87.008219] (-) TimerEvent: {}
[87.112614] (-) TimerEvent: {}
[87.215954] (-) TimerEvent: {}
[87.327201] (-) TimerEvent: {}
[87.428796] (-) TimerEvent: {}
[87.530149] (-) TimerEvent: {}
[87.631667] (-) TimerEvent: {}
[87.732831] (-) TimerEvent: {}
[87.837245] (-) TimerEvent: {}
[87.938366] (-) TimerEvent: {}
[88.040157] (-) TimerEvent: {}
[88.141829] (-) TimerEvent: {}
[88.244025] (-) TimerEvent: {}
[88.345310] (-) TimerEvent: {}
[88.446546] (-) TimerEvent: {}
[88.547733] (-) TimerEvent: {}
[88.648996] (-) TimerEvent: {}
[88.750115] (-) TimerEvent: {}
[88.851652] (-) TimerEvent: {}
[88.955050] (-) TimerEvent: {}
[89.061358] (-) TimerEvent: {}
[89.167185] (-) TimerEvent: {}
[89.268715] (-) TimerEvent: {}
[89.370323] (-) TimerEvent: {}
[89.471504] (-) TimerEvent: {}
[89.572612] (-) TimerEvent: {}
[89.674744] (-) TimerEvent: {}
[89.789647] (-) TimerEvent: {}
[89.893598] (-) TimerEvent: {}
[89.995624] (-) TimerEvent: {}
[90.097691] (-) TimerEvent: {}
[90.199328] (-) TimerEvent: {}
[90.300495] (-) TimerEvent: {}
[90.401573] (-) TimerEvent: {}
[90.502619] (-) TimerEvent: {}
[90.604589] (-) TimerEvent: {}
[90.706591] (-) TimerEvent: {}
[90.807696] (-) TimerEvent: {}
[90.908738] (-) TimerEvent: {}
[91.009925] (-) TimerEvent: {}
[91.112451] (-) TimerEvent: {}
[91.215076] (-) TimerEvent: {}
[91.323644] (-) TimerEvent: {}
[91.426236] (-) TimerEvent: {}
[91.528110] (-) TimerEvent: {}
[91.630466] (-) TimerEvent: {}
[91.734592] (-) TimerEvent: {}
[91.835608] (-) TimerEvent: {}
[91.936710] (-) TimerEvent: {}
[92.040620] (-) TimerEvent: {}
[92.141695] (-) TimerEvent: {}
[92.242882] (-) TimerEvent: {}
[92.349853] (-) TimerEvent: {}
[92.453894] (-) TimerEvent: {}
[92.558628] (-) TimerEvent: {}
[92.662666] (-) TimerEvent: {}
[92.764997] (-) TimerEvent: {}
[92.868654] (-) TimerEvent: {}
[92.976606] (-) TimerEvent: {}
[93.077654] (-) TimerEvent: {}
[93.181614] (-) TimerEvent: {}
[93.283617] (-) TimerEvent: {}
[93.387610] (-) TimerEvent: {}
[93.492593] (-) TimerEvent: {}
[93.593739] (-) TimerEvent: {}
[93.694850] (-) TimerEvent: {}
[93.801606] (-) TimerEvent: {}
[93.902647] (-) TimerEvent: {}
[94.003617] (-) TimerEvent: {}
[94.107660] (-) TimerEvent: {}
[94.212662] (-) TimerEvent: {}
[94.324595] (-) TimerEvent: {}
[94.430894] (-) TimerEvent: {}
[94.536604] (-) TimerEvent: {}
[94.638527] (-) TimerEvent: {}
[94.741267] (-) TimerEvent: {}
[94.842639] (-) TimerEvent: {}
[94.943762] (-) TimerEvent: {}
[95.044870] (-) TimerEvent: {}
[95.145968] (-) TimerEvent: {}
[95.247038] (-) TimerEvent: {}
[95.440581] (-) TimerEvent: {}
[95.609206] (-) TimerEvent: {}
[95.711545] (-) TimerEvent: {}
[95.813892] (-) TimerEvent: {}
[95.920251] (-) TimerEvent: {}
[96.022478] (-) TimerEvent: {}
[96.124827] (-) TimerEvent: {}
[96.227636] (-) TimerEvent: {}
[96.332615] (-) TimerEvent: {}
[96.434337] (-) TimerEvent: {}
[96.536573] (-) TimerEvent: {}
[96.637607] (-) TimerEvent: {}
[96.738590] (-) TimerEvent: {}
[96.841354] (-) TimerEvent: {}
[96.944633] (-) TimerEvent: {}
[97.047173] (-) TimerEvent: {}
[97.149709] (-) TimerEvent: {}
[97.252121] (-) TimerEvent: {}
[97.353336] (-) TimerEvent: {}
[97.455611] (-) TimerEvent: {}
[97.556572] (-) TimerEvent: {}
[97.657521] (-) TimerEvent: {}
[97.759042] (-) TimerEvent: {}
[97.860551] (-) TimerEvent: {}
[97.961569] (-) TimerEvent: {}
[98.062584] (-) TimerEvent: {}
[98.163607] (-) TimerEvent: {}
[98.267689] (-) TimerEvent: {}
[98.369485] (-) TimerEvent: {}
[98.470632] (-) TimerEvent: {}
[98.571800] (-) TimerEvent: {}
[98.672868] (-) TimerEvent: {}
[98.773949] (-) TimerEvent: {}
[98.875064] (-) TimerEvent: {}
[98.976198] (-) TimerEvent: {}
[99.077269] (-) TimerEvent: {}
[99.178410] (-) TimerEvent: {}
[99.279583] (-) TimerEvent: {}
[99.382102] (-) TimerEvent: {}
[99.484575] (-) TimerEvent: {}
[99.587046] (-) TimerEvent: {}
[99.688159] (-) TimerEvent: {}
[99.789301] (-) TimerEvent: {}
[99.891839] (-) TimerEvent: {}
[99.994364] (-) TimerEvent: {}
[100.097013] (-) TimerEvent: {}
[100.199713] (-) TimerEvent: {}
[100.302861] (-) TimerEvent: {}
[100.405653] (-) TimerEvent: {}
[100.508282] (-) TimerEvent: {}
[100.611029] (-) TimerEvent: {}
[100.713560] (-) TimerEvent: {}
[100.815581] (-) TimerEvent: {}
[100.917712] (-) TimerEvent: {}
[101.028626] (-) TimerEvent: {}
[101.130965] (-) TimerEvent: {}
[101.238607] (-) TimerEvent: {}
[101.345642] (-) TimerEvent: {}
[101.452615] (-) TimerEvent: {}
[101.555487] (-) TimerEvent: {}
[101.657591] (-) TimerEvent: {}
[101.761656] (-) TimerEvent: {}
[101.863982] (-) TimerEvent: {}
[101.966352] (-) TimerEvent: {}
[102.071663] (-) TimerEvent: {}
[102.180614] (-) TimerEvent: {}
[102.282274] (-) TimerEvent: {}
[102.395602] (-) TimerEvent: {}
[102.502611] (-) TimerEvent: {}
[102.604363] (-) TimerEvent: {}
[102.711733] (-) TimerEvent: {}
[102.819627] (-) TimerEvent: {}
[102.922066] (-) TimerEvent: {}
[103.028958] (-) TimerEvent: {}
[103.131140] (-) TimerEvent: {}
[103.233366] (-) TimerEvent: {}
[103.335619] (-) TimerEvent: {}
[103.441169] (-) TimerEvent: {}
[103.549624] (-) TimerEvent: {}
[103.668664] (-) TimerEvent: {}
[103.777249] (-) TimerEvent: {}
[103.879513] (-) TimerEvent: {}
[103.980617] (-) TimerEvent: {}
[104.081704] (-) TimerEvent: {}
[104.182819] (-) TimerEvent: {}
[104.285072] (-) TimerEvent: {}
[104.387077] (-) TimerEvent: {}
[104.489257] (-) TimerEvent: {}
[104.593610] (-) TimerEvent: {}
[104.694764] (-) TimerEvent: {}
[104.799646] (-) TimerEvent: {}
[104.900703] (-) TimerEvent: {}
[105.005611] (-) TimerEvent: {}
[105.108047] (-) TimerEvent: {}
[105.212302] (-) TimerEvent: {}
[105.314714] (-) TimerEvent: {}
[105.420647] (-) TimerEvent: {}
[105.522124] (-) TimerEvent: {}
[105.629662] (-) TimerEvent: {}
[105.732464] (-) TimerEvent: {}
[105.834636] (-) TimerEvent: {}
[105.941720] (-) TimerEvent: {}
[106.044856] (-) TimerEvent: {}
[106.150577] (-) TimerEvent: {}
[106.251777] (-) TimerEvent: {}
[106.354124] (-) TimerEvent: {}
[106.456520] (-) TimerEvent: {}
[106.559062] (-) TimerEvent: {}
[106.661295] (-) TimerEvent: {}
[106.763571] (-) TimerEvent: {}
[106.868613] (-) TimerEvent: {}
[106.975586] (-) TimerEvent: {}
[107.080587] (-) TimerEvent: {}
[107.182751] (-) TimerEvent: {}
[107.285047] (-) TimerEvent: {}
[107.390152] (-) TimerEvent: {}
[107.492813] (-) TimerEvent: {}
[107.602453] (-) TimerEvent: {}
[107.705668] (-) TimerEvent: {}
[107.807534] (-) TimerEvent: {}
[107.909298] (-) TimerEvent: {}
[108.010886] (-) TimerEvent: {}
[108.112686] (-) TimerEvent: {}
[108.213850] (-) TimerEvent: {}
[108.315748] (-) TimerEvent: {}
[108.418247] (-) TimerEvent: {}
[108.519504] (-) TimerEvent: {}
[108.620647] (-) TimerEvent: {}
[108.721871] (-) TimerEvent: {}
[108.829609] (-) TimerEvent: {}
[108.931662] (-) TimerEvent: {}
[109.033776] (-) TimerEvent: {}
[109.141830] (-) TimerEvent: {}
[109.253581] (-) TimerEvent: {}
[109.360585] (-) TimerEvent: {}
[109.463079] (-) TimerEvent: {}
[109.568644] (-) TimerEvent: {}
[109.670985] (-) TimerEvent: {}
[109.773476] (-) TimerEvent: {}
[109.875835] (-) TimerEvent: {}
[109.981630] (-) TimerEvent: {}
[110.088665] (-) TimerEvent: {}
[110.191260] (-) TimerEvent: {}
[110.292938] (-) TimerEvent: {}
[110.394656] (-) TimerEvent: {}
[110.500622] (-) TimerEvent: {}
[110.602417] (-) TimerEvent: {}
[110.715587] (-) TimerEvent: {}
[110.819619] (-) TimerEvent: {}
[110.923607] (-) TimerEvent: {}
[111.028979] (-) TimerEvent: {}
[111.132935] (-) TimerEvent: {}
[111.238830] (-) TimerEvent: {}
[111.344621] (-) TimerEvent: {}
[111.448651] (-) TimerEvent: {}
[111.550696] (-) TimerEvent: {}
[111.651955] (-) TimerEvent: {}
[111.759313] (-) TimerEvent: {}
[111.860679] (-) TimerEvent: {}
[111.962687] (-) TimerEvent: {}
[112.064098] (-) TimerEvent: {}
[112.165162] (-) TimerEvent: {}
[112.266232] (-) TimerEvent: {}
[112.367529] (-) TimerEvent: {}
[115.459076] (-) TimerEvent: {}
[115.560931] (-) TimerEvent: {}
[115.662694] (-) TimerEvent: {}
[115.764126] (-) TimerEvent: {}
[115.866752] (-) TimerEvent: {}
[115.968696] (-) TimerEvent: {}
[116.069815] (-) TimerEvent: {}
[116.171908] (-) TimerEvent: {}
[116.274619] (-) TimerEvent: {}
[116.376714] (-) TimerEvent: {}
[116.477762] (-) TimerEvent: {}
[116.578842] (-) TimerEvent: {}
[116.680501] (-) TimerEvent: {}
[116.781474] (-) TimerEvent: {}
[116.884075] (-) TimerEvent: {}
[116.986454] (-) TimerEvent: {}
[117.087573] (-) TimerEvent: {}
[117.195668] (-) TimerEvent: {}
[117.297345] (-) TimerEvent: {}
[117.399460] (-) TimerEvent: {}
[119.226321] (-) TimerEvent: {}
[119.328968] (-) TimerEvent: {}
[119.431515] (-) TimerEvent: {}
[119.534137] (-) TimerEvent: {}
[119.636782] (-) TimerEvent: {}
[119.739366] (-) TimerEvent: {}
[119.842061] (-) TimerEvent: {}
[119.944867] (-) TimerEvent: {}
[120.047502] (-) TimerEvent: {}
[120.149608] (-) TimerEvent: {}
[120.250680] (-) TimerEvent: {}
[120.351839] (-) TimerEvent: {}
[120.453015] (-) TimerEvent: {}
[120.554121] (-) TimerEvent: {}
[120.655262] (-) TimerEvent: {}
[120.756448] (-) TimerEvent: {}
[120.857574] (-) TimerEvent: {}
[120.960372] (-) TimerEvent: {}
[121.061546] (-) TimerEvent: {}
[121.165667] (-) TimerEvent: {}
[121.266750] (-) TimerEvent: {}
[121.367836] (-) TimerEvent: {}
[121.470615] (-) TimerEvent: {}
[121.571694] (-) TimerEvent: {}
[121.672878] (-) TimerEvent: {}
[121.774644] (-) TimerEvent: {}
[121.875784] (-) TimerEvent: {}
[121.976896] (-) TimerEvent: {}
[122.078555] (-) TimerEvent: {}
[122.185626] (-) TimerEvent: {}
[122.289627] (-) TimerEvent: {}
[122.391109] (-) TimerEvent: {}
[122.492133] (-) TimerEvent: {}
[122.594688] (-) TimerEvent: {}
[122.695799] (-) TimerEvent: {}
[122.796885] (-) TimerEvent: {}
[122.899677] (-) TimerEvent: {}
[123.000718] (-) TimerEvent: {}
[123.101828] (-) TimerEvent: {}
[123.202973] (-) TimerEvent: {}
[123.304412] (-) TimerEvent: {}
[123.405512] (-) TimerEvent: {}
[123.506584] (-) TimerEvent: {}
[123.607720] (-) TimerEvent: {}
[123.708754] (-) TimerEvent: {}
[123.817057] (-) TimerEvent: {}
[123.919193] (-) TimerEvent: {}
[124.021101] (-) TimerEvent: {}
[124.123975] (-) TimerEvent: {}
[124.226159] (-) TimerEvent: {}
[124.328715] (-) TimerEvent: {}
[124.431167] (-) TimerEvent: {}
[124.532505] (-) TimerEvent: {}
[124.633804] (-) TimerEvent: {}
[124.734781] (-) TimerEvent: {}
[124.835725] (-) TimerEvent: {}
[124.936514] (-) TimerEvent: {}
[125.037425] (-) TimerEvent: {}
[125.138628] (-) TimerEvent: {}
[125.239718] (-) TimerEvent: {}
[125.346636] (-) TimerEvent: {}
[125.450678] (-) TimerEvent: {}
[125.553191] (-) TimerEvent: {}
[125.658672] (-) TimerEvent: {}
[125.760233] (-) TimerEvent: {}
[125.867632] (-) TimerEvent: {}
[125.973613] (-) TimerEvent: {}
[126.075276] (-) TimerEvent: {}
[126.182622] (-) TimerEvent: {}
[126.284354] (-) TimerEvent: {}
[126.385578] (-) TimerEvent: {}
[126.493595] (-) TimerEvent: {}
[126.599657] (-) TimerEvent: {}
[126.706658] (-) TimerEvent: {}
[126.807741] (-) TimerEvent: {}
[126.910280] (-) TimerEvent: {}
[127.012479] (-) TimerEvent: {}
[127.114578] (-) TimerEvent: {}
[127.216227] (-) TimerEvent: {}
[127.327625] (-) TimerEvent: {}
[127.428782] (-) TimerEvent: {}
[127.533054] (-) TimerEvent: {}
[127.634292] (-) TimerEvent: {}
[127.735562] (-) TimerEvent: {}
[127.836781] (-) TimerEvent: {}
[127.937963] (-) TimerEvent: {}
[128.039850] (-) TimerEvent: {}
[128.148629] (-) TimerEvent: {}
[128.253641] (-) TimerEvent: {}
[128.356031] (-) TimerEvent: {}
[128.458335] (-) TimerEvent: {}
[128.561319] (-) TimerEvent: {}
[128.664199] (-) TimerEvent: {}
[128.766837] (-) TimerEvent: {}
[128.869680] (-) TimerEvent: {}
[128.972466] (-) TimerEvent: {}
[129.075163] (-) TimerEvent: {}
[129.177626] (-) TimerEvent: {}
[129.278708] (-) TimerEvent: {}
[129.379826] (-) TimerEvent: {}
[129.482477] (-) TimerEvent: {}
[129.583535] (-) TimerEvent: {}
[129.684328] (-) TimerEvent: {}
[129.785403] (-) TimerEvent: {}
[129.886505] (-) TimerEvent: {}
[129.987564] (-) TimerEvent: {}
[130.088491] (-) TimerEvent: {}
[130.189639] (-) TimerEvent: {}
[130.290635] (-) TimerEvent: {}
[130.396616] (-) TimerEvent: {}
[130.502626] (-) TimerEvent: {}
[130.603775] (-) TimerEvent: {}
[130.708628] (-) TimerEvent: {}
[130.809762] (-) TimerEvent: {}
[130.910843] (-) TimerEvent: {}
[131.012534] (-) TimerEvent: {}
[131.114153] (-) TimerEvent: {}
[131.222629] (-) TimerEvent: {}
[131.324299] (-) TimerEvent: {}
[131.427359] (-) TimerEvent: {}
[131.529574] (-) TimerEvent: {}
[131.631754] (-) TimerEvent: {}
[131.734324] (-) TimerEvent: {}
[131.842796] (-) TimerEvent: {}
[131.946952] (-) TimerEvent: {}
[132.048096] (-) TimerEvent: {}
[132.149267] (-) TimerEvent: {}
[132.251411] (-) TimerEvent: {}
[132.358630] (-) TimerEvent: {}
[132.461427] (-) TimerEvent: {}
[132.562621] (-) TimerEvent: {}
[132.665859] (-) TimerEvent: {}
[132.771626] (-) TimerEvent: {}
[132.874500] (-) TimerEvent: {}
[132.976253] (-) TimerEvent: {}
[133.083690] (-) TimerEvent: {}
[133.185883] (-) TimerEvent: {}
[133.288232] (-) TimerEvent: {}
[133.389714] (-) TimerEvent: {}
[133.492485] (-) TimerEvent: {}
[133.595831] (-) TimerEvent: {}
[133.698035] (-) TimerEvent: {}
[133.799266] (-) TimerEvent: {}
[133.900341] (-) TimerEvent: {}
[134.004644] (-) TimerEvent: {}
[134.108215] (-) TimerEvent: {}
[134.212640] (-) TimerEvent: {}
[134.318643] (-) TimerEvent: {}
[134.419731] (-) TimerEvent: {}
[134.522574] (-) TimerEvent: {}
[134.626627] (-) TimerEvent: {}
[134.727750] (-) TimerEvent: {}
[134.832604] (-) TimerEvent: {}
[134.933766] (-) TimerEvent: {}
[135.034820] (-) TimerEvent: {}
[135.135993] (-) TimerEvent: {}
[135.238178] (-) TimerEvent: {}
[135.339611] (-) TimerEvent: {}
[135.440707] (-) TimerEvent: {}
[135.541854] (-) TimerEvent: {}
[135.644820] (-) TimerEvent: {}
[135.747463] (-) TimerEvent: {}
[135.850315] (-) TimerEvent: {}
[135.953694] (-) TimerEvent: {}
[136.057650] (-) TimerEvent: {}
[136.162629] (-) TimerEvent: {}
[136.271310] (-) TimerEvent: {}
[136.374758] (-) TimerEvent: {}
[136.475956] (-) TimerEvent: {}
[136.580055] (-) TimerEvent: {}
[136.683631] (-) TimerEvent: {}
[136.784705] (-) TimerEvent: {}
[136.885516] (-) TimerEvent: {}
[136.999577] (-) TimerEvent: {}
[137.100320] (-) TimerEvent: {}
[137.201078] (-) TimerEvent: {}
[137.301972] (-) TimerEvent: {}
[137.403217] (-) TimerEvent: {}
[137.504633] (-) TimerEvent: {}
[138.249970] (-) TimerEvent: {}
[138.359602] (-) TimerEvent: {}
[138.461252] (-) TimerEvent: {}
[138.564109] (-) TimerEvent: {}
[138.666543] (-) TimerEvent: {}
[138.769600] (-) TimerEvent: {}
[138.871280] (-) TimerEvent: {}
[138.972847] (-) TimerEvent: {}
[139.074632] (-) TimerEvent: {}
[139.177424] (-) TimerEvent: {}
[139.280335] (-) TimerEvent: {}
[139.383271] (-) TimerEvent: {}
[139.485742] (-) TimerEvent: {}
[139.588869] (-) TimerEvent: {}
[139.697263] (-) TimerEvent: {}
[139.798675] (-) TimerEvent: {}
[139.901650] (-) TimerEvent: {}
[140.003208] (-) TimerEvent: {}
[140.104863] (-) TimerEvent: {}
[140.206558] (-) TimerEvent: {}
[140.307618] (-) TimerEvent: {}
[140.408603] (-) TimerEvent: {}
[140.509515] (-) TimerEvent: {}
[140.610605] (-) TimerEvent: {}
[140.711544] (-) TimerEvent: {}
[140.812354] (-) TimerEvent: {}
[140.913414] (-) TimerEvent: {}
[141.014299] (-) TimerEvent: {}
[141.115165] (-) TimerEvent: {}
[141.215973] (-) TimerEvent: {}
[141.316871] (-) TimerEvent: {}
[141.417737] (-) TimerEvent: {}
[141.518507] (-) TimerEvent: {}
[141.619321] (-) TimerEvent: {}
[141.720605] (-) TimerEvent: {}
[141.822249] (-) TimerEvent: {}
[141.923294] (-) TimerEvent: {}
[142.024371] (-) TimerEvent: {}
[142.125577] (-) TimerEvent: {}
[142.228061] (-) TimerEvent: {}
[142.329302] (-) TimerEvent: {}
[142.431581] (-) TimerEvent: {}
[142.533287] (-) TimerEvent: {}
[143.797515] (-) TimerEvent: {}
[143.898779] (-) TimerEvent: {}
[144.000573] (-) TimerEvent: {}
[144.102433] (-) TimerEvent: {}
[144.203574] (-) TimerEvent: {}
[144.307611] (-) TimerEvent: {}
[144.414163] (-) TimerEvent: {}
[144.518607] (-) TimerEvent: {}
[144.619710] (-) TimerEvent: {}
[144.720842] (-) TimerEvent: {}
[144.822570] (-) TimerEvent: {}
[144.924064] (-) TimerEvent: {}
[145.025679] (-) TimerEvent: {}
[145.127562] (-) TimerEvent: {}
[145.231775] (-) TimerEvent: {}
[145.333578] (-) TimerEvent: {}
[145.435283] (-) TimerEvent: {}
[145.539627] (-) TimerEvent: {}
[145.641231] (-) TimerEvent: {}
[145.747681] (-) TimerEvent: {}
[145.850420] (-) TimerEvent: {}
[145.955650] (-) TimerEvent: {}
[146.056918] (-) TimerEvent: {}
[146.157976] (-) TimerEvent: {}
[146.259217] (-) TimerEvent: {}
[146.360330] (-) TimerEvent: {}
[146.461757] (-) TimerEvent: {}
[146.563675] (-) TimerEvent: {}
[146.669787] (-) TimerEvent: {}
[146.771664] (-) TimerEvent: {}
[146.874700] (-) TimerEvent: {}
[146.976521] (-) TimerEvent: {}
[147.078150] (-) TimerEvent: {}
[147.181149] (-) TimerEvent: {}
[147.284211] (-) TimerEvent: {}
[147.390659] (-) TimerEvent: {}
[147.496687] (-) TimerEvent: {}
[147.598292] (-) TimerEvent: {}
[147.700923] (-) TimerEvent: {}
[147.803669] (-) TimerEvent: {}
[147.904949] (-) TimerEvent: {}
[148.006150] (-) TimerEvent: {}
[148.107333] (-) TimerEvent: {}
[148.212630] (-) TimerEvent: {}
[148.321544] (-) TimerEvent: {}
[148.428928] (-) TimerEvent: {}
[148.530079] (-) TimerEvent: {}
[148.631335] (-) TimerEvent: {}
[148.733862] (-) TimerEvent: {}
[148.841672] (-) TimerEvent: {}
[148.943595] (-) TimerEvent: {}
[149.047715] (-) TimerEvent: {}
[149.152638] (-) TimerEvent: {}
[149.255446] (-) TimerEvent: {}
[149.358108] (-) TimerEvent: {}
[149.464618] (-) TimerEvent: {}
[149.571615] (-) TimerEvent: {}
[149.677620] (-) TimerEvent: {}
[149.780311] (-) TimerEvent: {}
[149.889486] (-) TimerEvent: {}
[149.998420] (-) TimerEvent: {}
[150.107959] (-) TimerEvent: {}
[150.220641] (-) TimerEvent: {}
[150.321949] (-) TimerEvent: {}
[150.424661] (-) TimerEvent: {}
[150.526240] (-) TimerEvent: {}
[150.627440] (-) TimerEvent: {}
[150.728528] (-) TimerEvent: {}
[150.830297] (-) TimerEvent: {}
[150.932262] (-) TimerEvent: {}
[151.033983] (-) TimerEvent: {}
[151.135567] (-) TimerEvent: {}
[151.238317] (-) TimerEvent: {}
[151.343650] (-) TimerEvent: {}
[151.445500] (-) TimerEvent: {}
[151.550808] (-) TimerEvent: {}
[151.652426] (-) TimerEvent: {}
[151.753981] (-) TimerEvent: {}
[151.855575] (-) TimerEvent: {}
[151.957270] (-) TimerEvent: {}
[152.058483] (-) TimerEvent: {}
[152.161172] (-) TimerEvent: {}
[152.263572] (-) TimerEvent: {}
[152.367435] (-) TimerEvent: {}
[152.473717] (-) TimerEvent: {}
[152.575277] (-) TimerEvent: {}
[152.679981] (-) TimerEvent: {}
[152.781597] (-) TimerEvent: {}
[152.887620] (-) TimerEvent: {}
[152.995590] (-) TimerEvent: {}
[153.096969] (-) TimerEvent: {}
[153.199203] (-) TimerEvent: {}
[153.304615] (-) TimerEvent: {}
[153.409605] (-) TimerEvent: {}
[153.512247] (-) TimerEvent: {}
[153.613610] (-) TimerEvent: {}
[153.714743] (-) TimerEvent: {}
[153.815941] (-) TimerEvent: {}
[153.917214] (-) TimerEvent: {}
[154.022695] (-) TimerEvent: {}
[154.130634] (-) TimerEvent: {}
[154.231744] (-) TimerEvent: {}
[154.332783] (-) TimerEvent: {}
[154.435070] (-) TimerEvent: {}
[154.542600] (-) TimerEvent: {}
[154.659735] (-) TimerEvent: {}
[154.766636] (-) TimerEvent: {}
[154.868604] (-) TimerEvent: {}
[154.974597] (-) TimerEvent: {}
[155.078641] (-) TimerEvent: {}
[155.189631] (-) TimerEvent: {}
[155.297609] (-) TimerEvent: {}
[155.398625] (-) TimerEvent: {}
[155.505619] (-) TimerEvent: {}
[155.609633] (-) TimerEvent: {}
[155.713733] (-) TimerEvent: {}
[155.818618] (-) TimerEvent: {}
[155.920249] (-) TimerEvent: {}
[156.021414] (-) TimerEvent: {}
[156.123202] (-) TimerEvent: {}
[156.229653] (-) TimerEvent: {}
[156.332104] (-) TimerEvent: {}
[156.434642] (-) TimerEvent: {}
[156.542646] (-) TimerEvent: {}
[156.648620] (-) TimerEvent: {}
[156.753644] (-) TimerEvent: {}
[156.856005] (-) TimerEvent: {}
[156.959937] (-) TimerEvent: {}
[157.064017] (-) TimerEvent: {}
[157.165879] (-) TimerEvent: {}
[157.268271] (-) TimerEvent: {}
[157.369567] (-) TimerEvent: {}
[157.470656] (-) TimerEvent: {}
[157.577639] (-) TimerEvent: {}
[157.679265] (-) TimerEvent: {}
[157.780634] (-) TimerEvent: {}
[157.882110] (-) TimerEvent: {}
[157.983630] (-) TimerEvent: {}
[158.085021] (-) TimerEvent: {}
[158.186105] (-) TimerEvent: {}
[158.287255] (-) TimerEvent: {}
[158.388434] (-) TimerEvent: {}
[158.489581] (-) TimerEvent: {}
[158.590703] (-) TimerEvent: {}
[158.691740] (-) TimerEvent: {}
[158.792826] (-) TimerEvent: {}
[158.904977] (-) TimerEvent: {}
[159.006752] (-) TimerEvent: {}
[159.113629] (-) TimerEvent: {}
[159.215155] (-) TimerEvent: {}
[159.316887] (-) TimerEvent: {}
[159.417857] (-) TimerEvent: {}
[159.519196] (-) TimerEvent: {}
[159.620221] (-) TimerEvent: {}
[159.721447] (-) TimerEvent: {}
[159.822490] (-) TimerEvent: {}
[159.923785] (-) TimerEvent: {}
[160.024871] (-) TimerEvent: {}
[160.126118] (-) TimerEvent: {}
[160.227242] (-) TimerEvent: {}
[160.328365] (-) TimerEvent: {}
[160.429551] (-) TimerEvent: {}
[160.532173] (-) TimerEvent: {}
[160.634419] (-) TimerEvent: {}
[160.736911] (-) TimerEvent: {}
[160.844641] (-) TimerEvent: {}
[160.948678] (-) TimerEvent: {}
[161.053644] (-) TimerEvent: {}
[161.156559] (-) TimerEvent: {}
[161.258181] (-) TimerEvent: {}
[161.363626] (-) TimerEvent: {}
[161.466111] (-) TimerEvent: {}
[161.574254] (-) TimerEvent: {}
[161.677264] (-) TimerEvent: {}
[161.779738] (-) TimerEvent: {}
[161.882209] (-) TimerEvent: {}
[161.984644] (-) TimerEvent: {}
[162.099628] (-) TimerEvent: {}
[162.206655] (-) TimerEvent: {}
[162.313613] (-) TimerEvent: {}
[162.414837] (-) TimerEvent: {}
[162.516430] (-) TimerEvent: {}
[162.618077] (-) TimerEvent: {}
[162.719592] (-) TimerEvent: {}
[162.820666] (-) TimerEvent: {}
[162.926216] (-) TimerEvent: {}
[163.027663] (-) TimerEvent: {}
[163.128741] (-) TimerEvent: {}
[163.229776] (-) TimerEvent: {}
[163.331662] (-) TimerEvent: {}
[163.442642] (-) TimerEvent: {}
[163.549615] (-) TimerEvent: {}
[163.652048] (-) TimerEvent: {}
[163.759613] (-) TimerEvent: {}
[163.861927] (-) TimerEvent: {}
[163.969612] (-) TimerEvent: {}
[164.074664] (-) TimerEvent: {}
[164.177432] (-) TimerEvent: {}
[164.285620] (-) TimerEvent: {}
[164.387126] (-) TimerEvent: {}
[164.499601] (-) TimerEvent: {}
[164.601468] (-) TimerEvent: {}
[164.707660] (-) TimerEvent: {}
[164.809812] (-) TimerEvent: {}
[164.912094] (-) TimerEvent: {}
[165.014062] (-) TimerEvent: {}
[165.116431] (-) TimerEvent: {}
[165.218652] (-) TimerEvent: {}
[165.319712] (-) TimerEvent: {}
[165.421980] (-) TimerEvent: {}
[165.536628] (-) TimerEvent: {}
[165.638519] (-) TimerEvent: {}
[165.740298] (-) TimerEvent: {}
[165.842167] (-) TimerEvent: {}
[165.944073] (-) TimerEvent: {}
[166.045914] (-) TimerEvent: {}
[166.148094] (-) TimerEvent: {}
[166.250684] (-) TimerEvent: {}
[166.352442] (-) TimerEvent: {}
[166.453679] (-) TimerEvent: {}
[166.554799] (-) TimerEvent: {}
[166.657139] (-) TimerEvent: {}
[166.759503] (-) TimerEvent: {}
[166.861752] (-) TimerEvent: {}
[166.964171] (-) TimerEvent: {}
[167.066548] (-) TimerEvent: {}
[167.173615] (-) TimerEvent: {}
[167.275958] (-) TimerEvent: {}
[167.378678] (-) TimerEvent: {}
[167.485287] (-) TimerEvent: {}
[167.590679] (-) TimerEvent: {}
[167.693099] (-) TimerEvent: {}
[167.795860] (-) TimerEvent: {}
[167.898841] (-) TimerEvent: {}
[168.001226] (-) TimerEvent: {}
[168.102302] (-) TimerEvent: {}
[168.203572] (-) TimerEvent: {}
[168.304943] (-) TimerEvent: {}
[168.406098] (-) TimerEvent: {}
[168.507210] (-) TimerEvent: {}
[168.608491] (-) TimerEvent: {}
[168.709607] (-) TimerEvent: {}
[168.811175] (-) TimerEvent: {}
[168.912692] (-) TimerEvent: {}
[169.014491] (-) TimerEvent: {}
[169.116062] (-) TimerEvent: {}
[169.217658] (-) TimerEvent: {}
[169.318838] (-) TimerEvent: {}
[169.419962] (-) TimerEvent: {}
[169.521056] (-) TimerEvent: {}
[169.623777] (-) TimerEvent: {}
[169.724937] (-) TimerEvent: {}
[169.826080] (-) TimerEvent: {}
[169.927257] (-) TimerEvent: {}
[170.028441] (-) TimerEvent: {}
[170.129580] (-) TimerEvent: {}
[170.230663] (-) TimerEvent: {}
[170.331761] (-) TimerEvent: {}
[170.432992] (-) TimerEvent: {}
[170.534283] (-) TimerEvent: {}
[170.636336] (-) TimerEvent: {}
[170.738725] (-) TimerEvent: {}
[170.840267] (-) TimerEvent: {}
[170.941906] (-) TimerEvent: {}
[171.043456] (-) TimerEvent: {}
[171.145000] (-) TimerEvent: {}
[171.246618] (-) TimerEvent: {}
[171.347643] (-) TimerEvent: {}
[171.448806] (-) TimerEvent: {}
[171.549977] (-) TimerEvent: {}
[171.651217] (-) TimerEvent: {}
[171.753978] (-) TimerEvent: {}
[171.856430] (-) TimerEvent: {}
[171.958493] (-) TimerEvent: {}
[172.059527] (-) TimerEvent: {}
[172.161028] (-) TimerEvent: {}
[172.262181] (-) TimerEvent: {}
[172.363328] (-) TimerEvent: {}
[172.464474] (-) TimerEvent: {}
[172.565665] (-) TimerEvent: {}
[173.226615] (-) TimerEvent: {}
[173.327817] (-) TimerEvent: {}
[173.428923] (-) TimerEvent: {}
[173.530046] (-) TimerEvent: {}
[173.631319] (-) TimerEvent: {}
[173.732601] (-) TimerEvent: {}
[173.833681] (-) TimerEvent: {}
[173.934948] (-) TimerEvent: {}
[174.036153] (-) TimerEvent: {}
[174.137249] (-) TimerEvent: {}
[174.238421] (-) TimerEvent: {}
[174.339587] (-) TimerEvent: {}
[174.441776] (-) TimerEvent: {}
[174.542989] (-) TimerEvent: {}
[174.644748] (-) TimerEvent: {}
[174.746474] (-) TimerEvent: {}
[174.847777] (-) TimerEvent: {}
[174.949080] (-) TimerEvent: {}
[175.050743] (-) TimerEvent: {}
[175.151830] (-) TimerEvent: {}
[175.252948] (-) TimerEvent: {}
[175.354093] (-) TimerEvent: {}
[175.456873] (-) TimerEvent: {}
[175.559444] (-) TimerEvent: {}
[175.660591] (-) TimerEvent: {}
[175.761701] (-) TimerEvent: {}
[175.862756] (-) TimerEvent: {}
[175.964131] (-) TimerEvent: {}
[176.065442] (-) TimerEvent: {}
[176.166964] (-) TimerEvent: {}
[176.268702] (-) TimerEvent: {}
[176.370301] (-) TimerEvent: {}
[176.471982] (-) TimerEvent: {}
[176.573218] (-) TimerEvent: {}
[176.674424] (-) TimerEvent: {}
[176.775630] (-) TimerEvent: {}
[176.877296] (-) TimerEvent: {}
[176.978869] (-) TimerEvent: {}
[177.080006] (-) TimerEvent: {}
[177.181265] (-) TimerEvent: {}
[177.282806] (-) TimerEvent: {}
[177.383761] (-) TimerEvent: {}
[177.486426] (-) TimerEvent: {}
[177.588988] (-) TimerEvent: {}
[177.745454] (-) TimerEvent: {}
[177.846494] (-) TimerEvent: {}
[177.949793] (-) TimerEvent: {}
[178.052289] (-) TimerEvent: {}
[178.156054] (-) TimerEvent: {}
[178.258533] (-) TimerEvent: {}
[178.360956] (-) TimerEvent: {}
[178.465860] (-) TimerEvent: {}
[178.568472] (-) TimerEvent: {}
[178.671250] (-) TimerEvent: {}
[178.773928] (-) TimerEvent: {}
[178.876629] (-) TimerEvent: {}
[178.980112] (-) TimerEvent: {}
[179.083932] (-) TimerEvent: {}
[179.186419] (-) TimerEvent: {}
[179.289033] (-) TimerEvent: {}
[179.391502] (-) TimerEvent: {}
[179.494057] (-) TimerEvent: {}
[179.600637] (-) TimerEvent: {}
[179.701737] (-) TimerEvent: {}
[179.806802] (-) TimerEvent: {}
[179.909430] (-) TimerEvent: {}
[180.010867] (-) TimerEvent: {}
[180.112037] (-) TimerEvent: {}
[180.213145] (-) TimerEvent: {}
[180.314287] (-) TimerEvent: {}
[180.415306] (-) TimerEvent: {}
[180.517484] (-) TimerEvent: {}
[180.624131] (-) TimerEvent: {}
[180.727744] (-) TimerEvent: {}
[180.829259] (-) TimerEvent: {}
[180.932262] (-) TimerEvent: {}
[181.034765] (-) TimerEvent: {}
[181.137119] (-) TimerEvent: {}
[181.240967] (-) TimerEvent: {}
[181.344258] (-) TimerEvent: {}
[181.446796] (-) TimerEvent: {}
[181.547860] (-) TimerEvent: {}
[181.654594] (-) TimerEvent: {}
[181.763569] (-) TimerEvent: {}
[181.870581] (-) TimerEvent: {}
[181.971678] (-) TimerEvent: {}
[182.077581] (-) TimerEvent: {}
[182.190650] (-) TimerEvent: {}
[182.292243] (-) TimerEvent: {}
[182.393425] (-) TimerEvent: {}
[182.494484] (-) TimerEvent: {}
[182.597104] (-) TimerEvent: {}
[182.938487] (-) TimerEvent: {}
[183.040689] (-) TimerEvent: {}
[183.142945] (-) TimerEvent: {}
[183.244026] (-) TimerEvent: {}
[183.346258] (-) TimerEvent: {}
[183.448802] (-) TimerEvent: {}
[183.550836] (-) TimerEvent: {}
[183.653143] (-) TimerEvent: {}
[183.758347] (-) TimerEvent: {}
[183.862658] (-) TimerEvent: {}
[183.968643] (-) TimerEvent: {}
[184.071459] (-) TimerEvent: {}
[184.182634] (-) TimerEvent: {}
[184.291159] (-) TimerEvent: {}
[184.393767] (-) TimerEvent: {}
[184.497169] (-) TimerEvent: {}
[184.599034] (-) TimerEvent: {}
[184.701433] (-) TimerEvent: {}
[184.805583] (-) TimerEvent: {}
[184.911059] (-) TimerEvent: {}
[185.012932] (-) TimerEvent: {}
[185.114170] (-) TimerEvent: {}
[185.217449] (-) TimerEvent: {}
[185.318700] (-) TimerEvent: {}
[185.424034] (-) TimerEvent: {}
[185.525344] (-) TimerEvent: {}
[185.626591] (-) TimerEvent: {}
[185.729339] (-) TimerEvent: {}
[185.832105] (-) TimerEvent: {}
[185.935001] (-) TimerEvent: {}
[186.037668] (-) TimerEvent: {}
[186.141961] (-) TimerEvent: {}
[186.245923] (-) TimerEvent: {}
[186.347363] (-) TimerEvent: {}
[186.448843] (-) TimerEvent: {}
[186.552738] (-) TimerEvent: {}
[186.659633] (-) TimerEvent: {}
[186.762663] (-) TimerEvent: {}
[186.863967] (-) TimerEvent: {}
[186.966284] (-) TimerEvent: {}
[187.071173] (-) TimerEvent: {}
[187.172590] (-) TimerEvent: {}
[187.277082] (-) TimerEvent: {}
[187.380852] (-) TimerEvent: {}
[187.486364] (-) TimerEvent: {}
[187.587424] (-) TimerEvent: {}
[187.856638] (-) TimerEvent: {}
[187.959782] (-) TimerEvent: {}
[188.061196] (-) TimerEvent: {}
[188.162749] (-) TimerEvent: {}
[188.267102] (-) TimerEvent: {}
[188.369337] (-) TimerEvent: {}
[188.470570] (-) TimerEvent: {}
[188.571969] (-) TimerEvent: {}
[188.677915] (-) TimerEvent: {}
[188.779315] (-) TimerEvent: {}
[188.880958] (-) TimerEvent: {}
[188.983367] (-) TimerEvent: {}
[189.089277] (-) TimerEvent: {}
[189.194560] (-) TimerEvent: {}
[189.295603] (-) TimerEvent: {}
[189.396962] (-) TimerEvent: {}
[189.498125] (-) TimerEvent: {}
[189.599525] (-) TimerEvent: {}
[189.701131] (-) TimerEvent: {}
[189.803134] (-) TimerEvent: {}
[189.904313] (-) TimerEvent: {}
[190.005671] (-) TimerEvent: {}
[190.106638] (-) TimerEvent: {}
[190.208328] (-) TimerEvent: {}
[190.310101] (-) TimerEvent: {}
[190.412580] (-) TimerEvent: {}
[190.515258] (-) TimerEvent: {}
[190.617651] (-) TimerEvent: {}
[190.720200] (-) TimerEvent: {}
[190.822815] (-) TimerEvent: {}
[190.926679] (-) TimerEvent: {}
[191.027740] (-) TimerEvent: {}
[191.130228] (-) TimerEvent: {}
[191.231356] (-) TimerEvent: {}
[191.334057] (-) TimerEvent: {}
[191.436460] (-) TimerEvent: {}
[191.538864] (-) TimerEvent: {}
[191.640643] (-) TimerEvent: {}
[191.741943] (-) TimerEvent: {}
[191.843055] (-) TimerEvent: {}
[191.945915] (-) TimerEvent: {}
[192.047998] (-) TimerEvent: {}
[192.150525] (-) TimerEvent: {}
[192.251663] (-) TimerEvent: {}
[192.353787] (-) TimerEvent: {}
[192.455033] (-) TimerEvent: {}
[192.556283] (-) TimerEvent: {}
[192.657649] (-) TimerEvent: {}
[193.028151] (-) TimerEvent: {}
[193.130564] (-) TimerEvent: {}
[193.239522] (-) TimerEvent: {}
[193.341337] (-) TimerEvent: {}
[193.442469] (-) TimerEvent: {}
[193.545673] (-) TimerEvent: {}
[193.648732] (-) TimerEvent: {}
[193.749767] (-) TimerEvent: {}
[193.851087] (-) TimerEvent: {}
[193.955580] (-) TimerEvent: {}
[194.062593] (-) TimerEvent: {}
[194.164252] (-) TimerEvent: {}
[194.265621] (-) TimerEvent: {}
[194.372047] (-) TimerEvent: {}
[194.473828] (-) TimerEvent: {}
[194.575677] (-) TimerEvent: {}
[194.677520] (-) TimerEvent: {}
[194.780549] (-) TimerEvent: {}
[194.890464] (-) TimerEvent: {}
[194.995614] (-) TimerEvent: {}
[195.098216] (-) TimerEvent: {}
[195.200406] (-) TimerEvent: {}
[195.302856] (-) TimerEvent: {}
[195.405305] (-) TimerEvent: {}
[195.508092] (-) TimerEvent: {}
[195.613043] (-) TimerEvent: {}
[195.718743] (-) TimerEvent: {}
[195.821654] (-) TimerEvent: {}
[195.928631] (-) TimerEvent: {}
[196.035652] (-) TimerEvent: {}
[196.138127] (-) TimerEvent: {}
[196.245705] (-) TimerEvent: {}
[196.354613] (-) TimerEvent: {}
[196.456885] (-) TimerEvent: {}
[196.559325] (-) TimerEvent: {}
[196.662046] (-) TimerEvent: {}
[196.764351] (-) TimerEvent: {}
[196.866660] (-) TimerEvent: {}
[196.968957] (-) TimerEvent: {}
[197.070133] (-) TimerEvent: {}
[197.172506] (-) TimerEvent: {}
[197.274137] (-) TimerEvent: {}
[197.375684] (-) TimerEvent: {}
[197.477085] (-) TimerEvent: {}
[197.578538] (-) TimerEvent: {}
[197.686635] (-) TimerEvent: {}
[197.789404] (-) TimerEvent: {}
[197.891789] (-) TimerEvent: {}
[197.994069] (-) TimerEvent: {}
[198.096046] (-) TimerEvent: {}
[198.197656] (-) TimerEvent: {}
[198.301212] (-) TimerEvent: {}
[198.402607] (-) TimerEvent: {}
[198.503723] (-) TimerEvent: {}
[198.606699] (-) TimerEvent: {}
[198.707686] (-) TimerEvent: {}
[198.808838] (-) TimerEvent: {}
[198.910084] (-) TimerEvent: {}
[199.011166] (-) TimerEvent: {}
[199.112300] (-) TimerEvent: {}
[199.218557] (-) TimerEvent: {}
[199.320029] (-) TimerEvent: {}
[199.421182] (-) TimerEvent: {}
[199.525666] (-) TimerEvent: {}
[199.627173] (-) TimerEvent: {}
[199.732775] (-) TimerEvent: {}
[199.834605] (-) TimerEvent: {}
[199.936346] (-) TimerEvent: {}
[200.037957] (-) TimerEvent: {}
[200.140783] (-) TimerEvent: {}
[200.243080] (-) TimerEvent: {}
[200.344231] (-) TimerEvent: {}
[200.446756] (-) TimerEvent: {}
[200.548948] (-) TimerEvent: {}
[200.656156] (-) TimerEvent: {}
[200.758611] (-) TimerEvent: {}
[200.859727] (-) TimerEvent: {}
[200.961775] (-) TimerEvent: {}
[201.062805] (-) TimerEvent: {}
[201.163937] (-) TimerEvent: {}
[201.265335] (-) TimerEvent: {}
[201.366433] (-) TimerEvent: {}
[201.468953] (-) TimerEvent: {}
[201.571338] (-) TimerEvent: {}
[201.672493] (-) TimerEvent: {}
[201.778640] (-) TimerEvent: {}
[201.882885] (-) TimerEvent: {}
[201.990603] (-) TimerEvent: {}
[202.098629] (-) TimerEvent: {}
[202.206537] (-) TimerEvent: {}
[202.312596] (-) TimerEvent: {}
[202.416644] (-) TimerEvent: {}
[202.520593] (-) TimerEvent: {}
[202.625636] (-) TimerEvent: {}
[202.727371] (-) TimerEvent: {}
[203.077630] (-) TimerEvent: {}
[203.178606] (-) TimerEvent: {}
[203.286651] (-) TimerEvent: {}
[203.389672] (-) TimerEvent: {}
[203.492073] (-) TimerEvent: {}
[203.594659] (-) TimerEvent: {}
[203.697098] (-) TimerEvent: {}
[203.799647] (-) TimerEvent: {}
[203.905508] (-) TimerEvent: {}
[204.008027] (-) TimerEvent: {}
[204.110608] (-) TimerEvent: {}
[204.213237] (-) TimerEvent: {}
[204.315995] (-) TimerEvent: {}
[204.419228] (-) TimerEvent: {}
[204.521777] (-) TimerEvent: {}
[204.624359] (-) TimerEvent: {}
[204.729467] (-) TimerEvent: {}
[204.833897] (-) TimerEvent: {}
[204.935207] (-) TimerEvent: {}
[205.036438] (-) TimerEvent: {}
[205.137500] (-) TimerEvent: {}
[205.238627] (-) TimerEvent: {}
[205.340703] (-) TimerEvent: {}
[205.444479] (-) TimerEvent: {}
[205.547592] (-) TimerEvent: {}
[205.650838] (-) TimerEvent: {}
[205.751904] (-) TimerEvent: {}
[205.855645] (-) TimerEvent: {}
[205.958792] (-) TimerEvent: {}
[206.061710] (-) TimerEvent: {}
[206.163026] (-) TimerEvent: {}
[206.265134] (-) TimerEvent: {}
[206.366197] (-) TimerEvent: {}
[206.467913] (-) TimerEvent: {}
[206.575663] (-) TimerEvent: {}
[206.678892] (-) TimerEvent: {}
[206.786620] (-) TimerEvent: {}
[206.891607] (-) TimerEvent: {}
[206.997646] (-) TimerEvent: {}
[207.100126] (-) TimerEvent: {}
[207.203028] (-) TimerEvent: {}
[207.307584] (-) TimerEvent: {}
[207.409176] (-) TimerEvent: {}
[207.513218] (-) TimerEvent: {}
[207.614341] (-) TimerEvent: {}
[207.717057] (-) TimerEvent: {}
[207.821073] (-) TimerEvent: {}
[208.093274] (-) TimerEvent: {}
[208.195221] (-) TimerEvent: {}
[208.297861] (-) TimerEvent: {}
[208.399090] (-) TimerEvent: {}
[208.500214] (-) TimerEvent: {}
[208.601371] (-) TimerEvent: {}
[208.703790] (-) TimerEvent: {}
[208.806457] (-) TimerEvent: {}
[208.912535] (-) TimerEvent: {}
[209.015270] (-) TimerEvent: {}
[209.121597] (-) TimerEvent: {}
[209.222629] (-) TimerEvent: {}
[209.330588] (-) TimerEvent: {}
[209.432763] (-) TimerEvent: {}
[209.534188] (-) TimerEvent: {}
[209.635330] (-) TimerEvent: {}
[209.737853] (-) TimerEvent: {}
[209.838944] (-) TimerEvent: {}
[209.940316] (-) TimerEvent: {}
[210.041691] (-) TimerEvent: {}
[210.142961] (-) TimerEvent: {}
[210.244298] (-) TimerEvent: {}
[210.345557] (-) TimerEvent: {}
[210.448401] (-) TimerEvent: {}
[210.550915] (-) TimerEvent: {}
[210.652257] (-) TimerEvent: {}
[210.753253] (-) TimerEvent: {}
[210.859651] (-) TimerEvent: {}
[210.967620] (-) TimerEvent: {}
[211.074577] (-) TimerEvent: {}
[211.175600] (-) TimerEvent: {}
[211.277954] (-) TimerEvent: {}
[211.380832] (-) TimerEvent: {}
[211.483009] (-) TimerEvent: {}
[211.584238] (-) TimerEvent: {}
[211.685406] (-) TimerEvent: {}
[211.790619] (-) TimerEvent: {}
[211.891631] (-) TimerEvent: {}
[211.993093] (-) TimerEvent: {}
[212.095664] (-) TimerEvent: {}
[212.199207] (-) TimerEvent: {}
[212.302008] (-) TimerEvent: {}
[212.404699] (-) TimerEvent: {}
[212.505966] (-) TimerEvent: {}
[212.608337] (-) TimerEvent: {}
[212.712473] (-) TimerEvent: {}
[212.815129] (-) TimerEvent: {}
[212.918272] (-) TimerEvent: {}
[213.021423] (-) TimerEvent: {}
[213.123173] (-) TimerEvent: {}
[213.227902] (-) TimerEvent: {}
[213.330592] (-) TimerEvent: {}
[213.432708] (-) TimerEvent: {}
[213.535724] (-) TimerEvent: {}
[213.638613] (-) TimerEvent: {}
[213.742717] (-) TimerEvent: {}
[213.844348] (-) TimerEvent: {}
[213.945564] (-) TimerEvent: {}
[214.052716] (-) TimerEvent: {}
[214.154459] (-) TimerEvent: {}
[214.255829] (-) TimerEvent: {}
[214.356989] (-) TimerEvent: {}
[214.459010] (-) TimerEvent: {}
[214.561831] (-) TimerEvent: {}
[214.663699] (-) TimerEvent: {}
[214.768068] (-) TimerEvent: {}
[214.869932] (-) TimerEvent: {}
[214.976591] (-) TimerEvent: {}
[215.078209] (-) TimerEvent: {}
[215.181948] (-) TimerEvent: {}
[215.283164] (-) TimerEvent: {}
[215.387184] (-) TimerEvent: {}
[215.491878] (-) TimerEvent: {}
[215.593489] (-) TimerEvent: {}
[215.694851] (-) TimerEvent: {}
[215.796197] (-) TimerEvent: {}
[215.897833] (-) TimerEvent: {}
[215.999220] (-) TimerEvent: {}
[216.738172] (-) TimerEvent: {}
[216.844778] (-) TimerEvent: {}
[216.948542] (-) TimerEvent: {}
[217.049634] (-) TimerEvent: {}
[217.152274] (-) TimerEvent: {}
[217.254688] (-) TimerEvent: {}
[217.357306] (-) TimerEvent: {}
[217.463610] (-) TimerEvent: {}
[217.565773] (-) TimerEvent: {}
[217.668791] (-) TimerEvent: {}
[217.775622] (-) TimerEvent: {}
[217.876624] (-) TimerEvent: {}
[217.978892] (-) TimerEvent: {}
[218.080051] (-) TimerEvent: {}
[218.181263] (-) TimerEvent: {}
[218.284688] (-) TimerEvent: {}
[218.389685] (-) TimerEvent: {}
[218.492342] (-) TimerEvent: {}
[218.595372] (-) TimerEvent: {}
[218.697607] (-) TimerEvent: {}
[218.799364] (-) TimerEvent: {}
[218.900506] (-) TimerEvent: {}
[219.003673] (-) TimerEvent: {}
[219.105191] (-) TimerEvent: {}
[219.206275] (-) TimerEvent: {}
[219.307344] (-) TimerEvent: {}
[219.412665] (-) TimerEvent: {}
[219.513988] (-) TimerEvent: {}
[219.615604] (-) TimerEvent: {}
[219.717227] (-) TimerEvent: {}
[219.819633] (-) TimerEvent: {}
[219.921766] (-) TimerEvent: {}
[220.024687] (-) TimerEvent: {}
[220.127750] (-) TimerEvent: {}
[220.232445] (-) TimerEvent: {}
[220.333558] (-) TimerEvent: {}
[220.434636] (-) TimerEvent: {}
[220.535714] (-) TimerEvent: {}
[220.637145] (-) TimerEvent: {}
[220.738644] (-) TimerEvent: {}
[220.844946] (-) TimerEvent: {}
[220.950835] (-) TimerEvent: {}
[221.058635] (-) TimerEvent: {}
[221.161251] (-) TimerEvent: {}
[221.264651] (-) TimerEvent: {}
[221.365835] (-) TimerEvent: {}
[221.466983] (-) TimerEvent: {}
[221.569709] (-) TimerEvent: {}
[221.680335] (-) TimerEvent: {}
[221.781647] (-) TimerEvent: {}
[221.883689] (-) TimerEvent: {}
[221.985738] (-) TimerEvent: {}
[222.086886] (-) TimerEvent: {}
[222.188087] (-) TimerEvent: {}
[222.289315] (-) TimerEvent: {}
[222.390650] (-) TimerEvent: {}
[222.492025] (-) TimerEvent: {}
[222.593269] (-) TimerEvent: {}
[222.694341] (-) TimerEvent: {}
[222.795542] (-) TimerEvent: {}
[222.896617] (-) TimerEvent: {}
[222.997729] (-) TimerEvent: {}
[223.098984] (-) TimerEvent: {}
[223.200001] (-) TimerEvent: {}
[223.301118] (-) TimerEvent: {}
[223.402270] (-) TimerEvent: {}
[223.503605] (-) TimerEvent: {}
[223.604704] (-) TimerEvent: {}
[223.705965] (-) TimerEvent: {}
[223.807404] (-) TimerEvent: {}
[223.909053] (-) TimerEvent: {}
[224.010766] (-) TimerEvent: {}
[224.111976] (-) TimerEvent: {}
[224.220638] (-) TimerEvent: {}
[224.327647] (-) TimerEvent: {}
[224.429960] (-) TimerEvent: {}
[224.532492] (-) TimerEvent: {}
[224.634948] (-) TimerEvent: {}
[224.737595] (-) TimerEvent: {}
[224.839827] (-) TimerEvent: {}
[224.942454] (-) TimerEvent: {}
[225.044719] (-) TimerEvent: {}
[225.145866] (-) TimerEvent: {}
[225.259839] (-) TimerEvent: {}
[225.364929] (-) TimerEvent: {}
[225.467174] (-) TimerEvent: {}
[225.568450] (-) TimerEvent: {}
[225.670791] (-) TimerEvent: {}
[225.773613] (-) TimerEvent: {}
[225.875851] (-) TimerEvent: {}
[225.977133] (-) TimerEvent: {}
[226.087361] (-) TimerEvent: {}
[226.189794] (-) TimerEvent: {}
[226.291728] (-) TimerEvent: {}
[226.393442] (-) TimerEvent: {}
[226.495301] (-) TimerEvent: {}
[226.597475] (-) TimerEvent: {}
[226.702878] (-) TimerEvent: {}
[226.805077] (-) TimerEvent: {}
[226.906440] (-) TimerEvent: {}
[227.008061] (-) TimerEvent: {}
[227.109062] (-) TimerEvent: {}
[227.210126] (-) TimerEvent: {}
[227.311256] (-) TimerEvent: {}
[227.412274] (-) TimerEvent: {}
[227.514552] (-) TimerEvent: {}
[227.621567] (-) TimerEvent: {}
[227.729588] (-) TimerEvent: {}
[227.832141] (-) TimerEvent: {}
[227.948109] (-) TimerEvent: {}
[228.056521] (-) TimerEvent: {}
[228.157545] (-) TimerEvent: {}
[228.260178] (-) TimerEvent: {}
[228.362890] (-) TimerEvent: {}
[228.466418] (-) TimerEvent: {}
[228.569616] (-) TimerEvent: {}
[228.674977] (-) TimerEvent: {}
[228.778587] (-) TimerEvent: {}
[228.908230] (-) TimerEvent: {}
[229.005093] (rt_ros2) StdoutLine: {'line': b'[ 89%] \x1b[32mBuilding CXX object CMakeFiles/rt_ros2.dir/src/nodo_maquina_estados.cpp.o\x1b[0m\n'}
[229.367239] (-) TimerEvent: {}
[229.469743] (-) TimerEvent: {}
[229.570587] (-) TimerEvent: {}
[229.671883] (-) TimerEvent: {}
[229.777899] (-) TimerEvent: {}
[229.879502] (-) TimerEvent: {}
[229.985580] (-) TimerEvent: {}
[230.097134] (-) TimerEvent: {}
[230.200135] (-) TimerEvent: {}
[230.301557] (-) TimerEvent: {}
[230.406586] (-) TimerEvent: {}
[230.508855] (-) TimerEvent: {}
[230.610962] (-) TimerEvent: {}
[230.715601] (-) TimerEvent: {}
[230.817741] (-) TimerEvent: {}
[230.922097] (-) TimerEvent: {}
[231.028101] (-) TimerEvent: {}
[231.130856] (-) TimerEvent: {}
[231.233592] (-) TimerEvent: {}
[231.343646] (-) TimerEvent: {}
[231.444844] (-) TimerEvent: {}
[231.547728] (-) TimerEvent: {}
[231.653946] (-) TimerEvent: {}
[231.757197] (-) TimerEvent: {}
[231.862565] (-) TimerEvent: {}
[231.963691] (-) TimerEvent: {}
[232.066796] (-) TimerEvent: {}
[232.080039] (rt_ros2) StdoutLine: {'line': b'[ 90%] \x1b[32mBuilding CXX object CMakeFiles/main_be.dir/src/nodo_maquina_estados.cpp.o\x1b[0m\n'}
[232.167008] (-) TimerEvent: {}
[232.268293] (-) TimerEvent: {}
[232.369606] (-) TimerEvent: {}
[232.471732] (-) TimerEvent: {}
[232.579777] (-) TimerEvent: {}
[232.685645] (-) TimerEvent: {}
[232.787308] (-) TimerEvent: {}
[232.888182] (-) TimerEvent: {}
[232.989349] (-) TimerEvent: {}
[233.093107] (-) TimerEvent: {}
[233.201927] (-) TimerEvent: {}
[233.302857] (-) TimerEvent: {}
[233.404013] (-) TimerEvent: {}
[233.505290] (-) TimerEvent: {}
[233.609593] (-) TimerEvent: {}
[233.710878] (-) TimerEvent: {}
[233.812153] (-) TimerEvent: {}
[233.913490] (-) TimerEvent: {}
[234.015677] (-) TimerEvent: {}
[234.117082] (-) TimerEvent: {}
[234.218240] (-) TimerEvent: {}
[234.319677] (-) TimerEvent: {}
[234.420879] (-) TimerEvent: {}
[234.524980] (-) TimerEvent: {}
[234.626219] (-) TimerEvent: {}
[234.728900] (-) TimerEvent: {}
[234.830194] (-) TimerEvent: {}
[234.931349] (-) TimerEvent: {}
[235.033349] (-) TimerEvent: {}
[235.134674] (-) TimerEvent: {}
[235.236492] (-) TimerEvent: {}
[235.337487] (-) TimerEvent: {}
[235.438693] (-) TimerEvent: {}
[235.540936] (-) TimerEvent: {}
[235.642278] (-) TimerEvent: {}
[235.750136] (-) TimerEvent: {}
[235.857496] (-) TimerEvent: {}
[235.960002] (-) TimerEvent: {}
[236.061246] (-) TimerEvent: {}
[236.163267] (-) TimerEvent: {}
[236.265496] (-) TimerEvent: {}
[236.366949] (-) TimerEvent: {}
[236.468233] (-) TimerEvent: {}
[236.572174] (-) TimerEvent: {}
[236.675336] (-) TimerEvent: {}
[236.778499] (-) TimerEvent: {}
[236.880948] (-) TimerEvent: {}
[236.982239] (-) TimerEvent: {}
[237.084325] (-) TimerEvent: {}
[237.186888] (-) TimerEvent: {}
[237.291149] (-) TimerEvent: {}
[237.395086] (-) TimerEvent: {}
[237.497730] (-) TimerEvent: {}
[237.600001] (-) TimerEvent: {}
[237.703736] (-) TimerEvent: {}
[237.807114] (-) TimerEvent: {}
[237.908596] (-) TimerEvent: {}
[238.009960] (-) TimerEvent: {}
[238.116639] (-) TimerEvent: {}
[238.222026] (-) TimerEvent: {}
[238.328923] (-) TimerEvent: {}
[238.434140] (-) TimerEvent: {}
[238.539123] (-) TimerEvent: {}
[238.643267] (-) TimerEvent: {}
[238.749480] (-) TimerEvent: {}
[238.856561] (-) TimerEvent: {}
[238.958308] (-) TimerEvent: {}
[239.060306] (-) TimerEvent: {}
[239.162430] (-) TimerEvent: {}
[239.264937] (-) TimerEvent: {}
[239.378729] (-) TimerEvent: {}
[239.486263] (-) TimerEvent: {}
[239.587604] (-) TimerEvent: {}
[239.688750] (-) TimerEvent: {}
[239.790461] (-) TimerEvent: {}
[239.895832] (-) TimerEvent: {}
[239.997522] (-) TimerEvent: {}
[240.100205] (-) TimerEvent: {}
[240.201819] (-) TimerEvent: {}
[240.303369] (-) TimerEvent: {}
[240.404303] (-) TimerEvent: {}
[240.505508] (-) TimerEvent: {}
[240.607342] (-) TimerEvent: {}
[240.708444] (-) TimerEvent: {}
[240.811146] (-) TimerEvent: {}
[240.912214] (-) TimerEvent: {}
[241.015218] (-) TimerEvent: {}
[241.117946] (-) TimerEvent: {}
[241.220754] (-) TimerEvent: {}
[241.324743] (-) TimerEvent: {}
[241.428249] (-) TimerEvent: {}
[241.532079] (-) TimerEvent: {}
[241.633633] (-) TimerEvent: {}
[241.734584] (-) TimerEvent: {}
[241.836891] (-) TimerEvent: {}
[241.939723] (-) TimerEvent: {}
[242.042194] (-) TimerEvent: {}
[242.148569] (-) TimerEvent: {}
[242.253618] (-) TimerEvent: {}
[242.354798] (-) TimerEvent: {}
[242.455788] (-) TimerEvent: {}
[242.556756] (-) TimerEvent: {}
[242.657916] (-) TimerEvent: {}
[242.759099] (-) TimerEvent: {}
[242.860175] (-) TimerEvent: {}
[242.961261] (-) TimerEvent: {}
[243.062471] (-) TimerEvent: {}
[243.163663] (-) TimerEvent: {}
[243.264959] (-) TimerEvent: {}
[243.366196] (-) TimerEvent: {}
[243.467299] (-) TimerEvent: {}
[243.568368] (-) TimerEvent: {}
[243.670001] (-) TimerEvent: {}
[243.771510] (-) TimerEvent: {}
[243.872558] (-) TimerEvent: {}
[243.974945] (-) TimerEvent: {}
[244.076001] (-) TimerEvent: {}
[244.177186] (-) TimerEvent: {}
[244.279971] (-) TimerEvent: {}
[244.381469] (-) TimerEvent: {}
[244.485093] (-) TimerEvent: {}
[244.586515] (-) TimerEvent: {}
[244.687551] (-) TimerEvent: {}
[244.788551] (-) TimerEvent: {}
[244.889551] (-) TimerEvent: {}
[244.990555] (-) TimerEvent: {}
[245.092610] (-) TimerEvent: {}
[245.194714] (-) TimerEvent: {}
[245.296104] (-) TimerEvent: {}
[245.405591] (-) TimerEvent: {}
[245.507858] (-) TimerEvent: {}
[245.609740] (-) TimerEvent: {}
[245.710856] (-) TimerEvent: {}
[245.811880] (-) TimerEvent: {}
[245.912952] (-) TimerEvent: {}
[246.013969] (-) TimerEvent: {}
[246.116423] (-) TimerEvent: {}
[246.218024] (-) TimerEvent: {}
[246.319178] (-) TimerEvent: {}
[246.420180] (-) TimerEvent: {}
[246.521202] (-) TimerEvent: {}
[246.622292] (-) TimerEvent: {}
[246.723664] (-) TimerEvent: {}
[246.824573] (-) TimerEvent: {}
[246.925598] (-) TimerEvent: {}
[247.026606] (-) TimerEvent: {}
[247.127613] (-) TimerEvent: {}
[247.228640] (-) TimerEvent: {}
[247.329663] (-) TimerEvent: {}
[247.430620] (-) TimerEvent: {}
[247.531584] (-) TimerEvent: {}
[247.635709] (-) TimerEvent: {}
[247.740725] (-) TimerEvent: {}
[247.843046] (-) TimerEvent: {}
[247.945338] (-) TimerEvent: {}
[248.047487] (-) TimerEvent: {}
[248.149635] (-) TimerEvent: {}
[248.252309] (-) TimerEvent: {}
[248.354823] (-) TimerEvent: {}
[248.457139] (-) TimerEvent: {}
[248.559736] (-) TimerEvent: {}
[248.662289] (-) TimerEvent: {}
[248.764875] (-) TimerEvent: {}
[248.867576] (-) TimerEvent: {}
[248.968742] (-) TimerEvent: {}
[249.069919] (-) TimerEvent: {}
[249.172530] (-) TimerEvent: {}
[249.274998] (-) TimerEvent: {}
[249.376932] (-) TimerEvent: {}
[249.478418] (-) TimerEvent: {}
[249.579864] (-) TimerEvent: {}
[249.681221] (-) TimerEvent: {}
[249.782232] (-) TimerEvent: {}
[249.884206] (-) TimerEvent: {}
[249.985225] (-) TimerEvent: {}
[250.086298] (-) TimerEvent: {}
[250.187339] (-) TimerEvent: {}
[250.288421] (-) TimerEvent: {}
[250.389473] (-) TimerEvent: {}
[250.490475] (-) TimerEvent: {}
[250.592274] (-) TimerEvent: {}
[250.693205] (-) TimerEvent: {}
[250.794180] (-) TimerEvent: {}
[250.895206] (-) TimerEvent: {}
[250.996122] (-) TimerEvent: {}
[251.097142] (-) TimerEvent: {}
[251.198272] (-) TimerEvent: {}
[251.303615] (-) TimerEvent: {}
[251.406091] (-) TimerEvent: {}
[251.508579] (-) TimerEvent: {}
[251.610629] (-) TimerEvent: {}
[251.712706] (-) TimerEvent: {}
[251.814799] (-) TimerEvent: {}
[251.917159] (-) TimerEvent: {}
[252.024573] (-) TimerEvent: {}
[252.126718] (-) TimerEvent: {}
[252.230978] (-) TimerEvent: {}
[252.333247] (-) TimerEvent: {}
[252.435438] (-) TimerEvent: {}
[252.537664] (-) TimerEvent: {}
[252.639987] (-) TimerEvent: {}
[252.742358] (-) TimerEvent: {}
[252.844539] (-) TimerEvent: {}
[252.946669] (-) TimerEvent: {}
[253.048956] (-) TimerEvent: {}
[253.151582] (-) TimerEvent: {}
[253.255206] (-) TimerEvent: {}
[253.357611] (-) TimerEvent: {}
[253.459022] (-) TimerEvent: {}
[253.560552] (-) TimerEvent: {}
[253.662042] (-) TimerEvent: {}
[253.764252] (-) TimerEvent: {}
[253.865894] (-) TimerEvent: {}
[253.968327] (-) TimerEvent: {}
[254.071674] (-) TimerEvent: {}
[254.173133] (-) TimerEvent: {}
[254.274578] (-) TimerEvent: {}
[254.376014] (-) TimerEvent: {}
[254.477623] (-) TimerEvent: {}
[254.579067] (-) TimerEvent: {}
[254.680551] (-) TimerEvent: {}
[254.782142] (-) TimerEvent: {}
[254.884561] (-) TimerEvent: {}
[254.986468] (-) TimerEvent: {}
[255.087973] (-) TimerEvent: {}
[255.189417] (-) TimerEvent: {}
[255.290832] (-) TimerEvent: {}
[255.392358] (-) TimerEvent: {}
[255.493916] (-) TimerEvent: {}
[255.595735] (-) TimerEvent: {}
[255.697328] (-) TimerEvent: {}
[255.798783] (-) TimerEvent: {}
[255.900446] (-) TimerEvent: {}
[256.002693] (-) TimerEvent: {}
[256.105318] (-) TimerEvent: {}
[256.206760] (-) TimerEvent: {}
[256.312526] (-) TimerEvent: {}
[256.414487] (-) TimerEvent: {}
[256.517472] (-) TimerEvent: {}
[256.619029] (-) TimerEvent: {}
[256.720466] (-) TimerEvent: {}
[256.822696] (-) TimerEvent: {}
[256.925643] (-) TimerEvent: {}
[257.029461] (-) TimerEvent: {}
[257.130538] (-) TimerEvent: {}
[257.231487] (-) TimerEvent: {}
[257.332472] (-) TimerEvent: {}
[257.440613] (-) TimerEvent: {}
[257.542864] (-) TimerEvent: {}
[257.644662] (-) TimerEvent: {}
[257.745693] (-) TimerEvent: {}
[257.847029] (-) TimerEvent: {}
[257.948509] (-) TimerEvent: {}
[258.049516] (-) TimerEvent: {}
[258.151595] (-) TimerEvent: {}
[258.255801] (-) TimerEvent: {}
[258.358255] (-) TimerEvent: {}
[258.459584] (-) TimerEvent: {}
[258.560921] (-) TimerEvent: {}
[258.661899] (-) TimerEvent: {}
[258.763003] (-) TimerEvent: {}
[258.863847] (-) TimerEvent: {}
[258.966208] (-) TimerEvent: {}
[259.067166] (-) TimerEvent: {}
[259.170095] (-) TimerEvent: {}
[259.272527] (-) TimerEvent: {}
[259.373528] (-) TimerEvent: {}
[259.474560] (-) TimerEvent: {}
[259.575631] (-) TimerEvent: {}
[259.676715] (-) TimerEvent: {}
[259.777949] (-) TimerEvent: {}
[259.881683] (-) TimerEvent: {}
[259.984284] (-) TimerEvent: {}
[260.086802] (-) TimerEvent: {}
[260.189458] (-) TimerEvent: {}
[260.292099] (-) TimerEvent: {}
[260.396638] (-) TimerEvent: {}
[260.501444] (-) TimerEvent: {}
[260.602503] (-) TimerEvent: {}
[260.703594] (-) TimerEvent: {}
[260.804695] (-) TimerEvent: {}
[260.906133] (-) TimerEvent: {}
[261.014591] (-) TimerEvent: {}
[261.116937] (-) TimerEvent: {}
[261.219577] (-) TimerEvent: {}
[261.322417] (-) TimerEvent: {}
[261.427759] (-) TimerEvent: {}
[261.530603] (-) TimerEvent: {}
[261.632891] (-) TimerEvent: {}
[261.733950] (-) TimerEvent: {}
[261.836640] (-) TimerEvent: {}
[261.939648] (-) TimerEvent: {}
[262.042504] (-) TimerEvent: {}
[262.151994] (-) TimerEvent: {}
[262.254338] (-) TimerEvent: {}
[262.356661] (-) TimerEvent: {}
[262.459653] (-) TimerEvent: {}
[262.562254] (-) TimerEvent: {}
[262.665452] (-) TimerEvent: {}
[262.768628] (-) TimerEvent: {}
[262.871561] (-) TimerEvent: {}
[262.974237] (-) TimerEvent: {}
[263.081600] (-) TimerEvent: {}
[263.187885] (-) TimerEvent: {}
[263.292678] (-) TimerEvent: {}
[263.395480] (-) TimerEvent: {}
[263.498123] (-) TimerEvent: {}
[263.605667] (-) TimerEvent: {}
[263.708709] (-) TimerEvent: {}
[263.815489] (-) TimerEvent: {}
[263.918107] (-) TimerEvent: {}
[264.020828] (-) TimerEvent: {}
[264.123638] (-) TimerEvent: {}
[264.226477] (-) TimerEvent: {}
[264.329278] (-) TimerEvent: {}
[264.432224] (-) TimerEvent: {}
[264.534932] (-) TimerEvent: {}
[264.637857] (-) TimerEvent: {}
[264.739497] (-) TimerEvent: {}
[264.842140] (-) TimerEvent: {}
[264.943405] (-) TimerEvent: {}
[265.045466] (-) TimerEvent: {}
[265.148180] (-) TimerEvent: {}
[265.250851] (-) TimerEvent: {}
[265.353648] (-) TimerEvent: {}
[265.456522] (-) TimerEvent: {}
[265.559241] (-) TimerEvent: {}
[265.661945] (-) TimerEvent: {}
[265.765623] (-) TimerEvent: {}
[265.868746] (-) TimerEvent: {}
[265.971462] (-) TimerEvent: {}
[266.076165] (-) TimerEvent: {}
[266.178741] (-) TimerEvent: {}
[266.281647] (-) TimerEvent: {}
[266.382780] (-) TimerEvent: {}
[266.485358] (-) TimerEvent: {}
[266.587833] (-) TimerEvent: {}
[266.689438] (-) TimerEvent: {}
[266.792198] (-) TimerEvent: {}
[266.895166] (-) TimerEvent: {}
[266.997984] (-) TimerEvent: {}
[267.099202] (-) TimerEvent: {}
[267.200521] (-) TimerEvent: {}
[267.302133] (-) TimerEvent: {}
[267.403699] (-) TimerEvent: {}
[267.504790] (-) TimerEvent: {}
[267.606052] (-) TimerEvent: {}
[267.707237] (-) TimerEvent: {}
[267.809855] (-) TimerEvent: {}
[267.912908] (-) TimerEvent: {}
[268.015528] (-) TimerEvent: {}
[268.118239] (-) TimerEvent: {}
[268.225714] (-) TimerEvent: {}
[268.328646] (-) TimerEvent: {}
[268.429807] (-) TimerEvent: {}
[268.531012] (-) TimerEvent: {}
[268.632433] (-) TimerEvent: {}
[268.733551] (-) TimerEvent: {}
[268.834636] (-) TimerEvent: {}
[268.935724] (-) TimerEvent: {}
[269.036875] (-) TimerEvent: {}
[269.138134] (-) TimerEvent: {}
[269.239718] (-) TimerEvent: {}
[269.341483] (-) TimerEvent: {}
[269.442666] (-) TimerEvent: {}
[269.543792] (-) TimerEvent: {}
[269.644894] (-) TimerEvent: {}
[269.746043] (-) TimerEvent: {}
[269.847266] (-) TimerEvent: {}
[269.950199] (-) TimerEvent: {}
[270.052413] (-) TimerEvent: {}
[270.153985] (-) TimerEvent: {}
[270.255188] (-) TimerEvent: {}
[270.356218] (-) TimerEvent: {}
[270.457405] (-) TimerEvent: {}
[270.558547] (-) TimerEvent: {}
[270.659767] (-) TimerEvent: {}
[270.761497] (-) TimerEvent: {}
[270.862639] (-) TimerEvent: {}
[270.963803] (-) TimerEvent: {}
[271.065028] (-) TimerEvent: {}
[271.166201] (-) TimerEvent: {}
[271.267877] (-) TimerEvent: {}
[271.369188] (-) TimerEvent: {}
[271.471599] (-) TimerEvent: {}
[271.573932] (-) TimerEvent: {}
[271.675209] (-) TimerEvent: {}
[271.776440] (-) TimerEvent: {}
[271.877620] (-) TimerEvent: {}
[271.978771] (-) TimerEvent: {}
[272.080268] (-) TimerEvent: {}
[272.181446] (-) TimerEvent: {}
[272.282576] (-) TimerEvent: {}
[272.383822] (-) TimerEvent: {}
[272.484957] (-) TimerEvent: {}
[272.587847] (-) TimerEvent: {}
[272.689050] (-) TimerEvent: {}
[272.790178] (-) TimerEvent: {}
[272.891269] (-) TimerEvent: {}
[272.992429] (-) TimerEvent: {}
[273.094123] (-) TimerEvent: {}
[273.195637] (-) TimerEvent: {}
[273.296659] (-) TimerEvent: {}
[273.397672] (-) TimerEvent: {}
[273.498775] (-) TimerEvent: {}
[273.599890] (-) TimerEvent: {}
[273.701126] (-) TimerEvent: {}
[273.802533] (-) TimerEvent: {}
[273.903652] (-) TimerEvent: {}
[274.004901] (-) TimerEvent: {}
[274.106241] (-) TimerEvent: {}
[274.207937] (-) TimerEvent: {}
[274.309246] (-) TimerEvent: {}
[274.410746] (-) TimerEvent: {}
[274.512686] (-) TimerEvent: {}
[274.615537] (-) TimerEvent: {}
[274.718252] (-) TimerEvent: {}
[274.819528] (-) TimerEvent: {}
[274.922471] (-) TimerEvent: {}
[275.024118] (-) TimerEvent: {}
[275.127075] (-) TimerEvent: {}
[275.228336] (-) TimerEvent: {}
[275.329521] (-) TimerEvent: {}
[275.430808] (-) TimerEvent: {}
[275.531948] (-) TimerEvent: {}
[275.633124] (-) TimerEvent: {}
[275.736223] (-) TimerEvent: {}
[275.837666] (-) TimerEvent: {}
[275.939316] (-) TimerEvent: {}
[276.041886] (-) TimerEvent: {}
[276.143552] (-) TimerEvent: {}
[276.245276] (-) TimerEvent: {}
[276.347216] (-) TimerEvent: {}
[276.448419] (-) TimerEvent: {}
[276.549657] (-) TimerEvent: {}
[276.650856] (-) TimerEvent: {}
[276.752454] (-) TimerEvent: {}
[276.853678] (-) TimerEvent: {}
[276.955620] (-) TimerEvent: {}
[277.057008] (-) TimerEvent: {}
[277.158643] (-) TimerEvent: {}
[277.260044] (-) TimerEvent: {}
[277.361301] (-) TimerEvent: {}
[277.463964] (-) TimerEvent: {}
[277.565736] (-) TimerEvent: {}
[277.668246] (-) TimerEvent: {}
[277.769418] (-) TimerEvent: {}
[277.870628] (-) TimerEvent: {}
[277.971999] (-) TimerEvent: {}
[278.073242] (-) TimerEvent: {}
[278.174594] (-) TimerEvent: {}
[278.275837] (-) TimerEvent: {}
[278.377442] (-) TimerEvent: {}
[278.479058] (-) TimerEvent: {}
[278.580480] (-) TimerEvent: {}
[278.681902] (-) TimerEvent: {}
[278.783259] (-) TimerEvent: {}
[278.886781] (-) TimerEvent: {}
[278.990167] (-) TimerEvent: {}
[279.091752] (-) TimerEvent: {}
[279.192835] (-) TimerEvent: {}
[279.293957] (-) TimerEvent: {}
[279.395130] (-) TimerEvent: {}
[279.496230] (-) TimerEvent: {}
[279.597506] (-) TimerEvent: {}
[279.698635] (-) TimerEvent: {}
[279.799865] (-) TimerEvent: {}
[279.901537] (-) TimerEvent: {}
[280.003306] (-) TimerEvent: {}
[280.104657] (-) TimerEvent: {}
[280.205755] (-) TimerEvent: {}
[280.306849] (-) TimerEvent: {}
[280.408144] (-) TimerEvent: {}
[280.509638] (-) TimerEvent: {}
[280.610631] (-) TimerEvent: {}
[280.712063] (-) TimerEvent: {}
[280.816643] (-) TimerEvent: {}
[280.920644] (-) TimerEvent: {}
[281.021898] (-) TimerEvent: {}
[281.122932] (-) TimerEvent: {}
[281.224129] (-) TimerEvent: {}
[281.325206] (-) TimerEvent: {}
[281.426351] (-) TimerEvent: {}
[281.527737] (-) TimerEvent: {}
[281.629157] (-) TimerEvent: {}
[281.732028] (-) TimerEvent: {}
[281.833673] (-) TimerEvent: {}
[281.934984] (-) TimerEvent: {}
[282.036161] (-) TimerEvent: {}
[282.146611] (-) TimerEvent: {}
[282.247656] (-) TimerEvent: {}
[282.350272] (-) TimerEvent: {}
[282.459637] (-) TimerEvent: {}
[282.562359] (-) TimerEvent: {}
[282.664634] (-) TimerEvent: {}
[282.767001] (-) TimerEvent: {}
[282.872652] (-) TimerEvent: {}
[282.978610] (-) TimerEvent: {}
[283.080862] (-) TimerEvent: {}
[283.183529] (-) TimerEvent: {}
[283.290617] (-) TimerEvent: {}
[283.392949] (-) TimerEvent: {}
[283.495614] (-) TimerEvent: {}
[283.602633] (-) TimerEvent: {}
[283.709663] (-) TimerEvent: {}
[283.811982] (-) TimerEvent: {}
[283.914563] (-) TimerEvent: {}
[284.020659] (-) TimerEvent: {}
[284.122935] (-) TimerEvent: {}
[284.224908] (-) TimerEvent: {}
[284.326488] (-) TimerEvent: {}
[284.428051] (-) TimerEvent: {}
[284.534657] (-) TimerEvent: {}
[284.639630] (-) TimerEvent: {}
[284.740715] (-) TimerEvent: {}
[284.842605] (-) TimerEvent: {}
[284.945024] (-) TimerEvent: {}
[285.052616] (-) TimerEvent: {}
[285.153928] (-) TimerEvent: {}
[285.255277] (-) TimerEvent: {}
[285.357463] (-) TimerEvent: {}
[285.459663] (-) TimerEvent: {}
[285.566651] (-) TimerEvent: {}
[285.673624] (-) TimerEvent: {}
[285.774732] (-) TimerEvent: {}
[285.878661] (-) TimerEvent: {}
[285.983643] (-) TimerEvent: {}
[286.084810] (-) TimerEvent: {}
[286.187631] (-) TimerEvent: {}
[286.290354] (-) TimerEvent: {}
[286.392649] (-) TimerEvent: {}
[286.495129] (-) TimerEvent: {}
[286.596207] (-) TimerEvent: {}
[286.697341] (-) TimerEvent: {}
[286.798567] (-) TimerEvent: {}
[286.900682] (-) TimerEvent: {}
[287.001788] (-) TimerEvent: {}
[287.102875] (-) TimerEvent: {}
[287.206072] (-) TimerEvent: {}
[287.308004] (-) TimerEvent: {}
[287.411720] (-) TimerEvent: {}
[287.516702] (-) TimerEvent: {}
[287.619109] (-) TimerEvent: {}
[287.724578] (-) TimerEvent: {}
[287.828634] (-) TimerEvent: {}
[287.934211] (-) TimerEvent: {}
[288.036585] (-) TimerEvent: {}
[288.138796] (-) TimerEvent: {}
[288.241739] (-) TimerEvent: {}
[288.344624] (-) TimerEvent: {}
[288.447539] (-) TimerEvent: {}
[288.550352] (-) TimerEvent: {}
[288.654497] (-) TimerEvent: {}
[288.757259] (-) TimerEvent: {}
[288.860236] (-) TimerEvent: {}
[288.965719] (-) TimerEvent: {}
[289.075622] (-) TimerEvent: {}
[289.180760] (-) TimerEvent: {}
[289.285840] (-) TimerEvent: {}
[289.389026] (-) TimerEvent: {}
[289.465789] (rt_ros2) StdoutLine: {'line': b'[ 92%] \x1b[32m\x1b[1mLinking CXX executable main_rt\x1b[0m\n'}
[289.489332] (-) TimerEvent: {}
[289.592167] (-) TimerEvent: {}
[289.694858] (-) TimerEvent: {}
[289.797559] (-) TimerEvent: {}
[289.900188] (-) TimerEvent: {}
[290.002722] (-) TimerEvent: {}
[290.105222] (-) TimerEvent: {}
[290.207879] (-) TimerEvent: {}
[290.310595] (-) TimerEvent: {}
[290.413571] (-) TimerEvent: {}
[290.523856] (-) TimerEvent: {}
[290.626484] (-) TimerEvent: {}
[290.729110] (-) TimerEvent: {}
[290.832734] (-) TimerEvent: {}
[290.935402] (-) TimerEvent: {}
[291.037961] (-) TimerEvent: {}
[291.141227] (-) TimerEvent: {}
[291.244121] (-) TimerEvent: {}
[291.347230] (-) TimerEvent: {}
[291.450028] (-) TimerEvent: {}
[291.553206] (-) TimerEvent: {}
[291.654455] (-) TimerEvent: {}
[291.757753] (-) TimerEvent: {}
[291.861034] (-) TimerEvent: {}
[291.965331] (-) TimerEvent: {}
[292.069902] (-) TimerEvent: {}
[292.172239] (-) TimerEvent: {}
[292.274292] (-) TimerEvent: {}
[292.376647] (-) TimerEvent: {}
[292.478754] (-) TimerEvent: {}
[292.591546] (-) TimerEvent: {}
[292.693938] (-) TimerEvent: {}
[292.795043] (-) TimerEvent: {}
[292.897409] (-) TimerEvent: {}
[292.999007] (-) TimerEvent: {}
[293.100486] (-) TimerEvent: {}
[293.202585] (-) TimerEvent: {}
[293.303901] (-) TimerEvent: {}
[293.405164] (-) TimerEvent: {}
[293.510585] (-) TimerEvent: {}
[293.613335] (-) TimerEvent: {}
[293.718348] (-) TimerEvent: {}
[293.823631] (-) TimerEvent: {}
[293.925795] (-) TimerEvent: {}
[294.030329] (-) TimerEvent: {}
[294.132447] (-) TimerEvent: {}
[294.234632] (-) TimerEvent: {}
[294.337227] (-) TimerEvent: {}
[294.438926] (-) TimerEvent: {}
[294.456218] (rt_ros2) StdoutLine: {'line': b'[ 96%] Built target main_rt\n'}
[294.539248] (-) TimerEvent: {}
[294.640341] (-) TimerEvent: {}
[294.741695] (-) TimerEvent: {}
[294.844738] (-) TimerEvent: {}
[294.945897] (-) TimerEvent: {}
[295.047046] (-) TimerEvent: {}
[295.148196] (-) TimerEvent: {}
[295.249338] (-) TimerEvent: {}
[295.350558] (-) TimerEvent: {}
[295.453652] (-) TimerEvent: {}
[295.554672] (-) TimerEvent: {}
[295.655791] (-) TimerEvent: {}
[295.758232] (-) TimerEvent: {}
[295.859198] (-) TimerEvent: {}
[295.960162] (-) TimerEvent: {}
[296.061139] (-) TimerEvent: {}
[296.162095] (-) TimerEvent: {}
[296.263580] (-) TimerEvent: {}
[296.364650] (-) TimerEvent: {}
[296.466889] (-) TimerEvent: {}
[296.573044] (-) TimerEvent: {}
[296.674189] (-) TimerEvent: {}
[296.775301] (-) TimerEvent: {}
[296.876469] (-) TimerEvent: {}
[296.977551] (-) TimerEvent: {}
[297.078659] (-) TimerEvent: {}
[297.179738] (-) TimerEvent: {}
[297.280857] (-) TimerEvent: {}
[297.381970] (-) TimerEvent: {}
[297.483117] (-) TimerEvent: {}
[297.584311] (-) TimerEvent: {}
[297.685512] (-) TimerEvent: {}
[297.786822] (-) TimerEvent: {}
[297.889683] (-) TimerEvent: {}
[297.993106] (-) TimerEvent: {}
[298.096559] (-) TimerEvent: {}
[298.199821] (-) TimerEvent: {}
[298.301776] (-) TimerEvent: {}
[298.402833] (-) TimerEvent: {}
[298.505460] (-) TimerEvent: {}
[298.606592] (-) TimerEvent: {}
[298.707664] (-) TimerEvent: {}
[298.808808] (-) TimerEvent: {}
[298.909913] (-) TimerEvent: {}
[299.011040] (-) TimerEvent: {}
[299.112229] (-) TimerEvent: {}
[299.213425] (-) TimerEvent: {}
[299.314534] (-) TimerEvent: {}
[299.415705] (-) TimerEvent: {}
[299.517263] (-) TimerEvent: {}
[299.618471] (-) TimerEvent: {}
[299.719660] (-) TimerEvent: {}
[299.821044] (-) TimerEvent: {}
[299.922267] (-) TimerEvent: {}
[300.023498] (-) TimerEvent: {}
[300.124665] (-) TimerEvent: {}
[300.225887] (-) TimerEvent: {}
[300.326998] (-) TimerEvent: {}
[300.428117] (-) TimerEvent: {}
[300.529281] (-) TimerEvent: {}
[300.630451] (-) TimerEvent: {}
[300.731583] (-) TimerEvent: {}
[300.832660] (-) TimerEvent: {}
[300.934116] (-) TimerEvent: {}
[301.035248] (-) TimerEvent: {}
[301.136456] (-) TimerEvent: {}
[301.237578] (-) TimerEvent: {}
[301.338675] (-) TimerEvent: {}
[301.439844] (-) TimerEvent: {}
[301.540981] (-) TimerEvent: {}
[301.642178] (-) TimerEvent: {}
[301.743337] (-) TimerEvent: {}
[301.844551] (-) TimerEvent: {}
[301.945659] (-) TimerEvent: {}
[302.046760] (-) TimerEvent: {}
[302.147881] (-) TimerEvent: {}
[302.249055] (-) TimerEvent: {}
[302.350231] (-) TimerEvent: {}
[302.451411] (-) TimerEvent: {}
[302.552559] (-) TimerEvent: {}
[302.653653] (-) TimerEvent: {}
[302.754816] (-) TimerEvent: {}
[302.855997] (-) TimerEvent: {}
[302.957214] (-) TimerEvent: {}
[303.058473] (-) TimerEvent: {}
[303.159649] (-) TimerEvent: {}
[303.260798] (-) TimerEvent: {}
[303.362020] (-) TimerEvent: {}
[303.463201] (-) TimerEvent: {}
[303.564811] (-) TimerEvent: {}
[303.667243] (-) TimerEvent: {}
[303.770080] (-) TimerEvent: {}
[303.872515] (-) TimerEvent: {}
[303.974768] (-) TimerEvent: {}
[304.077121] (-) TimerEvent: {}
[304.179560] (-) TimerEvent: {}
[304.281978] (-) TimerEvent: {}
[304.385370] (-) TimerEvent: {}
[304.487671] (-) TimerEvent: {}
[304.590104] (-) TimerEvent: {}
[304.692607] (-) TimerEvent: {}
[304.795049] (-) TimerEvent: {}
[304.897493] (-) TimerEvent: {}
[304.999820] (-) TimerEvent: {}
[305.102304] (-) TimerEvent: {}
[305.204671] (-) TimerEvent: {}
[305.307169] (-) TimerEvent: {}
[305.409597] (-) TimerEvent: {}
[305.511994] (-) TimerEvent: {}
[305.614363] (-) TimerEvent: {}
[305.716760] (-) TimerEvent: {}
[305.819117] (-) TimerEvent: {}
[305.921618] (-) TimerEvent: {}
[306.024052] (-) TimerEvent: {}
[306.126489] (-) TimerEvent: {}
[306.228850] (-) TimerEvent: {}
[306.331257] (-) TimerEvent: {}
[306.433681] (-) TimerEvent: {}
[306.536084] (-) TimerEvent: {}
[306.638515] (-) TimerEvent: {}
[306.740913] (-) TimerEvent: {}
[306.843414] (-) TimerEvent: {}
[306.945787] (-) TimerEvent: {}
[307.048181] (-) TimerEvent: {}
[307.150608] (-) TimerEvent: {}
[307.252933] (-) TimerEvent: {}
[307.355366] (-) TimerEvent: {}
[307.457754] (-) TimerEvent: {}
[307.560121] (-) TimerEvent: {}
[307.662562] (-) TimerEvent: {}
[307.767269] (-) TimerEvent: {}
[307.869651] (-) TimerEvent: {}
[307.972052] (-) TimerEvent: {}
[308.074445] (-) TimerEvent: {}
[308.176876] (-) TimerEvent: {}
[308.279603] (-) TimerEvent: {}
[308.382709] (-) TimerEvent: {}
[308.485277] (-) TimerEvent: {}
[308.587760] (-) TimerEvent: {}
[308.690214] (-) TimerEvent: {}
[308.792649] (-) TimerEvent: {}
[308.895116] (-) TimerEvent: {}
[308.997644] (-) TimerEvent: {}
[309.100748] (-) TimerEvent: {}
[309.204191] (-) TimerEvent: {}
[309.307941] (-) TimerEvent: {}
[309.411414] (-) TimerEvent: {}
[309.514208] (-) TimerEvent: {}
[309.617208] (-) TimerEvent: {}
[309.720751] (-) TimerEvent: {}
[309.824107] (-) TimerEvent: {}
[309.927008] (-) TimerEvent: {}
[310.029575] (-) TimerEvent: {}
[310.132108] (-) TimerEvent: {}
[310.234612] (-) TimerEvent: {}
[310.337143] (-) TimerEvent: {}
[310.439683] (-) TimerEvent: {}
[310.542221] (-) TimerEvent: {}
[310.644746] (-) TimerEvent: {}
[310.747264] (-) TimerEvent: {}
[310.849695] (-) TimerEvent: {}
[310.952113] (-) TimerEvent: {}
[311.054563] (-) TimerEvent: {}
[311.156984] (-) TimerEvent: {}
[311.259485] (-) TimerEvent: {}
[311.361813] (-) TimerEvent: {}
[311.464207] (-) TimerEvent: {}
[311.566552] (-) TimerEvent: {}
[311.669060] (-) TimerEvent: {}
[311.771327] (-) TimerEvent: {}
[311.873632] (-) TimerEvent: {}
[311.975961] (-) TimerEvent: {}
[312.078311] (-) TimerEvent: {}
[312.180796] (-) TimerEvent: {}
[312.283193] (-) TimerEvent: {}
[312.385531] (-) TimerEvent: {}
[312.487782] (-) TimerEvent: {}
[312.590094] (-) TimerEvent: {}
[312.692453] (-) TimerEvent: {}
[312.794912] (-) TimerEvent: {}
[312.897254] (-) TimerEvent: {}
[312.999541] (-) TimerEvent: {}
[313.101828] (-) TimerEvent: {}
[313.204142] (-) TimerEvent: {}
[313.306447] (-) TimerEvent: {}
[313.408644] (-) TimerEvent: {}
[313.510963] (-) TimerEvent: {}
[313.613200] (-) TimerEvent: {}
[313.715464] (-) TimerEvent: {}
[313.817641] (-) TimerEvent: {}
[313.920019] (-) TimerEvent: {}
[314.022414] (-) TimerEvent: {}
[314.124992] (-) TimerEvent: {}
[314.227336] (-) TimerEvent: {}
[314.329764] (-) TimerEvent: {}
[314.432145] (-) TimerEvent: {}
[314.534589] (-) TimerEvent: {}
[314.636996] (-) TimerEvent: {}
[314.739369] (-) TimerEvent: {}
[314.840935] (-) TimerEvent: {}
[314.942893] (-) TimerEvent: {}
[315.044595] (-) TimerEvent: {}
[315.146339] (-) TimerEvent: {}
[315.248003] (-) TimerEvent: {}
[315.349688] (-) TimerEvent: {}
[315.451445] (-) TimerEvent: {}
[315.552984] (-) TimerEvent: {}
[315.654650] (-) TimerEvent: {}
[315.756417] (-) TimerEvent: {}
[315.857996] (-) TimerEvent: {}
[315.959657] (-) TimerEvent: {}
[316.061432] (-) TimerEvent: {}
[316.163273] (-) TimerEvent: {}
[316.264886] (-) TimerEvent: {}
[316.366569] (-) TimerEvent: {}
[316.468139] (-) TimerEvent: {}
[316.569855] (-) TimerEvent: {}
[316.671514] (-) TimerEvent: {}
[316.772585] (-) TimerEvent: {}
[316.873701] (-) TimerEvent: {}
[316.974890] (-) TimerEvent: {}
[317.076007] (-) TimerEvent: {}
[317.177225] (-) TimerEvent: {}
[317.278420] (-) TimerEvent: {}
[317.379562] (-) TimerEvent: {}
[317.480674] (-) TimerEvent: {}
[317.581784] (-) TimerEvent: {}
[317.682940] (-) TimerEvent: {}
[317.784054] (-) TimerEvent: {}
[317.885298] (-) TimerEvent: {}
[317.986609] (-) TimerEvent: {}
[318.087908] (-) TimerEvent: {}
[318.189058] (-) TimerEvent: {}
[318.290260] (-) TimerEvent: {}
[318.391890] (-) TimerEvent: {}
[318.493029] (-) TimerEvent: {}
[318.594362] (-) TimerEvent: {}
[318.695620] (-) TimerEvent: {}
[318.796857] (-) TimerEvent: {}
[318.898051] (-) TimerEvent: {}
[319.000600] (-) TimerEvent: {}
[319.101770] (-) TimerEvent: {}
[319.203511] (-) TimerEvent: {}
[319.304645] (-) TimerEvent: {}
[319.405702] (-) TimerEvent: {}
[319.507239] (-) TimerEvent: {}
[319.608325] (-) TimerEvent: {}
[319.709478] (-) TimerEvent: {}
[319.810654] (-) TimerEvent: {}
[319.911816] (-) TimerEvent: {}
[320.012956] (-) TimerEvent: {}
[320.114132] (-) TimerEvent: {}
[320.215284] (-) TimerEvent: {}
[320.316519] (-) TimerEvent: {}
[320.417590] (-) TimerEvent: {}
[320.518755] (-) TimerEvent: {}
[320.619884] (-) TimerEvent: {}
[320.721614] (-) TimerEvent: {}
[320.822640] (-) TimerEvent: {}
[320.923631] (-) TimerEvent: {}
[321.024649] (-) TimerEvent: {}
[321.125700] (-) TimerEvent: {}
[321.226852] (-) TimerEvent: {}
[321.328037] (-) TimerEvent: {}
[321.429141] (-) TimerEvent: {}
[321.530262] (-) TimerEvent: {}
[321.631448] (-) TimerEvent: {}
[321.732609] (-) TimerEvent: {}
[321.833709] (-) TimerEvent: {}
[321.934897] (-) TimerEvent: {}
[322.036052] (-) TimerEvent: {}
[322.137274] (-) TimerEvent: {}
[322.239522] (-) TimerEvent: {}
[322.341456] (-) TimerEvent: {}
[322.442602] (-) TimerEvent: {}
[322.543739] (-) TimerEvent: {}
[322.644811] (-) TimerEvent: {}
[322.745879] (-) TimerEvent: {}
[322.846944] (-) TimerEvent: {}
[322.948147] (-) TimerEvent: {}
[323.049209] (-) TimerEvent: {}
[323.150491] (-) TimerEvent: {}
[323.251621] (-) TimerEvent: {}
[323.352674] (-) TimerEvent: {}
[323.453775] (-) TimerEvent: {}
[323.554829] (-) TimerEvent: {}
[323.655811] (-) TimerEvent: {}
[323.757005] (-) TimerEvent: {}
[323.858175] (-) TimerEvent: {}
[323.959353] (-) TimerEvent: {}
[324.060562] (-) TimerEvent: {}
[324.161704] (-) TimerEvent: {}
[324.263033] (-) TimerEvent: {}
[324.364371] (-) TimerEvent: {}
[324.465855] (-) TimerEvent: {}
[324.567235] (-) TimerEvent: {}
[324.668489] (-) TimerEvent: {}
[324.769814] (-) TimerEvent: {}
[324.870965] (-) TimerEvent: {}
[324.972029] (-) TimerEvent: {}
[325.073358] (-) TimerEvent: {}
[325.174425] (-) TimerEvent: {}
[325.275586] (-) TimerEvent: {}
[325.376791] (-) TimerEvent: {}
[325.477934] (-) TimerEvent: {}
[325.579202] (-) TimerEvent: {}
[325.680304] (-) TimerEvent: {}
[325.781565] (-) TimerEvent: {}
[325.882773] (-) TimerEvent: {}
[325.983845] (-) TimerEvent: {}
[326.084897] (-) TimerEvent: {}
[326.186741] (-) TimerEvent: {}
[326.287794] (-) TimerEvent: {}
[326.389920] (-) TimerEvent: {}
[326.491709] (-) TimerEvent: {}
[326.593362] (-) TimerEvent: {}
[326.694721] (-) TimerEvent: {}
[326.796695] (-) TimerEvent: {}
[326.897979] (-) TimerEvent: {}
[326.999203] (-) TimerEvent: {}
[327.100561] (-) TimerEvent: {}
[327.201664] (-) TimerEvent: {}
[327.302917] (-) TimerEvent: {}
[327.404288] (-) TimerEvent: {}
[327.505960] (-) TimerEvent: {}
[327.607424] (-) TimerEvent: {}
[327.708614] (-) TimerEvent: {}
[327.809691] (-) TimerEvent: {}
[327.910936] (-) TimerEvent: {}
[328.012333] (-) TimerEvent: {}
[328.113515] (-) TimerEvent: {}
[328.214629] (-) TimerEvent: {}
[328.315864] (-) TimerEvent: {}
[328.417890] (-) TimerEvent: {}
[328.518986] (-) TimerEvent: {}
[328.621787] (-) TimerEvent: {}
[328.724358] (-) TimerEvent: {}
[328.825538] (-) TimerEvent: {}
[328.926642] (-) TimerEvent: {}
[329.027829] (-) TimerEvent: {}
[329.129650] (-) TimerEvent: {}
[329.231617] (-) TimerEvent: {}
[329.332761] (-) TimerEvent: {}
[329.434066] (-) TimerEvent: {}
[329.535289] (-) TimerEvent: {}
[329.636485] (-) TimerEvent: {}
[329.737652] (-) TimerEvent: {}
[329.838674] (-) TimerEvent: {}
[329.940453] (-) TimerEvent: {}
[330.042735] (-) TimerEvent: {}
[330.144714] (-) TimerEvent: {}
[330.246135] (-) TimerEvent: {}
[330.347537] (-) TimerEvent: {}
[330.449723] (-) TimerEvent: {}
[330.552645] (-) TimerEvent: {}
[330.653929] (-) TimerEvent: {}
[330.755332] (-) TimerEvent: {}
[330.858997] (-) TimerEvent: {}
[330.961497] (-) TimerEvent: {}
[331.062707] (-) TimerEvent: {}
[331.163993] (-) TimerEvent: {}
[331.266808] (-) TimerEvent: {}
[331.369295] (-) TimerEvent: {}
[331.471950] (-) TimerEvent: {}
[331.574778] (-) TimerEvent: {}
[331.677518] (-) TimerEvent: {}
[331.778724] (-) TimerEvent: {}
[331.881353] (-) TimerEvent: {}
[331.982608] (-) TimerEvent: {}
[332.085455] (-) TimerEvent: {}
[332.187215] (-) TimerEvent: {}
[332.289026] (-) TimerEvent: {}
[332.390325] (-) TimerEvent: {}
[332.491641] (-) TimerEvent: {}
[332.592900] (-) TimerEvent: {}
[332.695649] (-) TimerEvent: {}
[332.798662] (-) TimerEvent: {}
[332.901587] (-) TimerEvent: {}
[333.004469] (-) TimerEvent: {}
[333.106284] (-) TimerEvent: {}
[333.208186] (-) TimerEvent: {}
[333.309434] (-) TimerEvent: {}
[333.410691] (-) TimerEvent: {}
[333.512683] (-) TimerEvent: {}
[333.613874] (-) TimerEvent: {}
[333.715173] (-) TimerEvent: {}
[333.816891] (-) TimerEvent: {}
[333.919685] (-) TimerEvent: {}
[334.020931] (-) TimerEvent: {}
[334.122013] (-) TimerEvent: {}
[334.223208] (-) TimerEvent: {}
[334.325907] (-) TimerEvent: {}
[334.427710] (-) TimerEvent: {}
[334.530327] (-) TimerEvent: {}
[334.631522] (-) TimerEvent: {}
[334.732666] (-) TimerEvent: {}
[334.834454] (-) TimerEvent: {}
[334.935633] (-) TimerEvent: {}
[335.036749] (-) TimerEvent: {}
[335.138010] (-) TimerEvent: {}
[335.239842] (-) TimerEvent: {}
[335.341156] (-) TimerEvent: {}
[335.442526] (-) TimerEvent: {}
[335.543685] (-) TimerEvent: {}
[335.644988] (-) TimerEvent: {}
[335.746243] (-) TimerEvent: {}
[335.847632] (-) TimerEvent: {}
[335.949947] (-) TimerEvent: {}
[336.051297] (-) TimerEvent: {}
[336.153691] (-) TimerEvent: {}
[336.255779] (-) TimerEvent: {}
[336.357510] (-) TimerEvent: {}
[336.459907] (-) TimerEvent: {}
[336.561418] (-) TimerEvent: {}
[336.662739] (-) TimerEvent: {}
[336.763886] (-) TimerEvent: {}
[336.865829] (-) TimerEvent: {}
[336.967663] (-) TimerEvent: {}
[337.069843] (-) TimerEvent: {}
[337.171420] (-) TimerEvent: {}
[337.272641] (-) TimerEvent: {}
[337.373901] (-) TimerEvent: {}
[337.476531] (-) TimerEvent: {}
[337.577858] (-) TimerEvent: {}
[337.679938] (-) TimerEvent: {}
[337.781027] (-) TimerEvent: {}
[337.882414] (-) TimerEvent: {}
[337.985523] (-) TimerEvent: {}
[338.088105] (-) TimerEvent: {}
[338.189280] (-) TimerEvent: {}
[338.291501] (-) TimerEvent: {}
[338.392984] (-) TimerEvent: {}
[338.495310] (-) TimerEvent: {}
[338.596556] (-) TimerEvent: {}
[338.698864] (-) TimerEvent: {}
[338.800222] (-) TimerEvent: {}
[338.902145] (-) TimerEvent: {}
[339.003187] (-) TimerEvent: {}
[339.104737] (-) TimerEvent: {}
[339.205955] (-) TimerEvent: {}
[339.307097] (-) TimerEvent: {}
[339.408274] (-) TimerEvent: {}
[339.509530] (-) TimerEvent: {}
[339.610897] (-) TimerEvent: {}
[339.713091] (-) TimerEvent: {}
[339.815502] (-) TimerEvent: {}
[339.917092] (-) TimerEvent: {}
[340.019892] (-) TimerEvent: {}
[340.122899] (-) TimerEvent: {}
[340.223989] (-) TimerEvent: {}
[340.325476] (-) TimerEvent: {}
[340.427786] (-) TimerEvent: {}
[340.529630] (-) TimerEvent: {}
[340.632061] (-) TimerEvent: {}
[340.733684] (-) TimerEvent: {}
[340.835617] (-) TimerEvent: {}
[340.936630] (-) TimerEvent: {}
[341.037796] (-) TimerEvent: {}
[341.138924] (-) TimerEvent: {}
[341.240182] (-) TimerEvent: {}
[341.342726] (-) TimerEvent: {}
[341.444086] (-) TimerEvent: {}
[341.547144] (-) TimerEvent: {}
[341.649139] (-) TimerEvent: {}
[341.750678] (-) TimerEvent: {}
[341.854187] (-) TimerEvent: {}
[341.956289] (-) TimerEvent: {}
[342.057590] (-) TimerEvent: {}
[342.161026] (-) TimerEvent: {}
[342.263672] (-) TimerEvent: {}
[342.367175] (-) TimerEvent: {}
[342.470726] (-) TimerEvent: {}
[342.573137] (-) TimerEvent: {}
[342.676027] (-) TimerEvent: {}
[342.779080] (-) TimerEvent: {}
[342.880520] (-) TimerEvent: {}
[342.982772] (-) TimerEvent: {}
[343.085746] (-) TimerEvent: {}
[343.187017] (-) TimerEvent: {}
[343.288153] (-) TimerEvent: {}
[343.389697] (-) TimerEvent: {}
[343.491080] (-) TimerEvent: {}
[343.592718] (-) TimerEvent: {}
[343.693820] (-) TimerEvent: {}
[343.795159] (-) TimerEvent: {}
[343.898408] (-) TimerEvent: {}
[343.999675] (-) TimerEvent: {}
[344.101142] (-) TimerEvent: {}
[344.203175] (-) TimerEvent: {}
[344.304438] (-) TimerEvent: {}
[344.405542] (-) TimerEvent: {}
[344.506823] (-) TimerEvent: {}
[344.609404] (-) TimerEvent: {}
[344.710643] (-) TimerEvent: {}
[344.813560] (-) TimerEvent: {}
[344.916214] (-) TimerEvent: {}
[345.017533] (-) TimerEvent: {}
[345.120249] (-) TimerEvent: {}
[345.221344] (-) TimerEvent: {}
[345.324347] (-) TimerEvent: {}
[345.427295] (-) TimerEvent: {}
[345.530132] (-) TimerEvent: {}
[345.631535] (-) TimerEvent: {}
[345.734240] (-) TimerEvent: {}
[345.835434] (-) TimerEvent: {}
[345.936698] (-) TimerEvent: {}
[346.039551] (-) TimerEvent: {}
[346.142362] (-) TimerEvent: {}
[346.243427] (-) TimerEvent: {}
[346.344444] (-) TimerEvent: {}
[346.445498] (-) TimerEvent: {}
[346.548191] (-) TimerEvent: {}
[346.649202] (-) TimerEvent: {}
[346.750413] (-) TimerEvent: {}
[346.853104] (-) TimerEvent: {}
[346.954211] (-) TimerEvent: {}
[347.056859] (-) TimerEvent: {}
[347.157945] (-) TimerEvent: {}
[347.259281] (-) TimerEvent: {}
[347.360621] (-) TimerEvent: {}
[347.463179] (-) TimerEvent: {}
[347.565087] (-) TimerEvent: {}
[347.672701] (-) TimerEvent: {}
[347.774370] (-) TimerEvent: {}
[347.875635] (-) TimerEvent: {}
[347.978030] (-) TimerEvent: {}
[348.080830] (-) TimerEvent: {}
[348.183203] (-) TimerEvent: {}
[348.285002] (-) TimerEvent: {}
[348.386552] (-) TimerEvent: {}
[348.487480] (-) TimerEvent: {}
[348.588922] (-) TimerEvent: {}
[348.685303] (rt_ros2) StdoutLine: {'line': b'[ 96%] \x1b[32m\x1b[1mLinking CXX executable main_be\x1b[0m\n'}
[348.689141] (-) TimerEvent: {}
[348.792540] (-) TimerEvent: {}
[348.895070] (-) TimerEvent: {}
[348.998313] (-) TimerEvent: {}
[349.100141] (-) TimerEvent: {}
[349.202086] (-) TimerEvent: {}
[349.303559] (-) TimerEvent: {}
[349.338178] (rt_ros2) StdoutLine: {'line': b'[ 98%] \x1b[32m\x1b[1mLinking CXX executable rt_ros2\x1b[0m\n'}
[349.403833] (-) TimerEvent: {}
[349.505368] (-) TimerEvent: {}
[349.607722] (-) TimerEvent: {}
[349.711749] (-) TimerEvent: {}
[349.814930] (-) TimerEvent: {}
[349.918196] (-) TimerEvent: {}
[350.019472] (-) TimerEvent: {}
[350.123276] (-) TimerEvent: {}
[350.226172] (-) TimerEvent: {}
[350.327237] (-) TimerEvent: {}
[350.431235] (-) TimerEvent: {}
[350.532269] (-) TimerEvent: {}
[350.635939] (-) TimerEvent: {}
[350.741568] (-) TimerEvent: {}
[350.843795] (-) TimerEvent: {}
[350.870687] (rt_ros2) StdoutLine: {'line': b'[ 98%] Built target main_be\n'}
[350.944100] (-) TimerEvent: {}
[351.045562] (-) TimerEvent: {}
[351.146798] (-) TimerEvent: {}
[351.247839] (-) TimerEvent: {}
[351.349102] (-) TimerEvent: {}
[351.442879] (rt_ros2) StdoutLine: {'line': b'[100%] Built target rt_ros2\n'}
[351.449399] (-) TimerEvent: {}
[351.550860] (-) TimerEvent: {}
[351.652045] (-) TimerEvent: {}
[351.762259] (-) TimerEvent: {}
[351.940125] (-) TimerEvent: {}
[352.007458] (rt_ros2) CommandEnded: {'returncode': 0}
[352.192300] (-) TimerEvent: {}
[352.250508] (rt_ros2) JobProgress: {'identifier': 'rt_ros2', 'progress': 'install'}
[352.292648] (-) TimerEvent: {}
[352.380559] (rt_ros2) Command: {'cmd': ['/usr/bin/cmake', '--install', '/code/brickpi/build/rt_ros2'], 'cwd': '/code/brickpi/build/rt_ros2', 'env': OrderedDict([('LESSOPEN', '| /usr/bin/lesspipe %s'), ('USER', 'ubuntu'), ('SSH_CLIENT', '192.168.10.114 57519 22'), ('XDG_SESSION_TYPE', 'tty'), ('SHLVL', '1'), ('LD_LIBRARY_PATH', '/opt/ros/humble/lib/aarch64-linux-gnu:/opt/ros/humble/lib'), ('MOTD_SHOWN', 'pam'), ('HOME', '/home/ubuntu'), ('OLDPWD', '/code'), ('SSH_TTY', '/dev/pts/1'), ('ROS_PYTHON_VERSION', '3'), ('DBUS_SESSION_BUS_ADDRESS', 'unix:path=/run/user/1000/bus'), ('ROS_DISTRO', 'humble'), ('LOGNAME', 'ubuntu'), ('_', '/usr/bin/colcon'), ('ROS_VERSION', '2'), ('XDG_SESSION_CLASS', 'user'), ('TERM', 'xterm-256color'), ('XDG_SESSION_ID', '9'), ('ROS_LOCALHOST_ONLY', '0'), ('BRICKPI3_ROOT_DIR', '/home/ubuntu/BrickPi3'), ('PATH', '/opt/ros/humble/bin:/usr/local/sbin:/usr/local/bin:/usr/sbin:/usr/bin:/sbin:/bin:/usr/games:/usr/local/games:/snap/bin'), ('XDG_RUNTIME_DIR', '/run/user/1000'), ('LANG', 'C.UTF-8'), ('LS_COLORS', 'rs=0:di=01;34:ln=01;36:mh=00:pi=40;33:so=01;35:do=01;35:bd=40;33;01:cd=40;33;01:or=40;31;01:mi=00:su=37;41:sg=30;43:ca=30;41:tw=30;42:ow=34;42:st=37;44:ex=01;32:*.tar=01;31:*.tgz=01;31:*.arc=01;31:*.arj=01;31:*.taz=01;31:*.lha=01;31:*.lz4=01;31:*.lzh=01;31:*.lzma=01;31:*.tlz=01;31:*.txz=01;31:*.tzo=01;31:*.t7z=01;31:*.zip=01;31:*.z=01;31:*.dz=01;31:*.gz=01;31:*.lrz=01;31:*.lz=01;31:*.lzo=01;31:*.xz=01;31:*.zst=01;31:*.tzst=01;31:*.bz2=01;31:*.bz=01;31:*.tbz=01;31:*.tbz2=01;31:*.tz=01;31:*.deb=01;31:*.rpm=01;31:*.jar=01;31:*.war=01;31:*.ear=01;31:*.sar=01;31:*.rar=01;31:*.alz=01;31:*.ace=01;31:*.zoo=01;31:*.cpio=01;31:*.7z=01;31:*.rz=01;31:*.cab=01;31:*.wim=01;31:*.swm=01;31:*.dwm=01;31:*.esd=01;31:*.jpg=01;35:*.jpeg=01;35:*.mjpg=01;35:*.mjpeg=01;35:*.gif=01;35:*.bmp=01;35:*.pbm=01;35:*.pgm=01;35:*.ppm=01;35:*.tga=01;35:*.xbm=01;35:*.xpm=01;35:*.tif=01;35:*.tiff=01;35:*.png=01;35:*.svg=01;35:*.svgz=01;35:*.mng=01;35:*.pcx=01;35:*.mov=01;35:*.mpg=01;35:*.mpeg=01;35:*.m2v=01;35:*.mkv=01;35:*.webm=01;35:*.webp=01;35:*.ogm=01;35:*.mp4=01;35:*.m4v=01;35:*.mp4v=01;35:*.vob=01;35:*.qt=01;35:*.nuv=01;35:*.wmv=01;35:*.asf=01;35:*.rm=01;35:*.rmvb=01;35:*.flc=01;35:*.avi=01;35:*.fli=01;35:*.flv=01;35:*.gl=01;35:*.dl=01;35:*.xcf=01;35:*.xwd=01;35:*.yuv=01;35:*.cgm=01;35:*.emf=01;35:*.ogv=01;35:*.ogx=01;35:*.aac=00;36:*.au=00;36:*.flac=00;36:*.m4a=00;36:*.mid=00;36:*.midi=00;36:*.mka=00;36:*.mp3=00;36:*.mpc=00;36:*.ogg=00;36:*.ra=00;36:*.wav=00;36:*.oga=00;36:*.opus=00;36:*.spx=00;36:*.xspf=00;36:'), ('ROS_DOMAIN_ID', '21'), ('AMENT_PREFIX_PATH', '/opt/ros/humble'), ('SHELL', '/bin/bash'), ('LESSCLOSE', '/usr/bin/lesspipe %s %s'), ('PWD', '/code/brickpi/build/rt_ros2'), ('SSH_CONNECTION', '192.168.10.114 57519 192.168.10.100 22'), ('PYTHONPATH', '/opt/ros/humble/lib/python3.10/site-packages:/opt/ros/humble/local/lib/python3.10/dist-packages'), ('COLCON', '1'), ('CMAKE_PREFIX_PATH', '/opt/ros/humble')]), 'shell': False}
[352.399069] (-) TimerEvent: {}
[352.461075] (rt_ros2) StdoutLine: {'line': b'-- Install configuration: "Release"\n'}
[352.462207] (rt_ros2) StdoutLine: {'line': b'-- Execute custom install script\n'}
[352.463147] (rt_ros2) StdoutLine: {'line': b'-- Up-to-date symlink: /code/brickpi/install/rt_ros2/include/readerwriterqueue/atomicops.h\n'}
[352.466274] (rt_ros2) StdoutLine: {'line': b'-- Up-to-date symlink: /code/brickpi/install/rt_ros2/include/readerwriterqueue/readerwriterqueue.h\n'}
[352.468127] (rt_ros2) StdoutLine: {'line': b'-- Up-to-date symlink: /code/brickpi/install/rt_ros2/include/readerwriterqueue/readerwritercircularbuffer.h\n'}
[352.469864] (rt_ros2) StdoutLine: {'line': b'-- Up-to-date symlink: /code/brickpi/install/rt_ros2/include/readerwriterqueue/LICENSE.md\n'}
[352.472015] (rt_ros2) StdoutLine: {'line': b'-- Up-to-date symlink: /code/brickpi/install/rt_ros2/lib/rt_ros2/rt_ros2\n'}
[352.473030] (rt_ros2) StdoutLine: {'line': b'-- Up-to-date symlink: /code/brickpi/install/rt_ros2/lib/rt_ros2/main_rt\n'}
[352.473977] (rt_ros2) StdoutLine: {'line': b'-- Up-to-date symlink: /code/brickpi/install/rt_ros2/lib/rt_ros2/main_be\n'}
[352.481720] (rt_ros2) StdoutLine: {'line': b'-- Up-to-date symlink: /code/brickpi/install/rt_ros2/share/rt_ros2/._infraestructura.launch.py\n'}
[352.483030] (rt_ros2) StdoutLine: {'line': b'-- Up-to-date symlink: /code/brickpi/install/rt_ros2/share/rt_ros2/infraestructura.launch.py\n'}
[352.485717] (rt_ros2) StdoutLine: {'line': b'-- Up-to-date symlink: /code/brickpi/install/rt_ros2/lib/rt_ros2/nodo_test\n'}
[352.489222] (rt_ros2) StdoutLine: {'line': b'-- Up-to-date symlink: /code/brickpi/install/rt_ros2/share/ament_index/resource_index/package_run_dependencies/rt_ros2\n'}
[352.491798] (rt_ros2) StdoutLine: {'line': b'-- Up-to-date symlink: /code/brickpi/install/rt_ros2/share/ament_index/resource_index/parent_prefix_path/rt_ros2\n'}
[352.499512] (-) TimerEvent: {}
[352.502448] (rt_ros2) StdoutLine: {'line': b'-- Up-to-date symlink: /code/brickpi/install/rt_ros2/share/rt_ros2/environment/ament_prefix_path.sh\n'}
[352.505891] (rt_ros2) StdoutLine: {'line': b'-- Up-to-date symlink: /code/brickpi/install/rt_ros2/share/rt_ros2/environment/ament_prefix_path.dsv\n'}
[352.507655] (rt_ros2) StdoutLine: {'line': b'-- Up-to-date symlink: /code/brickpi/install/rt_ros2/share/rt_ros2/environment/path.sh\n'}
[352.509564] (rt_ros2) StdoutLine: {'line': b'-- Up-to-date symlink: /code/brickpi/install/rt_ros2/share/rt_ros2/environment/path.dsv\n'}
[352.511648] (rt_ros2) StdoutLine: {'line': b'-- Up-to-date symlink: /code/brickpi/install/rt_ros2/share/rt_ros2/local_setup.bash\n'}
[352.513873] (rt_ros2) StdoutLine: {'line': b'-- Up-to-date symlink: /code/brickpi/install/rt_ros2/share/rt_ros2/local_setup.sh\n'}
[352.515683] (rt_ros2) StdoutLine: {'line': b'-- Up-to-date symlink: /code/brickpi/install/rt_ros2/share/rt_ros2/local_setup.zsh\n'}
[352.517369] (rt_ros2) StdoutLine: {'line': b'-- Up-to-date symlink: /code/brickpi/install/rt_ros2/share/rt_ros2/local_setup.dsv\n'}
[352.518466] (rt_ros2) StdoutLine: {'line': b'-- Symlinking: /code/brickpi/install/rt_ros2/share/rt_ros2/package.dsv\n'}
[352.564296] (rt_ros2) StdoutLine: {'line': b'-- Up-to-date symlink: /code/brickpi/install/rt_ros2/share/ament_index/resource_index/packages/rt_ros2\n'}
[352.567715] (rt_ros2) StdoutLine: {'line': b'-- Up-to-date symlink: /code/brickpi/install/rt_ros2/share/rt_ros2/cmake/rt_ros2Config.cmake\n'}
[352.569322] (rt_ros2) StdoutLine: {'line': b'-- Up-to-date symlink: /code/brickpi/install/rt_ros2/share/rt_ros2/cmake/rt_ros2Config-version.cmake\n'}
[352.571327] (rt_ros2) StdoutLine: {'line': b'-- Up-to-date symlink: /code/brickpi/install/rt_ros2/share/rt_ros2/package.xml\n'}
[352.593951] (rt_ros2) CommandEnded: {'returncode': 0}
[352.614524] (-) TimerEvent: {}
[352.764876] (-) TimerEvent: {}
[352.881212] (-) TimerEvent: {}
[353.015174] (-) TimerEvent: {}
[353.119645] (-) TimerEvent: {}
[353.167027] (rt_ros2) JobEnded: {'identifier': 'rt_ros2', 'rc': 0}
[353.212696] (-) EventReactorShutdown: {}
