[0.000000] (-) TimerEvent: {}
[0.001027] (-) JobUnselected: {'identifier': 'brickpi3_charlie'}
[0.001252] (-) JobUnselected: {'identifier': 'brickpi3_motors'}
[0.001383] (-) JobUnselected: {'identifier': 'brickpi3_sensors'}
[0.001532] (-) JobUnselected: {'identifier': 'ev3_sensor_msgs'}
[0.001855] (rt_ros2) JobQueued: {'identifier': 'rt_ros2', 'dependencies': OrderedDict()}
[0.002270] (rt_ros2) JobStarted: {'identifier': 'rt_ros2'}
[0.048010] (rt_ros2) JobProgress: {'identifier': 'rt_ros2', 'progress': 'cmake'}
[0.052660] (rt_ros2) JobProgress: {'identifier': 'rt_ros2', 'progress': 'build'}
[0.058007] (rt_ros2) Command: {'cmd': ['/usr/bin/cmake', '--build', '/code/brickpi/build/rt_ros2', '--', '-j4', '-l4'], 'cwd': '/code/brickpi/build/rt_ros2', 'env': OrderedDict([('LESSOPEN', '| /usr/bin/lesspipe %s'), ('USER', 'ubuntu'), ('SSH_CLIENT', '192.168.10.114 57518 22'), ('XDG_SESSION_TYPE', 'tty'), ('SHLVL', '1'), ('LD_LIBRARY_PATH', '/opt/ros/humble/lib/aarch64-linux-gnu:/opt/ros/humble/lib'), ('MOTD_SHOWN', 'pam'), ('HOME', '/home/ubuntu'), ('OLDPWD', '/code'), ('SSH_TTY', '/dev/pts/2'), ('ROS_PYTHON_VERSION', '3'), ('DBUS_SESSION_BUS_ADDRESS', 'unix:path=/run/user/1000/bus'), ('ROS_DISTRO', 'humble'), ('LOGNAME', 'ubuntu'), ('_', '/usr/bin/colcon'), ('ROS_VERSION', '2'), ('XDG_SESSION_CLASS', 'user'), ('TERM', 'xterm-256color'), ('XDG_SESSION_ID', '8'), ('ROS_LOCALHOST_ONLY', '0'), ('BRICKPI3_ROOT_DIR', '/home/ubuntu/BrickPi3'), ('PATH', '/opt/ros/humble/bin:/usr/local/sbin:/usr/local/bin:/usr/sbin:/usr/bin:/sbin:/bin:/usr/games:/usr/local/games:/snap/bin'), ('XDG_RUNTIME_DIR', '/run/user/1000'), ('LANG', 'C.UTF-8'), ('LS_COLORS', 'rs=0:di=01;34:ln=01;36:mh=00:pi=40;33:so=01;35:do=01;35:bd=40;33;01:cd=40;33;01:or=40;31;01:mi=00:su=37;41:sg=30;43:ca=30;41:tw=30;42:ow=34;42:st=37;44:ex=01;32:*.tar=01;31:*.tgz=01;31:*.arc=01;31:*.arj=01;31:*.taz=01;31:*.lha=01;31:*.lz4=01;31:*.lzh=01;31:*.lzma=01;31:*.tlz=01;31:*.txz=01;31:*.tzo=01;31:*.t7z=01;31:*.zip=01;31:*.z=01;31:*.dz=01;31:*.gz=01;31:*.lrz=01;31:*.lz=01;31:*.lzo=01;31:*.xz=01;31:*.zst=01;31:*.tzst=01;31:*.bz2=01;31:*.bz=01;31:*.tbz=01;31:*.tbz2=01;31:*.tz=01;31:*.deb=01;31:*.rpm=01;31:*.jar=01;31:*.war=01;31:*.ear=01;31:*.sar=01;31:*.rar=01;31:*.alz=01;31:*.ace=01;31:*.zoo=01;31:*.cpio=01;31:*.7z=01;31:*.rz=01;31:*.cab=01;31:*.wim=01;31:*.swm=01;31:*.dwm=01;31:*.esd=01;31:*.jpg=01;35:*.jpeg=01;35:*.mjpg=01;35:*.mjpeg=01;35:*.gif=01;35:*.bmp=01;35:*.pbm=01;35:*.pgm=01;35:*.ppm=01;35:*.tga=01;35:*.xbm=01;35:*.xpm=01;35:*.tif=01;35:*.tiff=01;35:*.png=01;35:*.svg=01;35:*.svgz=01;35:*.mng=01;35:*.pcx=01;35:*.mov=01;35:*.mpg=01;35:*.mpeg=01;35:*.m2v=01;35:*.mkv=01;35:*.webm=01;35:*.webp=01;35:*.ogm=01;35:*.mp4=01;35:*.m4v=01;35:*.mp4v=01;35:*.vob=01;35:*.qt=01;35:*.nuv=01;35:*.wmv=01;35:*.asf=01;35:*.rm=01;35:*.rmvb=01;35:*.flc=01;35:*.avi=01;35:*.fli=01;35:*.flv=01;35:*.gl=01;35:*.dl=01;35:*.xcf=01;35:*.xwd=01;35:*.yuv=01;35:*.cgm=01;35:*.emf=01;35:*.ogv=01;35:*.ogx=01;35:*.aac=00;36:*.au=00;36:*.flac=00;36:*.m4a=00;36:*.mid=00;36:*.midi=00;36:*.mka=00;36:*.mp3=00;36:*.mpc=00;36:*.ogg=00;36:*.ra=00;36:*.wav=00;36:*.oga=00;36:*.opus=00;36:*.spx=00;36:*.xspf=00;36:'), ('ROS_DOMAIN_ID', '21'), ('AMENT_PREFIX_PATH', '/opt/ros/humble'), ('SHELL', '/bin/bash'), ('LESSCLOSE', '/usr/bin/lesspipe %s %s'), ('PWD', '/code/brickpi/build/rt_ros2'), ('SSH_CONNECTION', '192.168.10.114 57518 192.168.10.100 22'), ('PYTHONPATH', '/opt/ros/humble/lib/python3.10/site-packages:/opt/ros/humble/local/lib/python3.10/dist-packages'), ('COLCON', '1'), ('CMAKE_PREFIX_PATH', '/opt/ros/humble')]), 'shell': False}
[0.086297] (-) TimerEvent: {}
[0.187367] (-) TimerEvent: {}
[0.288333] (-) TimerEvent: {}
[0.389807] (-) TimerEvent: {}
[0.447279] (rt_ros2) StdoutLine: {'line': b'[  3%] Built target nodo_test\n'}
[0.490205] (-) TimerEvent: {}
[0.500346] (rt_ros2) StdoutLine: {'line': b'[ 41%] Built target quill\n'}
[0.544835] (rt_ros2) StdoutLine: {'line': b'[ 67%] Built target cactus_tracing_embedded_perfetto_protos\n'}
[0.590458] (-) TimerEvent: {}
[0.691376] (-) TimerEvent: {}
[0.704203] (rt_ros2) StdoutLine: {'line': b'[ 81%] Built target cactus_rt\n'}
[0.791689] (-) TimerEvent: {}
[0.893457] (-) TimerEvent: {}
[1.005851] (-) TimerEvent: {}
[1.015222] (rt_ros2) StdoutLine: {'line': b'[ 83%] \x1b[32mBuilding CXX object CMakeFiles/main_be.dir/src/nodo_maquina_estados.cpp.o\x1b[0m\n'}
[1.106138] (-) TimerEvent: {}
[1.112345] (rt_ros2) StdoutLine: {'line': b'[ 84%] \x1b[32mBuilding CXX object CMakeFiles/main_rt.dir/src/nodo_actuador.cpp.o\x1b[0m\n'}
[1.140116] (rt_ros2) StdoutLine: {'line': b'[ 86%] \x1b[32mBuilding CXX object CMakeFiles/rt_ros2.dir/src/nodo_actuador.cpp.o\x1b[0m\n'}
[1.168975] (rt_ros2) StdoutLine: {'line': b'[ 87%] \x1b[32mBuilding CXX object CMakeFiles/main_be.dir/src/nodo_actuador.cpp.o\x1b[0m\n'}
[1.206380] (-) TimerEvent: {}
[1.307263] (-) TimerEvent: {}
[1.408387] (-) TimerEvent: {}
[1.509472] (-) TimerEvent: {}
[1.611570] (-) TimerEvent: {}
[1.723111] (-) TimerEvent: {}
[1.823913] (-) TimerEvent: {}
[1.924679] (-) TimerEvent: {}
[2.026600] (-) TimerEvent: {}
[2.128925] (-) TimerEvent: {}
[2.230469] (-) TimerEvent: {}
[2.331287] (-) TimerEvent: {}
[2.433102] (-) TimerEvent: {}
[2.533900] (-) TimerEvent: {}
[2.647899] (-) TimerEvent: {}
[2.750337] (-) TimerEvent: {}
[2.851219] (-) TimerEvent: {}
[2.952190] (-) TimerEvent: {}
[3.053413] (-) TimerEvent: {}
[3.155707] (-) TimerEvent: {}
[3.259565] (-) TimerEvent: {}
[3.360402] (-) TimerEvent: {}
[3.462449] (-) TimerEvent: {}
[3.569910] (-) TimerEvent: {}
[3.674938] (-) TimerEvent: {}
[3.776833] (-) TimerEvent: {}
[3.878762] (-) TimerEvent: {}
[3.980888] (-) TimerEvent: {}
[4.081755] (-) TimerEvent: {}
[4.183428] (-) TimerEvent: {}
[4.285835] (-) TimerEvent: {}
[4.388145] (-) TimerEvent: {}
[4.489825] (-) TimerEvent: {}
[4.591485] (-) TimerEvent: {}
[4.697911] (-) TimerEvent: {}
[4.806816] (-) TimerEvent: {}
[4.908525] (-) TimerEvent: {}
[5.021842] (-) TimerEvent: {}
[5.125933] (-) TimerEvent: {}
[5.226831] (-) TimerEvent: {}
[5.331900] (-) TimerEvent: {}
[5.434895] (-) TimerEvent: {}
[5.536332] (-) TimerEvent: {}
[5.637445] (-) TimerEvent: {}
[5.751921] (-) TimerEvent: {}
[5.854449] (-) TimerEvent: {}
[5.956449] (-) TimerEvent: {}
[6.059684] (-) TimerEvent: {}
[6.161799] (-) TimerEvent: {}
[6.262838] (-) TimerEvent: {}
[6.364692] (-) TimerEvent: {}
[6.467258] (-) TimerEvent: {}
[6.569531] (-) TimerEvent: {}
[6.671904] (-) TimerEvent: {}
[6.774307] (-) TimerEvent: {}
[6.876811] (-) TimerEvent: {}
[6.982233] (-) TimerEvent: {}
[7.084456] (-) TimerEvent: {}
[7.186978] (-) TimerEvent: {}
[7.288987] (-) TimerEvent: {}
[7.390500] (-) TimerEvent: {}
[7.492136] (-) TimerEvent: {}
[7.593984] (-) TimerEvent: {}
[7.695691] (-) TimerEvent: {}
[7.797768] (-) TimerEvent: {}
[7.899590] (-) TimerEvent: {}
[8.001269] (-) TimerEvent: {}
[8.102863] (-) TimerEvent: {}
[8.204488] (-) TimerEvent: {}
[8.306224] (-) TimerEvent: {}
[8.408379] (-) TimerEvent: {}
[8.509886] (-) TimerEvent: {}
[8.611850] (-) TimerEvent: {}
[8.714007] (-) TimerEvent: {}
[8.815859] (-) TimerEvent: {}
[8.917351] (-) TimerEvent: {}
[9.019119] (-) TimerEvent: {}
[9.120919] (-) TimerEvent: {}
[9.222869] (-) TimerEvent: {}
[9.324853] (-) TimerEvent: {}
[9.426877] (-) TimerEvent: {}
[9.528697] (-) TimerEvent: {}
[9.630796] (-) TimerEvent: {}
[9.733049] (-) TimerEvent: {}
[9.835055] (-) TimerEvent: {}
[9.936959] (-) TimerEvent: {}
[10.038802] (-) TimerEvent: {}
[10.140526] (-) TimerEvent: {}
[10.242394] (-) TimerEvent: {}
[10.344102] (-) TimerEvent: {}
[10.445726] (-) TimerEvent: {}
[10.547422] (-) TimerEvent: {}
[10.649148] (-) TimerEvent: {}
[10.750941] (-) TimerEvent: {}
[10.853175] (-) TimerEvent: {}
[10.954954] (-) TimerEvent: {}
[11.056796] (-) TimerEvent: {}
[11.158377] (-) TimerEvent: {}
[11.259843] (-) TimerEvent: {}
[11.362316] (-) TimerEvent: {}
[11.463620] (-) TimerEvent: {}
[11.565964] (-) TimerEvent: {}
[11.667972] (-) TimerEvent: {}
[11.769738] (-) TimerEvent: {}
[11.871494] (-) TimerEvent: {}
[11.973087] (-) TimerEvent: {}
[12.074737] (-) TimerEvent: {}
[12.176923] (-) TimerEvent: {}
[12.278745] (-) TimerEvent: {}
[12.380490] (-) TimerEvent: {}
[12.482450] (-) TimerEvent: {}
[12.585465] (-) TimerEvent: {}
[12.688321] (-) TimerEvent: {}
[12.791507] (-) TimerEvent: {}
[12.894244] (-) TimerEvent: {}
[12.997265] (-) TimerEvent: {}
[13.099667] (-) TimerEvent: {}
[13.200791] (-) TimerEvent: {}
[13.302170] (-) TimerEvent: {}
[13.403526] (-) TimerEvent: {}
[13.504783] (-) TimerEvent: {}
[13.605907] (-) TimerEvent: {}
[13.706966] (-) TimerEvent: {}
[13.808566] (-) TimerEvent: {}
[13.910039] (-) TimerEvent: {}
[14.011322] (-) TimerEvent: {}
[14.112763] (-) TimerEvent: {}
[14.214006] (-) TimerEvent: {}
[14.315959] (-) TimerEvent: {}
[14.418368] (-) TimerEvent: {}
[14.519921] (-) TimerEvent: {}
[14.621225] (-) TimerEvent: {}
[14.722341] (-) TimerEvent: {}
[14.823945] (-) TimerEvent: {}
[14.925349] (-) TimerEvent: {}
[15.027597] (-) TimerEvent: {}
[15.130222] (-) TimerEvent: {}
[15.232157] (-) TimerEvent: {}
[15.333980] (-) TimerEvent: {}
[15.436104] (-) TimerEvent: {}
[15.538134] (-) TimerEvent: {}
[15.640021] (-) TimerEvent: {}
[15.741878] (-) TimerEvent: {}
[15.843616] (-) TimerEvent: {}
[15.945268] (-) TimerEvent: {}
[16.047013] (-) TimerEvent: {}
[16.148865] (-) TimerEvent: {}
[16.250851] (-) TimerEvent: {}
[16.352459] (-) TimerEvent: {}
[16.453929] (-) TimerEvent: {}
[16.555766] (-) TimerEvent: {}
[16.657333] (-) TimerEvent: {}
[16.758846] (-) TimerEvent: {}
[16.860454] (-) TimerEvent: {}
[16.962429] (-) TimerEvent: {}
[17.064471] (-) TimerEvent: {}
[17.166123] (-) TimerEvent: {}
[17.267882] (-) TimerEvent: {}
[17.370392] (-) TimerEvent: {}
[17.472229] (-) TimerEvent: {}
[17.574183] (-) TimerEvent: {}
[17.675817] (-) TimerEvent: {}
[17.777304] (-) TimerEvent: {}
[17.878907] (-) TimerEvent: {}
[17.980513] (-) TimerEvent: {}
[18.082532] (-) TimerEvent: {}
[18.184560] (-) TimerEvent: {}
[18.286549] (-) TimerEvent: {}
[18.388715] (-) TimerEvent: {}
[18.490529] (-) TimerEvent: {}
[18.592255] (-) TimerEvent: {}
[18.695787] (-) TimerEvent: {}
[18.798985] (-) TimerEvent: {}
[18.902196] (-) TimerEvent: {}
[19.004755] (-) TimerEvent: {}
[19.107376] (-) TimerEvent: {}
[19.210352] (-) TimerEvent: {}
[19.313525] (-) TimerEvent: {}
[19.415106] (-) TimerEvent: {}
[19.516720] (-) TimerEvent: {}
[19.618385] (-) TimerEvent: {}
[19.719998] (-) TimerEvent: {}
[19.821761] (-) TimerEvent: {}
[19.923365] (-) TimerEvent: {}
[20.025187] (-) TimerEvent: {}
[20.127238] (-) TimerEvent: {}
[20.229153] (-) TimerEvent: {}
[20.330869] (-) TimerEvent: {}
[20.432591] (-) TimerEvent: {}
[20.534419] (-) TimerEvent: {}
[20.636059] (-) TimerEvent: {}
[20.737589] (-) TimerEvent: {}
[20.839358] (-) TimerEvent: {}
[20.940884] (-) TimerEvent: {}
[21.042423] (-) TimerEvent: {}
[21.144012] (-) TimerEvent: {}
[21.245668] (-) TimerEvent: {}
[21.347506] (-) TimerEvent: {}
[21.449322] (-) TimerEvent: {}
[21.551034] (-) TimerEvent: {}
[21.652535] (-) TimerEvent: {}
[21.754301] (-) TimerEvent: {}
[21.855865] (-) TimerEvent: {}
[21.957342] (-) TimerEvent: {}
[22.058844] (-) TimerEvent: {}
[22.159965] (-) TimerEvent: {}
[22.261077] (-) TimerEvent: {}
[22.362096] (-) TimerEvent: {}
[22.463171] (-) TimerEvent: {}
[22.564245] (-) TimerEvent: {}
[22.665489] (-) TimerEvent: {}
[22.766563] (-) TimerEvent: {}
[22.867736] (-) TimerEvent: {}
[22.968843] (-) TimerEvent: {}
[23.069932] (-) TimerEvent: {}
[23.171169] (-) TimerEvent: {}
[23.272762] (-) TimerEvent: {}
[23.374325] (-) TimerEvent: {}
[23.475846] (-) TimerEvent: {}
[23.578582] (-) TimerEvent: {}
[23.679786] (-) TimerEvent: {}
[23.780888] (-) TimerEvent: {}
[23.882481] (-) TimerEvent: {}
[23.983583] (-) TimerEvent: {}
[24.084702] (-) TimerEvent: {}
[24.185836] (-) TimerEvent: {}
[24.286950] (-) TimerEvent: {}
[24.388045] (-) TimerEvent: {}
[24.489098] (-) TimerEvent: {}
[24.590290] (-) TimerEvent: {}
[24.691675] (-) TimerEvent: {}
[24.792919] (-) TimerEvent: {}
[24.893991] (-) TimerEvent: {}
[24.995158] (-) TimerEvent: {}
[25.096485] (-) TimerEvent: {}
[25.197604] (-) TimerEvent: {}
[25.298808] (-) TimerEvent: {}
[25.400955] (-) TimerEvent: {}
[25.501967] (-) TimerEvent: {}
[25.603773] (-) TimerEvent: {}
[25.706353] (-) TimerEvent: {}
[25.808905] (-) TimerEvent: {}
[25.911905] (-) TimerEvent: {}
[26.014398] (-) TimerEvent: {}
[26.117041] (-) TimerEvent: {}
[26.219532] (-) TimerEvent: {}
[26.322078] (-) TimerEvent: {}
[26.424580] (-) TimerEvent: {}
[26.527087] (-) TimerEvent: {}
[26.629879] (-) TimerEvent: {}
[26.731492] (-) TimerEvent: {}
[26.832557] (-) TimerEvent: {}
[26.933693] (-) TimerEvent: {}
[27.034831] (-) TimerEvent: {}
[27.135901] (-) TimerEvent: {}
[27.236961] (-) TimerEvent: {}
[27.338672] (-) TimerEvent: {}
[27.439760] (-) TimerEvent: {}
[27.540862] (-) TimerEvent: {}
[27.642117] (-) TimerEvent: {}
[27.743213] (-) TimerEvent: {}
[27.844336] (-) TimerEvent: {}
[27.945684] (-) TimerEvent: {}
[28.046761] (-) TimerEvent: {}
[28.148533] (-) TimerEvent: {}
[28.249670] (-) TimerEvent: {}
[28.351365] (-) TimerEvent: {}
[28.452789] (-) TimerEvent: {}
[28.553898] (-) TimerEvent: {}
[28.655505] (-) TimerEvent: {}
[28.756743] (-) TimerEvent: {}
[28.859144] (-) TimerEvent: {}
[28.960892] (-) TimerEvent: {}
[29.062807] (-) TimerEvent: {}
[29.164399] (-) TimerEvent: {}
[29.266105] (-) TimerEvent: {}
[29.368694] (-) TimerEvent: {}
[29.471471] (-) TimerEvent: {}
[29.574047] (-) TimerEvent: {}
[29.676753] (-) TimerEvent: {}
[29.779392] (-) TimerEvent: {}
[29.881308] (-) TimerEvent: {}
[29.982384] (-) TimerEvent: {}
[30.083542] (-) TimerEvent: {}
[30.185487] (-) TimerEvent: {}
[30.286611] (-) TimerEvent: {}
[30.387759] (-) TimerEvent: {}
[30.489843] (-) TimerEvent: {}
[30.591760] (-) TimerEvent: {}
[30.698824] (-) TimerEvent: {}
[30.800524] (-) TimerEvent: {}
[30.901666] (-) TimerEvent: {}
[31.003362] (-) TimerEvent: {}
[31.105078] (-) TimerEvent: {}
[31.206667] (-) TimerEvent: {}
[31.308190] (-) TimerEvent: {}
[31.409773] (-) TimerEvent: {}
[31.511531] (-) TimerEvent: {}
[31.612595] (-) TimerEvent: {}
[31.713691] (-) TimerEvent: {}
[31.814717] (-) TimerEvent: {}
[31.915733] (-) TimerEvent: {}
[32.017535] (-) TimerEvent: {}
[32.118701] (-) TimerEvent: {}
[32.219861] (-) TimerEvent: {}
[32.321925] (-) TimerEvent: {}
[32.422966] (-) TimerEvent: {}
[32.524232] (-) TimerEvent: {}
[32.625383] (-) TimerEvent: {}
[32.726466] (-) TimerEvent: {}
[32.827564] (-) TimerEvent: {}
[32.929128] (-) TimerEvent: {}
[33.031684] (-) TimerEvent: {}
[33.134282] (-) TimerEvent: {}
[33.236862] (-) TimerEvent: {}
[33.339670] (-) TimerEvent: {}
[33.442469] (-) TimerEvent: {}
[33.543579] (-) TimerEvent: {}
[33.644850] (-) TimerEvent: {}
[33.748013] (-) TimerEvent: {}
[33.850864] (-) TimerEvent: {}
[33.954875] (-) TimerEvent: {}
[34.057493] (-) TimerEvent: {}
[34.161029] (-) TimerEvent: {}
[34.266763] (-) TimerEvent: {}
[34.369420] (-) TimerEvent: {}
[34.472284] (-) TimerEvent: {}
[34.574908] (-) TimerEvent: {}
[34.681206] (-) TimerEvent: {}
[34.782781] (-) TimerEvent: {}
[34.884278] (-) TimerEvent: {}
[34.985768] (-) TimerEvent: {}
[35.087247] (-) TimerEvent: {}
[35.188838] (-) TimerEvent: {}
[35.290346] (-) TimerEvent: {}
[35.392010] (-) TimerEvent: {}
[35.493681] (-) TimerEvent: {}
[35.595279] (-) TimerEvent: {}
[35.696904] (-) TimerEvent: {}
[35.798658] (-) TimerEvent: {}
[35.900471] (-) TimerEvent: {}
[36.002570] (-) TimerEvent: {}
[36.104318] (-) TimerEvent: {}
[36.206082] (-) TimerEvent: {}
[36.307783] (-) TimerEvent: {}
[36.409418] (-) TimerEvent: {}
[36.511188] (-) TimerEvent: {}
[36.612868] (-) TimerEvent: {}
[36.714720] (-) TimerEvent: {}
[36.816253] (-) TimerEvent: {}
[36.917914] (-) TimerEvent: {}
[37.019699] (-) TimerEvent: {}
[37.121257] (-) TimerEvent: {}
[37.222860] (-) TimerEvent: {}
[37.324962] (-) TimerEvent: {}
[37.427413] (-) TimerEvent: {}
[37.529247] (-) TimerEvent: {}
[37.631170] (-) TimerEvent: {}
[37.732834] (-) TimerEvent: {}
[37.834456] (-) TimerEvent: {}
[37.936124] (-) TimerEvent: {}
[38.038876] (-) TimerEvent: {}
[38.141658] (-) TimerEvent: {}
[38.244433] (-) TimerEvent: {}
[38.347034] (-) TimerEvent: {}
[38.449862] (-) TimerEvent: {}
[38.552745] (-) TimerEvent: {}
[38.655610] (-) TimerEvent: {}
[38.758769] (-) TimerEvent: {}
[38.861847] (-) TimerEvent: {}
[38.963419] (-) TimerEvent: {}
[39.070233] (-) TimerEvent: {}
[39.173061] (-) TimerEvent: {}
[39.275780] (-) TimerEvent: {}
[39.378483] (-) TimerEvent: {}
[39.481058] (-) TimerEvent: {}
[39.583906] (-) TimerEvent: {}
[39.688190] (-) TimerEvent: {}
[39.790891] (-) TimerEvent: {}
[39.892503] (-) TimerEvent: {}
[39.994095] (-) TimerEvent: {}
[40.095608] (-) TimerEvent: {}
[40.197131] (-) TimerEvent: {}
[40.298713] (-) TimerEvent: {}
[40.400485] (-) TimerEvent: {}
[40.501894] (-) TimerEvent: {}
[40.603709] (-) TimerEvent: {}
[40.705175] (-) TimerEvent: {}
[40.806977] (-) TimerEvent: {}
[40.908556] (-) TimerEvent: {}
[41.010115] (-) TimerEvent: {}
[41.111731] (-) TimerEvent: {}
[41.213308] (-) TimerEvent: {}
[41.314947] (-) TimerEvent: {}
[41.416750] (-) TimerEvent: {}
[41.517937] (-) TimerEvent: {}
[41.619555] (-) TimerEvent: {}
[41.721099] (-) TimerEvent: {}
[41.822829] (-) TimerEvent: {}
[41.924459] (-) TimerEvent: {}
[42.026073] (-) TimerEvent: {}
[42.127765] (-) TimerEvent: {}
[42.229370] (-) TimerEvent: {}
[42.331204] (-) TimerEvent: {}
[42.432756] (-) TimerEvent: {}
[42.534288] (-) TimerEvent: {}
[42.635841] (-) TimerEvent: {}
[42.737414] (-) TimerEvent: {}
[42.838921] (-) TimerEvent: {}
[42.940436] (-) TimerEvent: {}
[43.041889] (-) TimerEvent: {}
[43.143372] (-) TimerEvent: {}
[43.244882] (-) TimerEvent: {}
[43.346528] (-) TimerEvent: {}
[43.448084] (-) TimerEvent: {}
[43.549699] (-) TimerEvent: {}
[43.651157] (-) TimerEvent: {}
[43.752848] (-) TimerEvent: {}
[43.854416] (-) TimerEvent: {}
[43.955515] (-) TimerEvent: {}
[44.057123] (-) TimerEvent: {}
[44.158826] (-) TimerEvent: {}
[44.260442] (-) TimerEvent: {}
[44.362024] (-) TimerEvent: {}
[44.463747] (-) TimerEvent: {}
[44.565436] (-) TimerEvent: {}
[44.667153] (-) TimerEvent: {}
[44.768921] (-) TimerEvent: {}
[44.870480] (-) TimerEvent: {}
[44.972299] (-) TimerEvent: {}
[45.073937] (-) TimerEvent: {}
[45.175682] (-) TimerEvent: {}
[45.277291] (-) TimerEvent: {}
[45.379091] (-) TimerEvent: {}
[45.480668] (-) TimerEvent: {}
[45.582156] (-) TimerEvent: {}
[45.683875] (-) TimerEvent: {}
[45.785495] (-) TimerEvent: {}
[45.887029] (-) TimerEvent: {}
[45.988936] (-) TimerEvent: {}
[46.091931] (-) TimerEvent: {}
[46.193565] (-) TimerEvent: {}
[46.295073] (-) TimerEvent: {}
[46.396726] (-) TimerEvent: {}
[46.498280] (-) TimerEvent: {}
[46.599934] (-) TimerEvent: {}
[46.701696] (-) TimerEvent: {}
[46.803536] (-) TimerEvent: {}
[46.905480] (-) TimerEvent: {}
[47.007315] (-) TimerEvent: {}
[47.109362] (-) TimerEvent: {}
[47.210460] (-) TimerEvent: {}
[47.311902] (-) TimerEvent: {}
[47.413814] (-) TimerEvent: {}
[47.515327] (-) TimerEvent: {}
[47.617121] (-) TimerEvent: {}
[47.718815] (-) TimerEvent: {}
[47.820437] (-) TimerEvent: {}
[47.922221] (-) TimerEvent: {}
[48.023965] (-) TimerEvent: {}
[48.126551] (-) TimerEvent: {}
[48.228529] (-) TimerEvent: {}
[48.330193] (-) TimerEvent: {}
[48.431707] (-) TimerEvent: {}
[48.533229] (-) TimerEvent: {}
[48.634857] (-) TimerEvent: {}
[48.736543] (-) TimerEvent: {}
[48.838326] (-) TimerEvent: {}
[48.939605] (-) TimerEvent: {}
[49.040740] (-) TimerEvent: {}
[49.141829] (-) TimerEvent: {}
[49.243498] (-) TimerEvent: {}
[49.344928] (-) TimerEvent: {}
[49.446377] (-) TimerEvent: {}
[49.547852] (-) TimerEvent: {}
[49.649333] (-) TimerEvent: {}
[49.750875] (-) TimerEvent: {}
[49.852335] (-) TimerEvent: {}
[49.953922] (-) TimerEvent: {}
[50.055911] (-) TimerEvent: {}
[50.157829] (-) TimerEvent: {}
[50.259704] (-) TimerEvent: {}
[50.361350] (-) TimerEvent: {}
[50.463002] (-) TimerEvent: {}
[50.564528] (-) TimerEvent: {}
[50.666017] (-) TimerEvent: {}
[50.767830] (-) TimerEvent: {}
[50.869404] (-) TimerEvent: {}
[50.970987] (-) TimerEvent: {}
[51.072508] (-) TimerEvent: {}
[51.174194] (-) TimerEvent: {}
[51.275898] (-) TimerEvent: {}
[51.377359] (-) TimerEvent: {}
[51.478850] (-) TimerEvent: {}
[51.580347] (-) TimerEvent: {}
[51.681833] (-) TimerEvent: {}
[51.783781] (-) TimerEvent: {}
[51.885299] (-) TimerEvent: {}
[51.987033] (-) TimerEvent: {}
[52.088501] (-) TimerEvent: {}
[52.190008] (-) TimerEvent: {}
[52.292663] (-) TimerEvent: {}
[52.395336] (-) TimerEvent: {}
[52.498124] (-) TimerEvent: {}
[52.602605] (-) TimerEvent: {}
[52.705268] (-) TimerEvent: {}
[52.807876] (-) TimerEvent: {}
[52.910431] (-) TimerEvent: {}
[53.013108] (-) TimerEvent: {}
[53.115749] (-) TimerEvent: {}
[53.218503] (-) TimerEvent: {}
[53.320087] (-) TimerEvent: {}
[53.421545] (-) TimerEvent: {}
[53.523026] (-) TimerEvent: {}
[53.624706] (-) TimerEvent: {}
[53.726299] (-) TimerEvent: {}
[53.827906] (-) TimerEvent: {}
[53.929517] (-) TimerEvent: {}
[54.031186] (-) TimerEvent: {}
[54.132862] (-) TimerEvent: {}
[54.234540] (-) TimerEvent: {}
[54.336324] (-) TimerEvent: {}
[54.437952] (-) TimerEvent: {}
[54.539616] (-) TimerEvent: {}
[54.641203] (-) TimerEvent: {}
[54.742860] (-) TimerEvent: {}
[54.844551] (-) TimerEvent: {}
[54.946140] (-) TimerEvent: {}
[55.047683] (-) TimerEvent: {}
[55.149238] (-) TimerEvent: {}
[55.250866] (-) TimerEvent: {}
[55.352400] (-) TimerEvent: {}
[55.454071] (-) TimerEvent: {}
[55.555702] (-) TimerEvent: {}
[55.684864] (-) TimerEvent: {}
[55.786661] (-) TimerEvent: {}
[55.888135] (-) TimerEvent: {}
[55.989708] (-) TimerEvent: {}
[56.091363] (-) TimerEvent: {}
[56.192865] (-) TimerEvent: {}
[56.294415] (-) TimerEvent: {}
[56.396512] (-) TimerEvent: {}
[56.497724] (-) TimerEvent: {}
[56.598811] (-) TimerEvent: {}
[56.700529] (-) TimerEvent: {}
[56.803447] (-) TimerEvent: {}
[56.906231] (-) TimerEvent: {}
[57.009207] (-) TimerEvent: {}
[57.112016] (-) TimerEvent: {}
[57.214686] (-) TimerEvent: {}
[57.319622] (-) TimerEvent: {}
[57.422436] (-) TimerEvent: {}
[57.523676] (-) TimerEvent: {}
[57.624756] (-) TimerEvent: {}
[57.725922] (-) TimerEvent: {}
[57.827054] (-) TimerEvent: {}
[57.928227] (-) TimerEvent: {}
[58.029388] (-) TimerEvent: {}
[58.130550] (-) TimerEvent: {}
[58.231732] (-) TimerEvent: {}
[58.332845] (-) TimerEvent: {}
[58.434740] (-) TimerEvent: {}
[58.536719] (-) TimerEvent: {}
[58.637955] (-) TimerEvent: {}
[58.739984] (-) TimerEvent: {}
[58.841737] (-) TimerEvent: {}
[58.942881] (-) TimerEvent: {}
[59.044469] (-) TimerEvent: {}
[59.145666] (-) TimerEvent: {}
[59.248271] (-) TimerEvent: {}
[59.351119] (-) TimerEvent: {}
[59.453882] (-) TimerEvent: {}
[59.555156] (-) TimerEvent: {}
[59.656456] (-) TimerEvent: {}
[59.757749] (-) TimerEvent: {}
[59.859162] (-) TimerEvent: {}
[59.960411] (-) TimerEvent: {}
[60.061718] (-) TimerEvent: {}
[60.162877] (-) TimerEvent: {}
[60.264058] (-) TimerEvent: {}
[60.367179] (-) TimerEvent: {}
[60.469906] (-) TimerEvent: {}
[60.571519] (-) TimerEvent: {}
[60.682831] (-) TimerEvent: {}
[60.789857] (-) TimerEvent: {}
[60.891478] (-) TimerEvent: {}
[60.995836] (-) TimerEvent: {}
[61.101862] (-) TimerEvent: {}
[61.204194] (-) TimerEvent: {}
[61.308997] (-) TimerEvent: {}
[61.412422] (-) TimerEvent: {}
[61.521854] (-) TimerEvent: {}
[61.627864] (-) TimerEvent: {}
[61.734873] (-) TimerEvent: {}
[61.838865] (-) TimerEvent: {}
[61.940048] (-) TimerEvent: {}
[62.045893] (-) TimerEvent: {}
[62.151893] (-) TimerEvent: {}
[62.256863] (-) TimerEvent: {}
[62.358075] (-) TimerEvent: {}
[62.459219] (-) TimerEvent: {}
[62.562888] (-) TimerEvent: {}
[62.664031] (-) TimerEvent: {}
[62.768888] (-) TimerEvent: {}
[62.873885] (-) TimerEvent: {}
[62.975074] (-) TimerEvent: {}
[63.078865] (-) TimerEvent: {}
[63.182877] (-) TimerEvent: {}
[63.289879] (-) TimerEvent: {}
[63.392868] (-) TimerEvent: {}
[63.494440] (-) TimerEvent: {}
[63.595970] (-) TimerEvent: {}
[63.697687] (-) TimerEvent: {}
[63.801468] (-) TimerEvent: {}
[63.906913] (-) TimerEvent: {}
[64.008409] (-) TimerEvent: {}
[64.111877] (-) TimerEvent: {}
[64.216863] (-) TimerEvent: {}
[64.318375] (-) TimerEvent: {}
[64.423856] (-) TimerEvent: {}
[64.526414] (-) TimerEvent: {}
[64.629095] (-) TimerEvent: {}
[64.736104] (-) TimerEvent: {}
[64.839087] (-) TimerEvent: {}
[64.941779] (-) TimerEvent: {}
[65.044521] (-) TimerEvent: {}
[65.150321] (-) TimerEvent: {}
[65.253076] (-) TimerEvent: {}
[65.357915] (-) TimerEvent: {}
[65.468520] (-) TimerEvent: {}
[65.569737] (-) TimerEvent: {}
[65.670868] (-) TimerEvent: {}
[65.772000] (-) TimerEvent: {}
[65.873116] (-) TimerEvent: {}
[65.974208] (-) TimerEvent: {}
[66.075343] (-) TimerEvent: {}
[66.176497] (-) TimerEvent: {}
[66.277665] (-) TimerEvent: {}
[66.378790] (-) TimerEvent: {}
[66.479903] (-) TimerEvent: {}
[66.581008] (-) TimerEvent: {}
[66.682255] (-) TimerEvent: {}
[66.783382] (-) TimerEvent: {}
[66.884519] (-) TimerEvent: {}
[66.985688] (-) TimerEvent: {}
[67.086847] (-) TimerEvent: {}
[67.187931] (-) TimerEvent: {}
[67.289020] (-) TimerEvent: {}
[67.390120] (-) TimerEvent: {}
[67.491216] (-) TimerEvent: {}
[67.592860] (-) TimerEvent: {}
[67.694114] (-) TimerEvent: {}
[67.795276] (-) TimerEvent: {}
[67.896430] (-) TimerEvent: {}
[67.997554] (-) TimerEvent: {}
[68.098732] (-) TimerEvent: {}
[68.199891] (-) TimerEvent: {}
[68.301033] (-) TimerEvent: {}
[68.402120] (-) TimerEvent: {}
[68.503232] (-) TimerEvent: {}
[68.604467] (-) TimerEvent: {}
[68.705579] (-) TimerEvent: {}
[68.806736] (-) TimerEvent: {}
[68.907872] (-) TimerEvent: {}
[69.008993] (-) TimerEvent: {}
[69.110151] (-) TimerEvent: {}
[69.211274] (-) TimerEvent: {}
[69.312380] (-) TimerEvent: {}
[69.413536] (-) TimerEvent: {}
[69.514693] (-) TimerEvent: {}
[69.615793] (-) TimerEvent: {}
[69.716869] (-) TimerEvent: {}
[69.817991] (-) TimerEvent: {}
[69.919067] (-) TimerEvent: {}
[70.020211] (-) TimerEvent: {}
[70.121329] (-) TimerEvent: {}
[70.222454] (-) TimerEvent: {}
[70.323570] (-) TimerEvent: {}
[70.424809] (-) TimerEvent: {}
[70.525894] (-) TimerEvent: {}
[70.626956] (-) TimerEvent: {}
[70.728170] (-) TimerEvent: {}
[70.829494] (-) TimerEvent: {}
[70.930600] (-) TimerEvent: {}
[71.031756] (-) TimerEvent: {}
[71.132858] (-) TimerEvent: {}
[71.233897] (-) TimerEvent: {}
[71.335022] (-) TimerEvent: {}
[71.436100] (-) TimerEvent: {}
[71.537208] (-) TimerEvent: {}
[71.638333] (-) TimerEvent: {}
[71.739419] (-) TimerEvent: {}
[71.840556] (-) TimerEvent: {}
[71.941704] (-) TimerEvent: {}
[72.042816] (-) TimerEvent: {}
[72.143866] (-) TimerEvent: {}
[72.245042] (-) TimerEvent: {}
[72.346132] (-) TimerEvent: {}
[72.447222] (-) TimerEvent: {}
[72.548304] (-) TimerEvent: {}
[72.649405] (-) TimerEvent: {}
[72.750665] (-) TimerEvent: {}
[72.851878] (-) TimerEvent: {}
[72.953011] (-) TimerEvent: {}
[73.054147] (-) TimerEvent: {}
[73.155254] (-) TimerEvent: {}
[73.256373] (-) TimerEvent: {}
[73.357484] (-) TimerEvent: {}
[73.458573] (-) TimerEvent: {}
[73.559757] (-) TimerEvent: {}
[73.660826] (-) TimerEvent: {}
[73.761877] (-) TimerEvent: {}
[73.863013] (-) TimerEvent: {}
[73.964152] (-) TimerEvent: {}
[74.067068] (-) TimerEvent: {}
[74.168129] (-) TimerEvent: {}
[74.269199] (-) TimerEvent: {}
[74.370176] (-) TimerEvent: {}
[74.471252] (-) TimerEvent: {}
[74.572439] (-) TimerEvent: {}
[74.673513] (-) TimerEvent: {}
[74.774606] (-) TimerEvent: {}
[74.875722] (-) TimerEvent: {}
[74.976760] (-) TimerEvent: {}
[75.077783] (-) TimerEvent: {}
[75.178838] (-) TimerEvent: {}
[75.279900] (-) TimerEvent: {}
[75.381087] (-) TimerEvent: {}
[75.482961] (-) TimerEvent: {}
[75.584058] (-) TimerEvent: {}
[75.685211] (-) TimerEvent: {}
[75.786465] (-) TimerEvent: {}
[75.887616] (-) TimerEvent: {}
[75.988744] (-) TimerEvent: {}
[76.091310] (-) TimerEvent: {}
[76.196854] (-) TimerEvent: {}
[76.300871] (-) TimerEvent: {}
[76.402511] (-) TimerEvent: {}
[76.504898] (-) TimerEvent: {}
[76.607707] (-) TimerEvent: {}
[76.710276] (-) TimerEvent: {}
[76.815587] (-) TimerEvent: {}
[76.917557] (-) TimerEvent: {}
[77.019173] (-) TimerEvent: {}
[77.124866] (-) TimerEvent: {}
[77.226447] (-) TimerEvent: {}
[77.327992] (-) TimerEvent: {}
[77.429542] (-) TimerEvent: {}
[77.531193] (-) TimerEvent: {}
[77.632883] (-) TimerEvent: {}
[77.734369] (-) TimerEvent: {}
[77.836049] (-) TimerEvent: {}
[77.940892] (-) TimerEvent: {}
[78.042515] (-) TimerEvent: {}
[78.149905] (-) TimerEvent: {}
[78.253859] (-) TimerEvent: {}
[78.358976] (-) TimerEvent: {}
[78.465843] (-) TimerEvent: {}
[78.567259] (-) TimerEvent: {}
[78.668703] (-) TimerEvent: {}
[78.771898] (-) TimerEvent: {}
[78.875857] (-) TimerEvent: {}
[78.977344] (-) TimerEvent: {}
[79.078964] (-) TimerEvent: {}
[79.180471] (-) TimerEvent: {}
[79.288823] (-) TimerEvent: {}
[79.390272] (-) TimerEvent: {}
[79.491576] (-) TimerEvent: {}
[79.592971] (-) TimerEvent: {}
[79.697020] (-) TimerEvent: {}
[79.800861] (-) TimerEvent: {}
[79.902382] (-) TimerEvent: {}
[80.008859] (-) TimerEvent: {}
[80.113864] (-) TimerEvent: {}
[80.220861] (-) TimerEvent: {}
[80.322406] (-) TimerEvent: {}
[80.423896] (-) TimerEvent: {}
[80.528851] (-) TimerEvent: {}
[80.635863] (-) TimerEvent: {}
[80.737384] (-) TimerEvent: {}
[80.843867] (-) TimerEvent: {}
[80.951877] (-) TimerEvent: {}
[81.053518] (-) TimerEvent: {}
[81.155130] (-) TimerEvent: {}
[81.257438] (-) TimerEvent: {}
[81.362907] (-) TimerEvent: {}
[81.465119] (-) TimerEvent: {}
[81.567917] (-) TimerEvent: {}
[81.674871] (-) TimerEvent: {}
[81.780852] (-) TimerEvent: {}
[81.882466] (-) TimerEvent: {}
[81.987868] (-) TimerEvent: {}
[82.089406] (-) TimerEvent: {}
[82.190554] (-) TimerEvent: {}
[82.291707] (-) TimerEvent: {}
[82.397863] (-) TimerEvent: {}
[82.498929] (-) TimerEvent: {}
[82.605868] (-) TimerEvent: {}
[82.712863] (-) TimerEvent: {}
[82.819866] (-) TimerEvent: {}
[82.926873] (-) TimerEvent: {}
[83.028446] (-) TimerEvent: {}
[83.129552] (-) TimerEvent: {}
[83.230758] (-) TimerEvent: {}
[83.331903] (-) TimerEvent: {}
[83.432962] (-) TimerEvent: {}
[83.536864] (-) TimerEvent: {}
[83.638456] (-) TimerEvent: {}
[83.739593] (-) TimerEvent: {}
[83.841865] (-) TimerEvent: {}
[83.943786] (-) TimerEvent: {}
[84.045333] (-) TimerEvent: {}
[84.146858] (-) TimerEvent: {}
[84.253878] (-) TimerEvent: {}
[84.355455] (-) TimerEvent: {}
[84.456615] (-) TimerEvent: {}
[84.558152] (-) TimerEvent: {}
[84.661909] (-) TimerEvent: {}
[84.766863] (-) TimerEvent: {}
[84.869249] (-) TimerEvent: {}
[84.973867] (-) TimerEvent: {}
[85.075488] (-) TimerEvent: {}
[85.177015] (-) TimerEvent: {}
[85.278608] (-) TimerEvent: {}
[85.383794] (-) TimerEvent: {}
[85.494087] (-) TimerEvent: {}
[85.600864] (-) TimerEvent: {}
[85.702693] (-) TimerEvent: {}
[85.808041] (-) TimerEvent: {}
[85.912527] (-) TimerEvent: {}
[86.014267] (-) TimerEvent: {}
[86.119451] (-) TimerEvent: {}
[86.227915] (-) TimerEvent: {}
[86.331865] (-) TimerEvent: {}
[86.434879] (-) TimerEvent: {}
[86.539064] (-) TimerEvent: {}
[86.647157] (-) TimerEvent: {}
[86.748708] (-) TimerEvent: {}
[86.856448] (-) TimerEvent: {}
[86.961098] (-) TimerEvent: {}
[87.072857] (-) TimerEvent: {}
[87.175279] (-) TimerEvent: {}
[87.276879] (-) TimerEvent: {}
[87.378376] (-) TimerEvent: {}
[87.479884] (-) TimerEvent: {}
[87.583879] (-) TimerEvent: {}
[87.685437] (-) TimerEvent: {}
[87.787103] (-) TimerEvent: {}
[87.888705] (-) TimerEvent: {}
[87.992869] (-) TimerEvent: {}
[88.095146] (-) TimerEvent: {}
[88.200481] (-) TimerEvent: {}
[88.302692] (-) TimerEvent: {}
[88.405874] (-) TimerEvent: {}
[88.507418] (-) TimerEvent: {}
[88.609338] (-) TimerEvent: {}
[88.714495] (-) TimerEvent: {}
[88.820842] (-) TimerEvent: {}
[88.923119] (-) TimerEvent: {}
[89.025345] (-) TimerEvent: {}
[89.127275] (-) TimerEvent: {}
[89.229548] (-) TimerEvent: {}
[89.330754] (-) TimerEvent: {}
[89.432897] (-) TimerEvent: {}
[89.535181] (-) TimerEvent: {}
[89.637514] (-) TimerEvent: {}
[89.739900] (-) TimerEvent: {}
[89.840997] (-) TimerEvent: {}
[89.942069] (-) TimerEvent: {}
[90.046918] (-) TimerEvent: {}
[90.151866] (-) TimerEvent: {}
[90.255885] (-) TimerEvent: {}
[90.358427] (-) TimerEvent: {}
[90.460766] (-) TimerEvent: {}
[90.565909] (-) TimerEvent: {}
[90.670875] (-) TimerEvent: {}
[90.773368] (-) TimerEvent: {}
[90.876898] (-) TimerEvent: {}
[90.980468] (-) TimerEvent: {}
[91.082998] (-) TimerEvent: {}
[91.187855] (-) TimerEvent: {}
[91.289329] (-) TimerEvent: {}
[91.390822] (-) TimerEvent: {}
[91.494868] (-) TimerEvent: {}
[91.595996] (-) TimerEvent: {}
[91.700855] (-) TimerEvent: {}
[91.802313] (-) TimerEvent: {}
[91.903782] (-) TimerEvent: {}
[92.005274] (-) TimerEvent: {}
[92.111867] (-) TimerEvent: {}
[92.213433] (-) TimerEvent: {}
[92.320865] (-) TimerEvent: {}
[92.426344] (-) TimerEvent: {}
[92.528025] (-) TimerEvent: {}
[92.632864] (-) TimerEvent: {}
[92.739964] (-) TimerEvent: {}
[92.841075] (-) TimerEvent: {}
[92.948846] (-) TimerEvent: {}
[93.054904] (-) TimerEvent: {}
[93.162857] (-) TimerEvent: {}
[93.264359] (-) TimerEvent: {}
[93.365978] (-) TimerEvent: {}
[93.468272] (-) TimerEvent: {}
[93.570559] (-) TimerEvent: {}
[93.674863] (-) TimerEvent: {}
[93.777177] (-) TimerEvent: {}
[93.879713] (-) TimerEvent: {}
[93.982047] (-) TimerEvent: {}
[94.104510] (-) TimerEvent: {}
[94.274656] (-) TimerEvent: {}
[94.377044] (-) TimerEvent: {}
[94.479275] (-) TimerEvent: {}
[94.581339] (-) TimerEvent: {}
[94.683654] (-) TimerEvent: {}
[94.785824] (-) TimerEvent: {}
[94.888137] (-) TimerEvent: {}
[94.989597] (-) TimerEvent: {}
[95.091296] (-) TimerEvent: {}
[95.193341] (-) TimerEvent: {}
[95.294780] (-) TimerEvent: {}
[95.396257] (-) TimerEvent: {}
[95.497966] (-) TimerEvent: {}
[95.601457] (-) TimerEvent: {}
[95.704053] (-) TimerEvent: {}
[95.806307] (-) TimerEvent: {}
[95.908655] (-) TimerEvent: {}
[96.018945] (-) TimerEvent: {}
[96.120693] (-) TimerEvent: {}
[96.221977] (-) TimerEvent: {}
[96.323385] (-) TimerEvent: {}
[96.424878] (-) TimerEvent: {}
[96.526278] (-) TimerEvent: {}
[96.627792] (-) TimerEvent: {}
[96.729194] (-) TimerEvent: {}
[96.830603] (-) TimerEvent: {}
[96.932795] (-) TimerEvent: {}
[97.034394] (-) TimerEvent: {}
[97.135854] (-) TimerEvent: {}
[97.237266] (-) TimerEvent: {}
[97.339792] (-) TimerEvent: {}
[97.441249] (-) TimerEvent: {}
[97.543012] (-) TimerEvent: {}
[97.644809] (-) TimerEvent: {}
[97.746532] (-) TimerEvent: {}
[97.847994] (-) TimerEvent: {}
[97.950850] (-) TimerEvent: {}
[98.053657] (-) TimerEvent: {}
[98.156091] (-) TimerEvent: {}
[98.258395] (-) TimerEvent: {}
[98.359897] (-) TimerEvent: {}
[98.461466] (-) TimerEvent: {}
[98.563962] (-) TimerEvent: {}
[98.666510] (-) TimerEvent: {}
[98.768976] (-) TimerEvent: {}
[98.871674] (-) TimerEvent: {}
[98.975209] (-) TimerEvent: {}
[99.078165] (-) TimerEvent: {}
[99.180922] (-) TimerEvent: {}
[99.283507] (-) TimerEvent: {}
[99.385757] (-) TimerEvent: {}
[99.489934] (-) TimerEvent: {}
[99.591930] (-) TimerEvent: {}
[99.698848] (-) TimerEvent: {}
[99.801189] (-) TimerEvent: {}
[99.907988] (-) TimerEvent: {}
[100.015976] (-) TimerEvent: {}
[100.122847] (-) TimerEvent: {}
[100.224936] (-) TimerEvent: {}
[100.326988] (-) TimerEvent: {}
[100.429306] (-) TimerEvent: {}
[100.531558] (-) TimerEvent: {}
[100.633889] (-) TimerEvent: {}
[100.743838] (-) TimerEvent: {}
[100.850868] (-) TimerEvent: {}
[100.957838] (-) TimerEvent: {}
[101.058854] (-) TimerEvent: {}
[101.160992] (-) TimerEvent: {}
[101.272327] (-) TimerEvent: {}
[101.373556] (-) TimerEvent: {}
[101.477877] (-) TimerEvent: {}
[101.580752] (-) TimerEvent: {}
[101.684559] (-) TimerEvent: {}
[101.788897] (-) TimerEvent: {}
[101.890143] (-) TimerEvent: {}
[101.992286] (-) TimerEvent: {}
[102.096857] (-) TimerEvent: {}
[102.198069] (-) TimerEvent: {}
[102.299345] (-) TimerEvent: {}
[102.402236] (-) TimerEvent: {}
[102.506888] (-) TimerEvent: {}
[102.609366] (-) TimerEvent: {}
[102.716875] (-) TimerEvent: {}
[102.819207] (-) TimerEvent: {}
[102.922889] (-) TimerEvent: {}
[103.024036] (-) TimerEvent: {}
[103.125339] (-) TimerEvent: {}
[103.227535] (-) TimerEvent: {}
[103.329605] (-) TimerEvent: {}
[103.435934] (-) TimerEvent: {}
[103.538266] (-) TimerEvent: {}
[103.642974] (-) TimerEvent: {}
[103.745281] (-) TimerEvent: {}
[103.846353] (-) TimerEvent: {}
[103.947586] (-) TimerEvent: {}
[104.049460] (-) TimerEvent: {}
[104.151599] (-) TimerEvent: {}
[104.253425] (-) TimerEvent: {}
[104.354480] (-) TimerEvent: {}
[104.455666] (-) TimerEvent: {}
[104.556818] (-) TimerEvent: {}
[104.662853] (-) TimerEvent: {}
[104.769856] (-) TimerEvent: {}
[104.871461] (-) TimerEvent: {}
[104.972955] (-) TimerEvent: {}
[105.075371] (-) TimerEvent: {}
[105.177732] (-) TimerEvent: {}
[105.280011] (-) TimerEvent: {}
[105.382203] (-) TimerEvent: {}
[105.489865] (-) TimerEvent: {}
[105.592291] (-) TimerEvent: {}
[105.699863] (-) TimerEvent: {}
[105.802101] (-) TimerEvent: {}
[105.904282] (-) TimerEvent: {}
[106.009802] (-) TimerEvent: {}
[106.111926] (-) TimerEvent: {}
[106.214098] (-) TimerEvent: {}
[106.316205] (-) TimerEvent: {}
[106.424864] (-) TimerEvent: {}
[106.525915] (-) TimerEvent: {}
[106.627084] (-) TimerEvent: {}
[106.732530] (-) TimerEvent: {}
[106.834834] (-) TimerEvent: {}
[106.937146] (-) TimerEvent: {}
[107.039409] (-) TimerEvent: {}
[107.141763] (-) TimerEvent: {}
[107.244210] (-) TimerEvent: {}
[107.346076] (-) TimerEvent: {}
[107.449883] (-) TimerEvent: {}
[107.551385] (-) TimerEvent: {}
[107.652814] (-) TimerEvent: {}
[107.753827] (-) TimerEvent: {}
[107.854878] (-) TimerEvent: {}
[107.955909] (-) TimerEvent: {}
[108.056966] (-) TimerEvent: {}
[108.157984] (-) TimerEvent: {}
[108.259072] (-) TimerEvent: {}
[108.360155] (-) TimerEvent: {}
[108.461282] (-) TimerEvent: {}
[108.562409] (-) TimerEvent: {}
[108.663545] (-) TimerEvent: {}
[108.764790] (-) TimerEvent: {}
[108.865860] (-) TimerEvent: {}
[108.967058] (-) TimerEvent: {}
[109.068131] (-) TimerEvent: {}
[109.169211] (-) TimerEvent: {}
[109.270475] (-) TimerEvent: {}
[109.374025] (-) TimerEvent: {}
[109.477243] (-) TimerEvent: {}
[109.579899] (-) TimerEvent: {}
[109.682612] (-) TimerEvent: {}
[109.785178] (-) TimerEvent: {}
[109.888298] (-) TimerEvent: {}
[109.995925] (-) TimerEvent: {}
[110.100459] (-) TimerEvent: {}
[110.202956] (-) TimerEvent: {}
[110.305456] (-) TimerEvent: {}
[110.407917] (-) TimerEvent: {}
[110.512980] (-) TimerEvent: {}
[110.615142] (-) TimerEvent: {}
[110.716994] (-) TimerEvent: {}
[110.818209] (-) TimerEvent: {}
[110.920725] (-) TimerEvent: {}
[111.021814] (-) TimerEvent: {}
[114.120946] (-) TimerEvent: {}
[114.223456] (-) TimerEvent: {}
[114.324892] (-) TimerEvent: {}
[114.426479] (-) TimerEvent: {}
[114.527829] (-) TimerEvent: {}
[114.629161] (-) TimerEvent: {}
[114.730685] (-) TimerEvent: {}
[114.832177] (-) TimerEvent: {}
[114.933806] (-) TimerEvent: {}
[115.035389] (-) TimerEvent: {}
[115.138150] (-) TimerEvent: {}
[115.240899] (-) TimerEvent: {}
[115.343449] (-) TimerEvent: {}
[115.446661] (-) TimerEvent: {}
[115.553446] (-) TimerEvent: {}
[115.654465] (-) TimerEvent: {}
[115.756148] (-) TimerEvent: {}
[115.857098] (-) TimerEvent: {}
[115.967397] (-) TimerEvent: {}
[116.070991] (-) TimerEvent: {}
[117.883223] (-) TimerEvent: {}
[117.989868] (-) TimerEvent: {}
[118.099857] (-) TimerEvent: {}
[118.203859] (-) TimerEvent: {}
[118.306417] (-) TimerEvent: {}
[118.411851] (-) TimerEvent: {}
[118.512896] (-) TimerEvent: {}
[118.613910] (-) TimerEvent: {}
[118.718875] (-) TimerEvent: {}
[118.825856] (-) TimerEvent: {}
[118.927413] (-) TimerEvent: {}
[119.032135] (-) TimerEvent: {}
[119.138874] (-) TimerEvent: {}
[119.242869] (-) TimerEvent: {}
[119.347935] (-) TimerEvent: {}
[119.452878] (-) TimerEvent: {}
[119.555156] (-) TimerEvent: {}
[119.659845] (-) TimerEvent: {}
[119.762215] (-) TimerEvent: {}
[119.864529] (-) TimerEvent: {}
[119.969905] (-) TimerEvent: {}
[120.072321] (-) TimerEvent: {}
[120.179279] (-) TimerEvent: {}
[120.281702] (-) TimerEvent: {}
[120.383954] (-) TimerEvent: {}
[120.486420] (-) TimerEvent: {}
[120.592889] (-) TimerEvent: {}
[120.697871] (-) TimerEvent: {}
[120.802874] (-) TimerEvent: {}
[120.906898] (-) TimerEvent: {}
[121.010946] (-) TimerEvent: {}
[121.124760] (-) TimerEvent: {}
[121.225778] (-) TimerEvent: {}
[121.326724] (-) TimerEvent: {}
[121.428245] (-) TimerEvent: {}
[121.529862] (-) TimerEvent: {}
[121.632125] (-) TimerEvent: {}
[121.733305] (-) TimerEvent: {}
[121.834459] (-) TimerEvent: {}
[121.937257] (-) TimerEvent: {}
[122.038395] (-) TimerEvent: {}
[122.139456] (-) TimerEvent: {}
[122.240511] (-) TimerEvent: {}
[122.341677] (-) TimerEvent: {}
[122.444584] (-) TimerEvent: {}
[122.545916] (-) TimerEvent: {}
[122.647513] (-) TimerEvent: {}
[122.750414] (-) TimerEvent: {}
[122.851722] (-) TimerEvent: {}
[122.952921] (-) TimerEvent: {}
[123.054009] (-) TimerEvent: {}
[123.155016] (-) TimerEvent: {}
[123.256160] (-) TimerEvent: {}
[123.357085] (-) TimerEvent: {}
[123.458017] (-) TimerEvent: {}
[123.558823] (-) TimerEvent: {}
[123.659859] (-) TimerEvent: {}
[123.770870] (-) TimerEvent: {}
[123.879174] (-) TimerEvent: {}
[123.980943] (-) TimerEvent: {}
[124.082000] (-) TimerEvent: {}
[124.183169] (-) TimerEvent: {}
[124.284308] (-) TimerEvent: {}
[124.385407] (-) TimerEvent: {}
[124.488857] (-) TimerEvent: {}
[124.590361] (-) TimerEvent: {}
[124.697854] (-) TimerEvent: {}
[124.799086] (-) TimerEvent: {}
[124.900262] (-) TimerEvent: {}
[125.001477] (-) TimerEvent: {}
[125.102709] (-) TimerEvent: {}
[125.204866] (-) TimerEvent: {}
[125.310926] (-) TimerEvent: {}
[125.414565] (-) TimerEvent: {}
[125.517877] (-) TimerEvent: {}
[125.621854] (-) TimerEvent: {}
[125.723077] (-) TimerEvent: {}
[125.825156] (-) TimerEvent: {}
[125.930785] (-) TimerEvent: {}
[126.035999] (-) TimerEvent: {}
[126.140887] (-) TimerEvent: {}
[126.244884] (-) TimerEvent: {}
[126.348824] (-) TimerEvent: {}
[126.453895] (-) TimerEvent: {}
[126.555964] (-) TimerEvent: {}
[126.658573] (-) TimerEvent: {}
[126.762853] (-) TimerEvent: {}
[126.867905] (-) TimerEvent: {}
[126.981900] (-) TimerEvent: {}
[127.090704] (-) TimerEvent: {}
[127.191784] (-) TimerEvent: {}
[127.293083] (-) TimerEvent: {}
[127.394257] (-) TimerEvent: {}
[127.495594] (-) TimerEvent: {}
[127.598335] (-) TimerEvent: {}
[127.700882] (-) TimerEvent: {}
[127.801850] (-) TimerEvent: {}
[127.904392] (-) TimerEvent: {}
[128.007072] (-) TimerEvent: {}
[128.108047] (-) TimerEvent: {}
[128.209050] (-) TimerEvent: {}
[128.311506] (-) TimerEvent: {}
[128.412299] (-) TimerEvent: {}
[128.513180] (-) TimerEvent: {}
[128.615609] (-) TimerEvent: {}
[128.717062] (-) TimerEvent: {}
[128.818182] (-) TimerEvent: {}
[128.920796] (-) TimerEvent: {}
[129.021884] (-) TimerEvent: {}
[129.122942] (-) TimerEvent: {}
[129.225226] (-) TimerEvent: {}
[129.327779] (-) TimerEvent: {}
[129.430123] (-) TimerEvent: {}
[129.532508] (-) TimerEvent: {}
[129.634801] (-) TimerEvent: {}
[129.736753] (-) TimerEvent: {}
[129.838710] (-) TimerEvent: {}
[129.954855] (-) TimerEvent: {}
[130.063908] (-) TimerEvent: {}
[130.167817] (-) TimerEvent: {}
[130.268984] (-) TimerEvent: {}
[130.373956] (-) TimerEvent: {}
[130.477904] (-) TimerEvent: {}
[130.580291] (-) TimerEvent: {}
[130.682754] (-) TimerEvent: {}
[130.785156] (-) TimerEvent: {}
[130.887413] (-) TimerEvent: {}
[130.988681] (-) TimerEvent: {}
[131.095724] (-) TimerEvent: {}
[131.205920] (-) TimerEvent: {}
[131.313922] (-) TimerEvent: {}
[131.415062] (-) TimerEvent: {}
[131.516225] (-) TimerEvent: {}
[131.617378] (-) TimerEvent: {}
[131.723392] (-) TimerEvent: {}
[131.824593] (-) TimerEvent: {}
[131.925864] (-) TimerEvent: {}
[132.031901] (-) TimerEvent: {}
[132.136871] (-) TimerEvent: {}
[132.237998] (-) TimerEvent: {}
[132.339584] (-) TimerEvent: {}
[132.443973] (-) TimerEvent: {}
[132.548929] (-) TimerEvent: {}
[132.651312] (-) TimerEvent: {}
[132.757868] (-) TimerEvent: {}
[132.864875] (-) TimerEvent: {}
[132.967181] (-) TimerEvent: {}
[133.073733] (-) TimerEvent: {}
[133.178934] (-) TimerEvent: {}
[133.281360] (-) TimerEvent: {}
[133.386918] (-) TimerEvent: {}
[133.493917] (-) TimerEvent: {}
[133.596297] (-) TimerEvent: {}
[133.699277] (-) TimerEvent: {}
[133.803023] (-) TimerEvent: {}
[133.905907] (-) TimerEvent: {}
[134.013893] (-) TimerEvent: {}
[134.121870] (-) TimerEvent: {}
[134.224393] (-) TimerEvent: {}
[134.325555] (-) TimerEvent: {}
[134.426768] (-) TimerEvent: {}
[134.528313] (-) TimerEvent: {}
[134.629577] (-) TimerEvent: {}
[134.731896] (-) TimerEvent: {}
[134.834571] (-) TimerEvent: {}
[134.939877] (-) TimerEvent: {}
[135.041371] (-) TimerEvent: {}
[135.142895] (-) TimerEvent: {}
[135.246891] (-) TimerEvent: {}
[135.352449] (-) TimerEvent: {}
[135.455446] (-) TimerEvent: {}
[135.556231] (-) TimerEvent: {}
[135.657043] (-) TimerEvent: {}
[135.757949] (-) TimerEvent: {}
[135.858758] (-) TimerEvent: {}
[135.959601] (-) TimerEvent: {}
[136.060780] (-) TimerEvent: {}
[136.166891] (-) TimerEvent: {}
[136.921872] (-) TimerEvent: {}
[137.027926] (-) TimerEvent: {}
[137.130174] (-) TimerEvent: {}
[137.232412] (-) TimerEvent: {}
[137.334040] (-) TimerEvent: {}
[137.435694] (-) TimerEvent: {}
[137.537534] (-) TimerEvent: {}
[137.639240] (-) TimerEvent: {}
[137.740857] (-) TimerEvent: {}
[137.843427] (-) TimerEvent: {}
[137.946466] (-) TimerEvent: {}
[138.052271] (-) TimerEvent: {}
[138.155056] (-) TimerEvent: {}
[138.261012] (-) TimerEvent: {}
[138.367116] (-) TimerEvent: {}
[138.472801] (-) TimerEvent: {}
[138.575297] (-) TimerEvent: {}
[138.676715] (-) TimerEvent: {}
[138.778049] (-) TimerEvent: {}
[138.879509] (-) TimerEvent: {}
[138.981570] (-) TimerEvent: {}
[139.082968] (-) TimerEvent: {}
[139.183801] (-) TimerEvent: {}
[139.284883] (-) TimerEvent: {}
[139.385898] (-) TimerEvent: {}
[139.486832] (-) TimerEvent: {}
[139.587833] (-) TimerEvent: {}
[139.688611] (-) TimerEvent: {}
[139.789396] (-) TimerEvent: {}
[139.890123] (-) TimerEvent: {}
[139.990850] (-) TimerEvent: {}
[140.091665] (-) TimerEvent: {}
[140.192416] (-) TimerEvent: {}
[140.293252] (-) TimerEvent: {}
[140.394269] (-) TimerEvent: {}
[140.495427] (-) TimerEvent: {}
[140.596493] (-) TimerEvent: {}
[140.698106] (-) TimerEvent: {}
[140.799865] (-) TimerEvent: {}
[140.901730] (-) TimerEvent: {}
[141.002905] (-) TimerEvent: {}
[141.105554] (-) TimerEvent: {}
[141.207318] (-) TimerEvent: {}
[142.462962] (-) TimerEvent: {}
[142.565767] (-) TimerEvent: {}
[142.669569] (-) TimerEvent: {}
[142.775867] (-) TimerEvent: {}
[142.880202] (-) TimerEvent: {}
[142.989887] (-) TimerEvent: {}
[143.091023] (-) TimerEvent: {}
[143.193488] (-) TimerEvent: {}
[143.296114] (-) TimerEvent: {}
[143.398840] (-) TimerEvent: {}
[143.499883] (-) TimerEvent: {}
[143.601022] (-) TimerEvent: {}
[143.702058] (-) TimerEvent: {}
[143.803220] (-) TimerEvent: {}
[143.904367] (-) TimerEvent: {}
[144.005509] (-) TimerEvent: {}
[144.106730] (-) TimerEvent: {}
[144.207837] (-) TimerEvent: {}
[144.308845] (-) TimerEvent: {}
[144.410256] (-) TimerEvent: {}
[144.512375] (-) TimerEvent: {}
[144.614746] (-) TimerEvent: {}
[144.717449] (-) TimerEvent: {}
[144.820263] (-) TimerEvent: {}
[144.923980] (-) TimerEvent: {}
[145.029473] (-) TimerEvent: {}
[145.137140] (-) TimerEvent: {}
[145.243898] (-) TimerEvent: {}
[145.346526] (-) TimerEvent: {}
[145.449105] (-) TimerEvent: {}
[145.550272] (-) TimerEvent: {}
[145.651778] (-) TimerEvent: {}
[145.757891] (-) TimerEvent: {}
[145.859262] (-) TimerEvent: {}
[145.960567] (-) TimerEvent: {}
[146.061859] (-) TimerEvent: {}
[146.163029] (-) TimerEvent: {}
[146.264786] (-) TimerEvent: {}
[146.365973] (-) TimerEvent: {}
[146.467746] (-) TimerEvent: {}
[146.570658] (-) TimerEvent: {}
[146.673185] (-) TimerEvent: {}
[146.775803] (-) TimerEvent: {}
[146.876849] (-) TimerEvent: {}
[146.977854] (-) TimerEvent: {}
[147.079006] (-) TimerEvent: {}
[147.180951] (-) TimerEvent: {}
[147.283454] (-) TimerEvent: {}
[147.384772] (-) TimerEvent: {}
[147.486178] (-) TimerEvent: {}
[147.587582] (-) TimerEvent: {}
[147.688857] (-) TimerEvent: {}
[147.791544] (-) TimerEvent: {}
[147.894207] (-) TimerEvent: {}
[147.995393] (-) TimerEvent: {}
[148.096534] (-) TimerEvent: {}
[148.197729] (-) TimerEvent: {}
[148.298843] (-) TimerEvent: {}
[148.399905] (-) TimerEvent: {}
[148.500998] (-) TimerEvent: {}
[148.602041] (-) TimerEvent: {}
[148.705883] (-) TimerEvent: {}
[148.808595] (-) TimerEvent: {}
[148.911006] (-) TimerEvent: {}
[149.013772] (-) TimerEvent: {}
[149.116074] (-) TimerEvent: {}
[149.217577] (-) TimerEvent: {}
[149.318791] (-) TimerEvent: {}
[149.420895] (-) TimerEvent: {}
[149.522076] (-) TimerEvent: {}
[149.623272] (-) TimerEvent: {}
[149.724474] (-) TimerEvent: {}
[149.825690] (-) TimerEvent: {}
[149.926784] (-) TimerEvent: {}
[150.029579] (-) TimerEvent: {}
[150.131254] (-) TimerEvent: {}
[150.232978] (-) TimerEvent: {}
[150.334136] (-) TimerEvent: {}
[150.435330] (-) TimerEvent: {}
[150.536479] (-) TimerEvent: {}
[150.638100] (-) TimerEvent: {}
[150.740977] (-) TimerEvent: {}
[150.842069] (-) TimerEvent: {}
[150.943204] (-) TimerEvent: {}
[151.048881] (-) TimerEvent: {}
[151.150014] (-) TimerEvent: {}
[151.251328] (-) TimerEvent: {}
[151.355367] (-) TimerEvent: {}
[151.459887] (-) TimerEvent: {}
[151.561123] (-) TimerEvent: {}
[151.662208] (-) TimerEvent: {}
[151.768970] (-) TimerEvent: {}
[151.873399] (-) TimerEvent: {}
[151.974527] (-) TimerEvent: {}
[152.075609] (-) TimerEvent: {}
[152.178354] (-) TimerEvent: {}
[152.280420] (-) TimerEvent: {}
[152.382031] (-) TimerEvent: {}
[152.484348] (-) TimerEvent: {}
[152.587102] (-) TimerEvent: {}
[152.688843] (-) TimerEvent: {}
[152.789900] (-) TimerEvent: {}
[152.891457] (-) TimerEvent: {}
[152.992979] (-) TimerEvent: {}
[153.109808] (-) TimerEvent: {}
[153.212764] (-) TimerEvent: {}
[153.314692] (-) TimerEvent: {}
[153.416342] (-) TimerEvent: {}
[153.517992] (-) TimerEvent: {}
[153.619314] (-) TimerEvent: {}
[153.721363] (-) TimerEvent: {}
[153.827888] (-) TimerEvent: {}
[153.932868] (-) TimerEvent: {}
[154.034885] (-) TimerEvent: {}
[154.141912] (-) TimerEvent: {}
[154.243599] (-) TimerEvent: {}
[154.349913] (-) TimerEvent: {}
[154.453914] (-) TimerEvent: {}
[154.560892] (-) TimerEvent: {}
[154.662495] (-) TimerEvent: {}
[154.764261] (-) TimerEvent: {}
[154.866543] (-) TimerEvent: {}
[154.973880] (-) TimerEvent: {}
[155.081614] (-) TimerEvent: {}
[155.182742] (-) TimerEvent: {}
[155.283874] (-) TimerEvent: {}
[155.392877] (-) TimerEvent: {}
[155.493983] (-) TimerEvent: {}
[155.598943] (-) TimerEvent: {}
[155.700612] (-) TimerEvent: {}
[155.804873] (-) TimerEvent: {}
[155.905959] (-) TimerEvent: {}
[156.008370] (-) TimerEvent: {}
[156.110053] (-) TimerEvent: {}
[156.211719] (-) TimerEvent: {}
[156.321975] (-) TimerEvent: {}
[156.423885] (-) TimerEvent: {}
[156.524948] (-) TimerEvent: {}
[156.626002] (-) TimerEvent: {}
[156.727159] (-) TimerEvent: {}
[156.828337] (-) TimerEvent: {}
[156.929476] (-) TimerEvent: {}
[157.030565] (-) TimerEvent: {}
[157.149114] (-) TimerEvent: {}
[157.250272] (-) TimerEvent: {}
[157.351326] (-) TimerEvent: {}
[157.452433] (-) TimerEvent: {}
[157.553614] (-) TimerEvent: {}
[157.654787] (-) TimerEvent: {}
[157.756856] (-) TimerEvent: {}
[157.857864] (-) TimerEvent: {}
[157.958865] (-) TimerEvent: {}
[158.059865] (-) TimerEvent: {}
[158.160832] (-) TimerEvent: {}
[158.261861] (-) TimerEvent: {}
[158.362934] (-) TimerEvent: {}
[158.463928] (-) TimerEvent: {}
[158.565160] (-) TimerEvent: {}
[158.666227] (-) TimerEvent: {}
[158.767397] (-) TimerEvent: {}
[158.868399] (-) TimerEvent: {}
[158.970335] (-) TimerEvent: {}
[159.072323] (-) TimerEvent: {}
[159.175107] (-) TimerEvent: {}
[159.278233] (-) TimerEvent: {}
[159.380593] (-) TimerEvent: {}
[159.482916] (-) TimerEvent: {}
[159.585425] (-) TimerEvent: {}
[159.690866] (-) TimerEvent: {}
[159.796891] (-) TimerEvent: {}
[159.902883] (-) TimerEvent: {}
[160.008883] (-) TimerEvent: {}
[160.113872] (-) TimerEvent: {}
[160.215580] (-) TimerEvent: {}
[160.317871] (-) TimerEvent: {}
[160.420309] (-) TimerEvent: {}
[160.522731] (-) TimerEvent: {}
[160.628882] (-) TimerEvent: {}
[160.731357] (-) TimerEvent: {}
[160.833832] (-) TimerEvent: {}
[160.935762] (-) TimerEvent: {}
[161.042876] (-) TimerEvent: {}
[161.145067] (-) TimerEvent: {}
[161.259879] (-) TimerEvent: {}
[161.361127] (-) TimerEvent: {}
[161.463557] (-) TimerEvent: {}
[161.570900] (-) TimerEvent: {}
[161.677878] (-) TimerEvent: {}
[161.779464] (-) TimerEvent: {}
[161.887924] (-) TimerEvent: {}
[161.990870] (-) TimerEvent: {}
[162.096857] (-) TimerEvent: {}
[162.197961] (-) TimerEvent: {}
[162.299072] (-) TimerEvent: {}
[162.400180] (-) TimerEvent: {}
[162.501305] (-) TimerEvent: {}
[162.602461] (-) TimerEvent: {}
[162.703834] (-) TimerEvent: {}
[162.805157] (-) TimerEvent: {}
[162.906214] (-) TimerEvent: {}
[163.007437] (-) TimerEvent: {}
[163.110435] (-) TimerEvent: {}
[163.211494] (-) TimerEvent: {}
[163.312692] (-) TimerEvent: {}
[163.413823] (-) TimerEvent: {}
[163.514899] (-) TimerEvent: {}
[163.616150] (-) TimerEvent: {}
[163.717246] (-) TimerEvent: {}
[163.818349] (-) TimerEvent: {}
[163.921278] (-) TimerEvent: {}
[164.022474] (-) TimerEvent: {}
[164.123687] (-) TimerEvent: {}
[164.226525] (-) TimerEvent: {}
[164.327660] (-) TimerEvent: {}
[164.428740] (-) TimerEvent: {}
[164.529943] (-) TimerEvent: {}
[164.630953] (-) TimerEvent: {}
[164.732163] (-) TimerEvent: {}
[164.833296] (-) TimerEvent: {}
[164.934412] (-) TimerEvent: {}
[165.035569] (-) TimerEvent: {}
[165.136725] (-) TimerEvent: {}
[165.237915] (-) TimerEvent: {}
[165.339025] (-) TimerEvent: {}
[165.440192] (-) TimerEvent: {}
[165.541480] (-) TimerEvent: {}
[165.642672] (-) TimerEvent: {}
[165.743847] (-) TimerEvent: {}
[165.845034] (-) TimerEvent: {}
[165.946185] (-) TimerEvent: {}
[166.047322] (-) TimerEvent: {}
[166.150216] (-) TimerEvent: {}
[166.255930] (-) TimerEvent: {}
[166.358802] (-) TimerEvent: {}
[166.461796] (-) TimerEvent: {}
[166.564215] (-) TimerEvent: {}
[166.673856] (-) TimerEvent: {}
[166.775561] (-) TimerEvent: {}
[166.881916] (-) TimerEvent: {}
[166.985934] (-) TimerEvent: {}
[167.089206] (-) TimerEvent: {}
[167.195856] (-) TimerEvent: {}
[167.298416] (-) TimerEvent: {}
[167.402707] (-) TimerEvent: {}
[167.506088] (-) TimerEvent: {}
[167.608890] (-) TimerEvent: {}
[167.710045] (-) TimerEvent: {}
[167.811599] (-) TimerEvent: {}
[167.917854] (-) TimerEvent: {}
[168.020596] (-) TimerEvent: {}
[168.124904] (-) TimerEvent: {}
[168.229876] (-) TimerEvent: {}
[168.331587] (-) TimerEvent: {}
[168.433223] (-) TimerEvent: {}
[168.537915] (-) TimerEvent: {}
[168.644866] (-) TimerEvent: {}
[168.751871] (-) TimerEvent: {}
[168.857855] (-) TimerEvent: {}
[168.968870] (-) TimerEvent: {}
[169.070556] (-) TimerEvent: {}
[169.179857] (-) TimerEvent: {}
[169.291887] (-) TimerEvent: {}
[169.393390] (-) TimerEvent: {}
[169.494500] (-) TimerEvent: {}
[169.595728] (-) TimerEvent: {}
[169.697350] (-) TimerEvent: {}
[169.798534] (-) TimerEvent: {}
[169.899724] (-) TimerEvent: {}
[170.000872] (-) TimerEvent: {}
[170.102064] (-) TimerEvent: {}
[170.203208] (-) TimerEvent: {}
[170.304417] (-) TimerEvent: {}
[170.406196] (-) TimerEvent: {}
[170.507346] (-) TimerEvent: {}
[170.609705] (-) TimerEvent: {}
[170.710617] (-) TimerEvent: {}
[170.813081] (-) TimerEvent: {}
[170.914757] (-) TimerEvent: {}
[171.016390] (-) TimerEvent: {}
[171.117910] (-) TimerEvent: {}
[171.219528] (-) TimerEvent: {}
[171.891089] (-) TimerEvent: {}
[171.992692] (-) TimerEvent: {}
[172.095271] (-) TimerEvent: {}
[172.196922] (-) TimerEvent: {}
[172.299126] (-) TimerEvent: {}
[172.401369] (-) TimerEvent: {}
[172.503697] (-) TimerEvent: {}
[172.609859] (-) TimerEvent: {}
[172.712177] (-) TimerEvent: {}
[172.821878] (-) TimerEvent: {}
[172.925871] (-) TimerEvent: {}
[173.027430] (-) TimerEvent: {}
[173.129111] (-) TimerEvent: {}
[173.234869] (-) TimerEvent: {}
[173.337509] (-) TimerEvent: {}
[173.446122] (-) TimerEvent: {}
[173.548455] (-) TimerEvent: {}
[173.650816] (-) TimerEvent: {}
[173.756865] (-) TimerEvent: {}
[173.863884] (-) TimerEvent: {}
[173.968427] (-) TimerEvent: {}
[174.069602] (-) TimerEvent: {}
[174.171550] (-) TimerEvent: {}
[174.277896] (-) TimerEvent: {}
[174.382972] (-) TimerEvent: {}
[174.486850] (-) TimerEvent: {}
[174.588283] (-) TimerEvent: {}
[174.689763] (-) TimerEvent: {}
[174.809837] (-) TimerEvent: {}
[174.911914] (-) TimerEvent: {}
[175.019083] (-) TimerEvent: {}
[175.129828] (-) TimerEvent: {}
[175.232327] (-) TimerEvent: {}
[175.334981] (-) TimerEvent: {}
[175.439545] (-) TimerEvent: {}
[175.546993] (-) TimerEvent: {}
[175.649336] (-) TimerEvent: {}
[175.751569] (-) TimerEvent: {}
[175.853946] (-) TimerEvent: {}
[175.956280] (-) TimerEvent: {}
[176.058945] (-) TimerEvent: {}
[176.160262] (-) TimerEvent: {}
[176.261459] (-) TimerEvent: {}
[176.408705] (-) TimerEvent: {}
[176.509700] (-) TimerEvent: {}
[176.610677] (-) TimerEvent: {}
[176.713100] (-) TimerEvent: {}
[176.815544] (-) TimerEvent: {}
[176.919366] (-) TimerEvent: {}
[177.021864] (-) TimerEvent: {}
[177.126468] (-) TimerEvent: {}
[177.229226] (-) TimerEvent: {}
[177.331802] (-) TimerEvent: {}
[177.434666] (-) TimerEvent: {}
[177.537293] (-) TimerEvent: {}
[177.640034] (-) TimerEvent: {}
[177.743422] (-) TimerEvent: {}
[177.845689] (-) TimerEvent: {}
[177.948206] (-) TimerEvent: {}
[178.050783] (-) TimerEvent: {}
[178.153144] (-) TimerEvent: {}
[178.259932] (-) TimerEvent: {}
[178.362448] (-) TimerEvent: {}
[178.465941] (-) TimerEvent: {}
[178.567103] (-) TimerEvent: {}
[178.669478] (-) TimerEvent: {}
[178.771745] (-) TimerEvent: {}
[178.873889] (-) TimerEvent: {}
[178.976072] (-) TimerEvent: {}
[179.078442] (-) TimerEvent: {}
[179.179818] (-) TimerEvent: {}
[179.281290] (-) TimerEvent: {}
[179.382995] (-) TimerEvent: {}
[179.487794] (-) TimerEvent: {}
[179.589146] (-) TimerEvent: {}
[179.690223] (-) TimerEvent: {}
[179.793834] (-) TimerEvent: {}
[179.896899] (-) TimerEvent: {}
[180.005293] (-) TimerEvent: {}
[180.108359] (-) TimerEvent: {}
[180.210559] (-) TimerEvent: {}
[180.312777] (-) TimerEvent: {}
[180.415143] (-) TimerEvent: {}
[180.521120] (-) TimerEvent: {}
[180.626827] (-) TimerEvent: {}
[180.728195] (-) TimerEvent: {}
[180.830705] (-) TimerEvent: {}
[180.933334] (-) TimerEvent: {}
[181.035479] (-) TimerEvent: {}
[181.138003] (-) TimerEvent: {}
[181.239525] (-) TimerEvent: {}
[181.583804] (-) TimerEvent: {}
[181.684898] (-) TimerEvent: {}
[181.785863] (-) TimerEvent: {}
[181.891845] (-) TimerEvent: {}
[181.994353] (-) TimerEvent: {}
[182.095542] (-) TimerEvent: {}
[182.196744] (-) TimerEvent: {}
[182.297886] (-) TimerEvent: {}
[182.398921] (-) TimerEvent: {}
[182.505859] (-) TimerEvent: {}
[182.606888] (-) TimerEvent: {}
[182.707895] (-) TimerEvent: {}
[182.808965] (-) TimerEvent: {}
[182.914858] (-) TimerEvent: {}
[183.016951] (-) TimerEvent: {}
[183.118396] (-) TimerEvent: {}
[183.220239] (-) TimerEvent: {}
[183.322404] (-) TimerEvent: {}
[183.424207] (-) TimerEvent: {}
[183.525849] (-) TimerEvent: {}
[183.627227] (-) TimerEvent: {}
[183.730420] (-) TimerEvent: {}
[183.834124] (-) TimerEvent: {}
[183.937876] (-) TimerEvent: {}
[184.040559] (-) TimerEvent: {}
[184.142893] (-) TimerEvent: {}
[184.245616] (-) TimerEvent: {}
[184.352889] (-) TimerEvent: {}
[184.454031] (-) TimerEvent: {}
[184.555282] (-) TimerEvent: {}
[184.656725] (-) TimerEvent: {}
[184.759340] (-) TimerEvent: {}
[184.863000] (-) TimerEvent: {}
[184.968075] (-) TimerEvent: {}
[185.071039] (-) TimerEvent: {}
[185.174830] (-) TimerEvent: {}
[185.277144] (-) TimerEvent: {}
[185.379011] (-) TimerEvent: {}
[185.481682] (-) TimerEvent: {}
[185.584338] (-) TimerEvent: {}
[185.685621] (-) TimerEvent: {}
[185.788156] (-) TimerEvent: {}
[185.890903] (-) TimerEvent: {}
[185.993606] (-) TimerEvent: {}
[186.100168] (-) TimerEvent: {}
[186.205893] (-) TimerEvent: {}
[186.513752] (-) TimerEvent: {}
[186.617130] (-) TimerEvent: {}
[186.719246] (-) TimerEvent: {}
[186.822092] (-) TimerEvent: {}
[186.925046] (-) TimerEvent: {}
[187.027856] (-) TimerEvent: {}
[187.130476] (-) TimerEvent: {}
[187.232797] (-) TimerEvent: {}
[187.335220] (-) TimerEvent: {}
[187.437800] (-) TimerEvent: {}
[187.540142] (-) TimerEvent: {}
[187.642259] (-) TimerEvent: {}
[187.744684] (-) TimerEvent: {}
[187.847022] (-) TimerEvent: {}
[187.949875] (-) TimerEvent: {}
[188.056878] (-) TimerEvent: {}
[188.158544] (-) TimerEvent: {}
[188.263481] (-) TimerEvent: {}
[188.365345] (-) TimerEvent: {}
[188.468854] (-) TimerEvent: {}
[188.578654] (-) TimerEvent: {}
[188.681115] (-) TimerEvent: {}
[188.783215] (-) TimerEvent: {}
[188.884213] (-) TimerEvent: {}
[188.985407] (-) TimerEvent: {}
[189.086477] (-) TimerEvent: {}
[189.190881] (-) TimerEvent: {}
[189.292368] (-) TimerEvent: {}
[189.397498] (-) TimerEvent: {}
[189.498681] (-) TimerEvent: {}
[189.599729] (-) TimerEvent: {}
[189.700867] (-) TimerEvent: {}
[189.801891] (-) TimerEvent: {}
[189.904104] (-) TimerEvent: {}
[190.005205] (-) TimerEvent: {}
[190.106274] (-) TimerEvent: {}
[190.212902] (-) TimerEvent: {}
[190.318039] (-) TimerEvent: {}
[190.423949] (-) TimerEvent: {}
[190.529885] (-) TimerEvent: {}
[190.630937] (-) TimerEvent: {}
[190.732113] (-) TimerEvent: {}
[190.833753] (-) TimerEvent: {}
[190.935796] (-) TimerEvent: {}
[191.038180] (-) TimerEvent: {}
[191.140857] (-) TimerEvent: {}
[191.243505] (-) TimerEvent: {}
[191.691401] (-) TimerEvent: {}
[191.792375] (-) TimerEvent: {}
[191.896916] (-) TimerEvent: {}
[192.002855] (-) TimerEvent: {}
[192.106035] (-) TimerEvent: {}
[192.207005] (-) TimerEvent: {}
[192.308329] (-) TimerEvent: {}
[192.410980] (-) TimerEvent: {}
[192.515095] (-) TimerEvent: {}
[192.617046] (-) TimerEvent: {}
[192.719715] (-) TimerEvent: {}
[192.823857] (-) TimerEvent: {}
[192.928311] (-) TimerEvent: {}
[193.036945] (-) TimerEvent: {}
[193.138672] (-) TimerEvent: {}
[193.240589] (-) TimerEvent: {}
[193.342211] (-) TimerEvent: {}
[193.444162] (-) TimerEvent: {}
[193.558871] (-) TimerEvent: {}
[193.664940] (-) TimerEvent: {}
[193.768836] (-) TimerEvent: {}
[193.869975] (-) TimerEvent: {}
[193.971466] (-) TimerEvent: {}
[194.072875] (-) TimerEvent: {}
[194.177869] (-) TimerEvent: {}
[194.278950] (-) TimerEvent: {}
[194.382845] (-) TimerEvent: {}
[194.484965] (-) TimerEvent: {}
[194.585949] (-) TimerEvent: {}
[194.691855] (-) TimerEvent: {}
[194.793295] (-) TimerEvent: {}
[194.902512] (-) TimerEvent: {}
[195.005987] (-) TimerEvent: {}
[195.112969] (-) TimerEvent: {}
[195.215550] (-) TimerEvent: {}
[195.317958] (-) TimerEvent: {}
[195.420347] (-) TimerEvent: {}
[195.523037] (-) TimerEvent: {}
[195.625250] (-) TimerEvent: {}
[195.727233] (-) TimerEvent: {}
[195.829668] (-) TimerEvent: {}
[195.931178] (-) TimerEvent: {}
[196.032707] (-) TimerEvent: {}
[196.134256] (-) TimerEvent: {}
[196.235855] (-) TimerEvent: {}
[196.337361] (-) TimerEvent: {}
[196.445208] (-) TimerEvent: {}
[196.548525] (-) TimerEvent: {}
[196.650727] (-) TimerEvent: {}
[196.751790] (-) TimerEvent: {}
[196.852849] (-) TimerEvent: {}
[196.956383] (-) TimerEvent: {}
[197.065859] (-) TimerEvent: {}
[197.167875] (-) TimerEvent: {}
[197.268859] (-) TimerEvent: {}
[197.371668] (-) TimerEvent: {}
[197.474198] (-) TimerEvent: {}
[197.576489] (-) TimerEvent: {}
[197.679234] (-) TimerEvent: {}
[197.780341] (-) TimerEvent: {}
[197.881391] (-) TimerEvent: {}
[197.983042] (-) TimerEvent: {}
[198.084297] (-) TimerEvent: {}
[198.188153] (-) TimerEvent: {}
[198.289255] (-) TimerEvent: {}
[198.390246] (-) TimerEvent: {}
[198.492448] (-) TimerEvent: {}
[198.594613] (-) TimerEvent: {}
[198.701869] (-) TimerEvent: {}
[198.805819] (-) TimerEvent: {}
[198.907525] (-) TimerEvent: {}
[199.013874] (-) TimerEvent: {}
[199.114996] (-) TimerEvent: {}
[199.219866] (-) TimerEvent: {}
[199.322501] (-) TimerEvent: {}
[199.424090] (-) TimerEvent: {}
[199.526400] (-) TimerEvent: {}
[199.628202] (-) TimerEvent: {}
[199.730273] (-) TimerEvent: {}
[199.831333] (-) TimerEvent: {}
[199.932383] (-) TimerEvent: {}
[200.033791] (-) TimerEvent: {}
[200.134841] (-) TimerEvent: {}
[200.235918] (-) TimerEvent: {}
[200.337308] (-) TimerEvent: {}
[200.438243] (-) TimerEvent: {}
[200.539364] (-) TimerEvent: {}
[200.640974] (-) TimerEvent: {}
[200.743754] (-) TimerEvent: {}
[200.846502] (-) TimerEvent: {}
[200.947694] (-) TimerEvent: {}
[201.049261] (-) TimerEvent: {}
[201.151163] (-) TimerEvent: {}
[201.253416] (-) TimerEvent: {}
[201.358876] (-) TimerEvent: {}
[201.460975] (-) TimerEvent: {}
[201.735894] (-) TimerEvent: {}
[201.841848] (-) TimerEvent: {}
[201.944149] (-) TimerEvent: {}
[202.046746] (-) TimerEvent: {}
[202.149140] (-) TimerEvent: {}
[202.251554] (-) TimerEvent: {}
[202.353914] (-) TimerEvent: {}
[202.456317] (-) TimerEvent: {}
[202.558825] (-) TimerEvent: {}
[202.661108] (-) TimerEvent: {}
[202.763685] (-) TimerEvent: {}
[202.866043] (-) TimerEvent: {}
[202.967353] (-) TimerEvent: {}
[203.069918] (-) TimerEvent: {}
[203.172616] (-) TimerEvent: {}
[203.275605] (-) TimerEvent: {}
[203.378273] (-) TimerEvent: {}
[203.481923] (-) TimerEvent: {}
[203.582961] (-) TimerEvent: {}
[203.685577] (-) TimerEvent: {}
[203.787995] (-) TimerEvent: {}
[203.891373] (-) TimerEvent: {}
[203.994301] (-) TimerEvent: {}
[204.095703] (-) TimerEvent: {}
[204.197019] (-) TimerEvent: {}
[204.298217] (-) TimerEvent: {}
[204.399346] (-) TimerEvent: {}
[204.500738] (-) TimerEvent: {}
[204.602020] (-) TimerEvent: {}
[204.703060] (-) TimerEvent: {}
[204.805250] (-) TimerEvent: {}
[204.914867] (-) TimerEvent: {}
[205.017346] (-) TimerEvent: {}
[205.120068] (-) TimerEvent: {}
[205.224570] (-) TimerEvent: {}
[205.325621] (-) TimerEvent: {}
[205.431858] (-) TimerEvent: {}
[205.535920] (-) TimerEvent: {}
[205.639867] (-) TimerEvent: {}
[205.741013] (-) TimerEvent: {}
[205.842037] (-) TimerEvent: {}
[205.944425] (-) TimerEvent: {}
[206.046831] (-) TimerEvent: {}
[206.149291] (-) TimerEvent: {}
[206.252769] (-) TimerEvent: {}
[206.356322] (-) TimerEvent: {}
[206.462003] (-) TimerEvent: {}
[206.765881] (-) TimerEvent: {}
[206.874835] (-) TimerEvent: {}
[206.977501] (-) TimerEvent: {}
[207.078738] (-) TimerEvent: {}
[207.183836] (-) TimerEvent: {}
[207.286438] (-) TimerEvent: {}
[207.387778] (-) TimerEvent: {}
[207.488763] (-) TimerEvent: {}
[207.589767] (-) TimerEvent: {}
[207.691952] (-) TimerEvent: {}
[207.796428] (-) TimerEvent: {}
[207.898939] (-) TimerEvent: {}
[208.000106] (-) TimerEvent: {}
[208.107850] (-) TimerEvent: {}
[208.210730] (-) TimerEvent: {}
[208.322367] (-) TimerEvent: {}
[208.423452] (-) TimerEvent: {}
[208.525033] (-) TimerEvent: {}
[208.626296] (-) TimerEvent: {}
[208.727715] (-) TimerEvent: {}
[208.828914] (-) TimerEvent: {}
[208.930062] (-) TimerEvent: {}
[209.031201] (-) TimerEvent: {}
[209.132412] (-) TimerEvent: {}
[209.233607] (-) TimerEvent: {}
[209.335925] (-) TimerEvent: {}
[209.437954] (-) TimerEvent: {}
[209.544285] (-) TimerEvent: {}
[209.646504] (-) TimerEvent: {}
[209.748706] (-) TimerEvent: {}
[209.855881] (-) TimerEvent: {}
[209.963904] (-) TimerEvent: {}
[210.064935] (-) TimerEvent: {}
[210.167446] (-) TimerEvent: {}
[210.270442] (-) TimerEvent: {}
[210.372375] (-) TimerEvent: {}
[210.475037] (-) TimerEvent: {}
[210.577571] (-) TimerEvent: {}
[210.678825] (-) TimerEvent: {}
[210.779961] (-) TimerEvent: {}
[210.881144] (-) TimerEvent: {}
[210.982151] (-) TimerEvent: {}
[211.084995] (-) TimerEvent: {}
[211.188393] (-) TimerEvent: {}
[211.290964] (-) TimerEvent: {}
[211.392389] (-) TimerEvent: {}
[211.493588] (-) TimerEvent: {}
[211.594827] (-) TimerEvent: {}
[211.695948] (-) TimerEvent: {}
[211.797271] (-) TimerEvent: {}
[211.898679] (-) TimerEvent: {}
[211.999841] (-) TimerEvent: {}
[212.100992] (-) TimerEvent: {}
[212.202330] (-) TimerEvent: {}
[212.303598] (-) TimerEvent: {}
[212.404838] (-) TimerEvent: {}
[212.506185] (-) TimerEvent: {}
[212.607299] (-) TimerEvent: {}
[212.708549] (-) TimerEvent: {}
[212.809660] (-) TimerEvent: {}
[212.911966] (-) TimerEvent: {}
[213.016937] (-) TimerEvent: {}
[213.123097] (-) TimerEvent: {}
[213.229962] (-) TimerEvent: {}
[213.331771] (-) TimerEvent: {}
[213.432740] (-) TimerEvent: {}
[213.535648] (-) TimerEvent: {}
[213.636810] (-) TimerEvent: {}
[213.739418] (-) TimerEvent: {}
[213.842149] (-) TimerEvent: {}
[213.947503] (-) TimerEvent: {}
[214.048497] (-) TimerEvent: {}
[214.154850] (-) TimerEvent: {}
[214.257598] (-) TimerEvent: {}
[214.358898] (-) TimerEvent: {}
[214.460390] (-) TimerEvent: {}
[214.563843] (-) TimerEvent: {}
[215.405064] (-) TimerEvent: {}
[215.506565] (-) TimerEvent: {}
[215.607859] (-) TimerEvent: {}
[215.709457] (-) TimerEvent: {}
[215.812229] (-) TimerEvent: {}
[215.915564] (-) TimerEvent: {}
[216.017135] (-) TimerEvent: {}
[216.119040] (-) TimerEvent: {}
[216.223073] (-) TimerEvent: {}
[216.324220] (-) TimerEvent: {}
[216.425231] (-) TimerEvent: {}
[216.527875] (-) TimerEvent: {}
[216.630988] (-) TimerEvent: {}
[216.733213] (-) TimerEvent: {}
[216.834242] (-) TimerEvent: {}
[216.935920] (-) TimerEvent: {}
[217.037984] (-) TimerEvent: {}
[217.139717] (-) TimerEvent: {}
[217.241060] (-) TimerEvent: {}
[217.342615] (-) TimerEvent: {}
[217.443742] (-) TimerEvent: {}
[217.546009] (-) TimerEvent: {}
[217.649400] (-) TimerEvent: {}
[217.751824] (-) TimerEvent: {}
[217.854504] (-) TimerEvent: {}
[217.964884] (-) TimerEvent: {}
[218.075241] (-) TimerEvent: {}
[218.177967] (-) TimerEvent: {}
[218.281310] (-) TimerEvent: {}
[218.382698] (-) TimerEvent: {}
[218.483831] (-) TimerEvent: {}
[218.585456] (-) TimerEvent: {}
[218.686419] (-) TimerEvent: {}
[218.789869] (-) TimerEvent: {}
[218.893185] (-) TimerEvent: {}
[218.997552] (-) TimerEvent: {}
[219.098841] (-) TimerEvent: {}
[219.201953] (-) TimerEvent: {}
[219.304023] (-) TimerEvent: {}
[219.406041] (-) TimerEvent: {}
[219.507470] (-) TimerEvent: {}
[219.608812] (-) TimerEvent: {}
[219.709851] (-) TimerEvent: {}
[219.811726] (-) TimerEvent: {}
[219.918893] (-) TimerEvent: {}
[220.021302] (-) TimerEvent: {}
[220.133532] (-) TimerEvent: {}
[220.237866] (-) TimerEvent: {}
[220.339646] (-) TimerEvent: {}
[220.441069] (-) TimerEvent: {}
[220.543816] (-) TimerEvent: {}
[220.646514] (-) TimerEvent: {}
[220.749026] (-) TimerEvent: {}
[220.852701] (-) TimerEvent: {}
[220.954820] (-) TimerEvent: {}
[221.056937] (-) TimerEvent: {}
[221.159858] (-) TimerEvent: {}
[221.264821] (-) TimerEvent: {}
[221.367343] (-) TimerEvent: {}
[221.470084] (-) TimerEvent: {}
[221.572345] (-) TimerEvent: {}
[221.675588] (-) TimerEvent: {}
[221.777913] (-) TimerEvent: {}
[221.879781] (-) TimerEvent: {}
[221.981020] (-) TimerEvent: {}
[222.082825] (-) TimerEvent: {}
[222.183920] (-) TimerEvent: {}
[222.285826] (-) TimerEvent: {}
[222.386941] (-) TimerEvent: {}
[222.488713] (-) TimerEvent: {}
[222.590767] (-) TimerEvent: {}
[222.691750] (-) TimerEvent: {}
[222.794522] (-) TimerEvent: {}
[222.896983] (-) TimerEvent: {}
[222.999444] (-) TimerEvent: {}
[223.100738] (-) TimerEvent: {}
[223.202201] (-) TimerEvent: {}
[223.303300] (-) TimerEvent: {}
[223.404405] (-) TimerEvent: {}
[223.505716] (-) TimerEvent: {}
[223.606831] (-) TimerEvent: {}
[223.713865] (-) TimerEvent: {}
[223.816897] (-) TimerEvent: {}
[223.919873] (-) TimerEvent: {}
[224.025746] (-) TimerEvent: {}
[224.133957] (-) TimerEvent: {}
[224.239854] (-) TimerEvent: {}
[224.340854] (-) TimerEvent: {}
[224.441877] (-) TimerEvent: {}
[224.566932] (-) TimerEvent: {}
[224.683864] (-) TimerEvent: {}
[224.785736] (-) TimerEvent: {}
[224.891434] (-) TimerEvent: {}
[224.992614] (-) TimerEvent: {}
[225.093909] (-) TimerEvent: {}
[225.196891] (-) TimerEvent: {}
[225.299751] (-) TimerEvent: {}
[225.402886] (-) TimerEvent: {}
[225.512831] (-) TimerEvent: {}
[225.618841] (-) TimerEvent: {}
[225.731853] (-) TimerEvent: {}
[225.833823] (-) TimerEvent: {}
[225.944905] (-) TimerEvent: {}
[226.046911] (-) TimerEvent: {}
[226.149697] (-) TimerEvent: {}
[226.259826] (-) TimerEvent: {}
[226.365861] (-) TimerEvent: {}
[226.494967] (-) TimerEvent: {}
[226.604035] (-) TimerEvent: {}
[226.716296] (-) TimerEvent: {}
[226.818621] (-) TimerEvent: {}
[226.926064] (-) TimerEvent: {}
[227.030242] (-) TimerEvent: {}
[227.137557] (-) TimerEvent: {}
[227.239462] (-) TimerEvent: {}
[227.341131] (-) TimerEvent: {}
[227.442610] (-) TimerEvent: {}
[227.546254] (-) TimerEvent: {}
[227.649837] (-) TimerEvent: {}
[227.759964] (-) TimerEvent: {}
[227.825027] (rt_ros2) StdoutLine: {'line': b'[ 90%] \x1b[32mBuilding CXX object CMakeFiles/main_rt.dir/src/nodo_maquina_estados.cpp.o\x1b[0m\n'}
[228.094622] (-) TimerEvent: {}
[228.104474] (rt_ros2) StdoutLine: {'line': b'[ 90%] \x1b[32mBuilding CXX object CMakeFiles/rt_ros2.dir/src/nodo_maquina_estados.cpp.o\x1b[0m\n'}
[228.194896] (-) TimerEvent: {}
[228.296479] (-) TimerEvent: {}
[228.398117] (-) TimerEvent: {}
[228.499563] (-) TimerEvent: {}
[228.601396] (-) TimerEvent: {}
[228.704596] (-) TimerEvent: {}
[228.806053] (-) TimerEvent: {}
[228.908002] (-) TimerEvent: {}
[229.009479] (-) TimerEvent: {}
[229.110741] (-) TimerEvent: {}
[229.211887] (-) TimerEvent: {}
[229.313235] (-) TimerEvent: {}
[229.417267] (-) TimerEvent: {}
[229.519142] (-) TimerEvent: {}
[229.620612] (-) TimerEvent: {}
[229.722252] (-) TimerEvent: {}
[229.823248] (-) TimerEvent: {}
[229.927685] (-) TimerEvent: {}
[230.029073] (-) TimerEvent: {}
[230.131205] (-) TimerEvent: {}
[230.233245] (-) TimerEvent: {}
[230.336061] (-) TimerEvent: {}
[230.438137] (-) TimerEvent: {}
[230.539622] (-) TimerEvent: {}
[230.640851] (-) TimerEvent: {}
[230.742108] (-) TimerEvent: {}
[230.843711] (-) TimerEvent: {}
[230.946599] (-) TimerEvent: {}
[231.048260] (-) TimerEvent: {}
[231.149367] (-) TimerEvent: {}
[231.250402] (-) TimerEvent: {}
[231.351511] (-) TimerEvent: {}
[231.452308] (-) TimerEvent: {}
[231.553447] (-) TimerEvent: {}
[231.654879] (-) TimerEvent: {}
[231.755844] (-) TimerEvent: {}
[231.857036] (-) TimerEvent: {}
[231.957844] (-) TimerEvent: {}
[232.059784] (-) TimerEvent: {}
[232.160844] (-) TimerEvent: {}
[232.261793] (-) TimerEvent: {}
[232.362864] (-) TimerEvent: {}
[232.467936] (-) TimerEvent: {}
[232.572248] (-) TimerEvent: {}
[232.673376] (-) TimerEvent: {}
[232.776522] (-) TimerEvent: {}
[232.878870] (-) TimerEvent: {}
[232.980307] (-) TimerEvent: {}
[233.081484] (-) TimerEvent: {}
[233.182699] (-) TimerEvent: {}
[233.284170] (-) TimerEvent: {}
[233.386127] (-) TimerEvent: {}
[233.487154] (-) TimerEvent: {}
[233.589166] (-) TimerEvent: {}
[233.692784] (-) TimerEvent: {}
[233.794413] (-) TimerEvent: {}
[233.898862] (-) TimerEvent: {}
[234.002831] (-) TimerEvent: {}
[234.105038] (-) TimerEvent: {}
[234.205845] (-) TimerEvent: {}
[234.307437] (-) TimerEvent: {}
[234.410840] (-) TimerEvent: {}
[234.513289] (-) TimerEvent: {}
[234.615491] (-) TimerEvent: {}
[234.716974] (-) TimerEvent: {}
[234.820062] (-) TimerEvent: {}
[234.921994] (-) TimerEvent: {}
[235.023020] (-) TimerEvent: {}
[235.125101] (-) TimerEvent: {}
[235.229310] (-) TimerEvent: {}
[235.330979] (-) TimerEvent: {}
[235.433923] (-) TimerEvent: {}
[235.536475] (-) TimerEvent: {}
[235.638010] (-) TimerEvent: {}
[235.739620] (-) TimerEvent: {}
[235.841707] (-) TimerEvent: {}
[235.943488] (-) TimerEvent: {}
[236.045853] (-) TimerEvent: {}
[236.148000] (-) TimerEvent: {}
[236.249603] (-) TimerEvent: {}
[236.353768] (-) TimerEvent: {}
[236.454906] (-) TimerEvent: {}
[236.556027] (-) TimerEvent: {}
[236.657697] (-) TimerEvent: {}
[236.759361] (-) TimerEvent: {}
[236.860900] (-) TimerEvent: {}
[236.962390] (-) TimerEvent: {}
[237.063942] (-) TimerEvent: {}
[237.165119] (-) TimerEvent: {}
[237.266624] (-) TimerEvent: {}
[237.368092] (-) TimerEvent: {}
[237.469098] (-) TimerEvent: {}
[237.570850] (-) TimerEvent: {}
[237.673067] (-) TimerEvent: {}
[237.775447] (-) TimerEvent: {}
[237.877669] (-) TimerEvent: {}
[237.979798] (-) TimerEvent: {}
[238.081699] (-) TimerEvent: {}
[238.185238] (-) TimerEvent: {}
[238.292362] (-) TimerEvent: {}
[238.393950] (-) TimerEvent: {}
[238.495704] (-) TimerEvent: {}
[238.597003] (-) TimerEvent: {}
[238.698804] (-) TimerEvent: {}
[238.801038] (-) TimerEvent: {}
[238.902502] (-) TimerEvent: {}
[239.003895] (-) TimerEvent: {}
[239.105510] (-) TimerEvent: {}
[239.206946] (-) TimerEvent: {}
[239.308531] (-) TimerEvent: {}
[239.410016] (-) TimerEvent: {}
[239.511532] (-) TimerEvent: {}
[239.617434] (-) TimerEvent: {}
[239.723942] (-) TimerEvent: {}
[239.826493] (-) TimerEvent: {}
[239.928528] (-) TimerEvent: {}
[240.030350] (-) TimerEvent: {}
[240.139252] (-) TimerEvent: {}
[240.243537] (-) TimerEvent: {}
[240.345368] (-) TimerEvent: {}
[240.447826] (-) TimerEvent: {}
[240.548784] (-) TimerEvent: {}
[240.649827] (-) TimerEvent: {}
[240.751999] (-) TimerEvent: {}
[240.852890] (-) TimerEvent: {}
[240.954848] (-) TimerEvent: {}
[241.057073] (-) TimerEvent: {}
[241.158752] (-) TimerEvent: {}
[241.259854] (-) TimerEvent: {}
[241.360918] (-) TimerEvent: {}
[241.463430] (-) TimerEvent: {}
[241.570841] (-) TimerEvent: {}
[241.675690] (-) TimerEvent: {}
[241.777144] (-) TimerEvent: {}
[241.878321] (-) TimerEvent: {}
[241.980769] (-) TimerEvent: {}
[242.081810] (-) TimerEvent: {}
[242.182859] (-) TimerEvent: {}
[242.288095] (-) TimerEvent: {}
[242.389192] (-) TimerEvent: {}
[242.494846] (-) TimerEvent: {}
[242.596599] (-) TimerEvent: {}
[242.697597] (-) TimerEvent: {}
[242.803951] (-) TimerEvent: {}
[242.906152] (-) TimerEvent: {}
[243.010854] (-) TimerEvent: {}
[243.112349] (-) TimerEvent: {}
[243.214777] (-) TimerEvent: {}
[243.318534] (-) TimerEvent: {}
[243.420036] (-) TimerEvent: {}
[243.522054] (-) TimerEvent: {}
[243.626840] (-) TimerEvent: {}
[243.733798] (-) TimerEvent: {}
[243.835867] (-) TimerEvent: {}
[243.937570] (-) TimerEvent: {}
[244.039318] (-) TimerEvent: {}
[244.140522] (-) TimerEvent: {}
[244.241950] (-) TimerEvent: {}
[244.343130] (-) TimerEvent: {}
[244.444572] (-) TimerEvent: {}
[244.545967] (-) TimerEvent: {}
[244.647419] (-) TimerEvent: {}
[244.748841] (-) TimerEvent: {}
[244.850442] (-) TimerEvent: {}
[244.951853] (-) TimerEvent: {}
[245.054917] (-) TimerEvent: {}
[245.158724] (-) TimerEvent: {}
[245.268606] (-) TimerEvent: {}
[245.370582] (-) TimerEvent: {}
[245.471886] (-) TimerEvent: {}
[245.573194] (-) TimerEvent: {}
[245.674744] (-) TimerEvent: {}
[245.776027] (-) TimerEvent: {}
[245.877432] (-) TimerEvent: {}
[245.978483] (-) TimerEvent: {}
[246.079829] (-) TimerEvent: {}
[246.181134] (-) TimerEvent: {}
[246.282457] (-) TimerEvent: {}
[246.384074] (-) TimerEvent: {}
[246.485499] (-) TimerEvent: {}
[246.588094] (-) TimerEvent: {}
[246.690017] (-) TimerEvent: {}
[246.791880] (-) TimerEvent: {}
[246.893894] (-) TimerEvent: {}
[246.995620] (-) TimerEvent: {}
[247.096908] (-) TimerEvent: {}
[247.198506] (-) TimerEvent: {}
[247.300453] (-) TimerEvent: {}
[247.404385] (-) TimerEvent: {}
[247.505850] (-) TimerEvent: {}
[247.609708] (-) TimerEvent: {}
[247.713458] (-) TimerEvent: {}
[247.821090] (-) TimerEvent: {}
[247.922965] (-) TimerEvent: {}
[248.024694] (-) TimerEvent: {}
[248.126784] (-) TimerEvent: {}
[248.229548] (-) TimerEvent: {}
[248.333217] (-) TimerEvent: {}
[248.434757] (-) TimerEvent: {}
[248.536256] (-) TimerEvent: {}
[248.638165] (-) TimerEvent: {}
[248.739520] (-) TimerEvent: {}
[248.841091] (-) TimerEvent: {}
[248.942585] (-) TimerEvent: {}
[249.044192] (-) TimerEvent: {}
[249.145657] (-) TimerEvent: {}
[249.247699] (-) TimerEvent: {}
[249.350558] (-) TimerEvent: {}
[249.453561] (-) TimerEvent: {}
[249.556384] (-) TimerEvent: {}
[249.660509] (-) TimerEvent: {}
[249.762548] (-) TimerEvent: {}
[249.865499] (-) TimerEvent: {}
[249.967945] (-) TimerEvent: {}
[250.070389] (-) TimerEvent: {}
[250.173975] (-) TimerEvent: {}
[250.277776] (-) TimerEvent: {}
[250.382140] (-) TimerEvent: {}
[250.485882] (-) TimerEvent: {}
[250.587028] (-) TimerEvent: {}
[250.689819] (-) TimerEvent: {}
[250.790955] (-) TimerEvent: {}
[250.892437] (-) TimerEvent: {}
[250.993457] (-) TimerEvent: {}
[251.095594] (-) TimerEvent: {}
[251.198716] (-) TimerEvent: {}
[251.300045] (-) TimerEvent: {}
[251.401946] (-) TimerEvent: {}
[251.503407] (-) TimerEvent: {}
[251.605446] (-) TimerEvent: {}
[251.710445] (-) TimerEvent: {}
[251.812210] (-) TimerEvent: {}
[251.915877] (-) TimerEvent: {}
[252.017232] (-) TimerEvent: {}
[252.118954] (-) TimerEvent: {}
[252.220054] (-) TimerEvent: {}
[252.321249] (-) TimerEvent: {}
[252.423202] (-) TimerEvent: {}
[252.524727] (-) TimerEvent: {}
[252.626274] (-) TimerEvent: {}
[252.727608] (-) TimerEvent: {}
[252.828994] (-) TimerEvent: {}
[252.930494] (-) TimerEvent: {}
[253.033556] (-) TimerEvent: {}
[253.135011] (-) TimerEvent: {}
[253.237748] (-) TimerEvent: {}
[253.339286] (-) TimerEvent: {}
[253.440612] (-) TimerEvent: {}
[253.542073] (-) TimerEvent: {}
[253.644012] (-) TimerEvent: {}
[253.745438] (-) TimerEvent: {}
[253.847389] (-) TimerEvent: {}
[253.948877] (-) TimerEvent: {}
[254.050266] (-) TimerEvent: {}
[254.152104] (-) TimerEvent: {}
[254.254581] (-) TimerEvent: {}
[254.358059] (-) TimerEvent: {}
[254.461505] (-) TimerEvent: {}
[254.565946] (-) TimerEvent: {}
[254.669050] (-) TimerEvent: {}
[254.770261] (-) TimerEvent: {}
[254.871479] (-) TimerEvent: {}
[254.973802] (-) TimerEvent: {}
[255.074900] (-) TimerEvent: {}
[255.176135] (-) TimerEvent: {}
[255.277736] (-) TimerEvent: {}
[255.379018] (-) TimerEvent: {}
[255.480514] (-) TimerEvent: {}
[255.582867] (-) TimerEvent: {}
[255.685140] (-) TimerEvent: {}
[255.791348] (-) TimerEvent: {}
[255.894942] (-) TimerEvent: {}
[255.995828] (-) TimerEvent: {}
[256.097214] (-) TimerEvent: {}
[256.198486] (-) TimerEvent: {}
[256.299995] (-) TimerEvent: {}
[256.402846] (-) TimerEvent: {}
[256.504118] (-) TimerEvent: {}
[256.605720] (-) TimerEvent: {}
[256.707273] (-) TimerEvent: {}
[256.809549] (-) TimerEvent: {}
[256.914469] (-) TimerEvent: {}
[257.019130] (-) TimerEvent: {}
[257.120706] (-) TimerEvent: {}
[257.222364] (-) TimerEvent: {}
[257.323963] (-) TimerEvent: {}
[257.425604] (-) TimerEvent: {}
[257.526919] (-) TimerEvent: {}
[257.628035] (-) TimerEvent: {}
[257.731243] (-) TimerEvent: {}
[257.835194] (-) TimerEvent: {}
[257.938213] (-) TimerEvent: {}
[258.040609] (-) TimerEvent: {}
[258.145861] (-) TimerEvent: {}
[258.248473] (-) TimerEvent: {}
[258.349895] (-) TimerEvent: {}
[258.451178] (-) TimerEvent: {}
[258.553276] (-) TimerEvent: {}
[258.655699] (-) TimerEvent: {}
[258.757275] (-) TimerEvent: {}
[258.858360] (-) TimerEvent: {}
[258.959440] (-) TimerEvent: {}
[259.060614] (-) TimerEvent: {}
[259.169546] (-) TimerEvent: {}
[259.272867] (-) TimerEvent: {}
[259.376348] (-) TimerEvent: {}
[259.478554] (-) TimerEvent: {}
[259.586894] (-) TimerEvent: {}
[259.689246] (-) TimerEvent: {}
[259.791328] (-) TimerEvent: {}
[259.893769] (-) TimerEvent: {}
[259.996726] (-) TimerEvent: {}
[260.098997] (-) TimerEvent: {}
[260.201551] (-) TimerEvent: {}
[260.304134] (-) TimerEvent: {}
[260.406605] (-) TimerEvent: {}
[260.509172] (-) TimerEvent: {}
[260.611709] (-) TimerEvent: {}
[260.712820] (-) TimerEvent: {}
[260.820910] (-) TimerEvent: {}
[260.926688] (-) TimerEvent: {}
[261.029303] (-) TimerEvent: {}
[261.132112] (-) TimerEvent: {}
[261.235242] (-) TimerEvent: {}
[261.337897] (-) TimerEvent: {}
[261.440722] (-) TimerEvent: {}
[261.543269] (-) TimerEvent: {}
[261.645908] (-) TimerEvent: {}
[261.748873] (-) TimerEvent: {}
[261.856401] (-) TimerEvent: {}
[261.960452] (-) TimerEvent: {}
[262.063295] (-) TimerEvent: {}
[262.166192] (-) TimerEvent: {}
[262.276016] (-) TimerEvent: {}
[262.383267] (-) TimerEvent: {}
[262.486121] (-) TimerEvent: {}
[262.589218] (-) TimerEvent: {}
[262.691732] (-) TimerEvent: {}
[262.794289] (-) TimerEvent: {}
[262.897040] (-) TimerEvent: {}
[262.999902] (-) TimerEvent: {}
[263.102501] (-) TimerEvent: {}
[263.205140] (-) TimerEvent: {}
[263.308149] (-) TimerEvent: {}
[263.411538] (-) TimerEvent: {}
[263.514302] (-) TimerEvent: {}
[263.615933] (-) TimerEvent: {}
[263.718756] (-) TimerEvent: {}
[263.821688] (-) TimerEvent: {}
[263.924330] (-) TimerEvent: {}
[264.027032] (-) TimerEvent: {}
[264.129736] (-) TimerEvent: {}
[264.232356] (-) TimerEvent: {}
[264.334959] (-) TimerEvent: {}
[264.438527] (-) TimerEvent: {}
[264.540894] (-) TimerEvent: {}
[264.643554] (-) TimerEvent: {}
[264.746014] (-) TimerEvent: {}
[264.848821] (-) TimerEvent: {}
[264.951451] (-) TimerEvent: {}
[265.054332] (-) TimerEvent: {}
[265.156821] (-) TimerEvent: {}
[265.261955] (-) TimerEvent: {}
[265.363534] (-) TimerEvent: {}
[265.465227] (-) TimerEvent: {}
[265.566844] (-) TimerEvent: {}
[265.668596] (-) TimerEvent: {}
[265.770342] (-) TimerEvent: {}
[265.871907] (-) TimerEvent: {}
[265.973505] (-) TimerEvent: {}
[266.075000] (-) TimerEvent: {}
[266.176553] (-) TimerEvent: {}
[266.278238] (-) TimerEvent: {}
[266.379855] (-) TimerEvent: {}
[266.481736] (-) TimerEvent: {}
[266.583503] (-) TimerEvent: {}
[266.685156] (-) TimerEvent: {}
[266.786925] (-) TimerEvent: {}
[266.893997] (-) TimerEvent: {}
[266.997045] (-) TimerEvent: {}
[267.099064] (-) TimerEvent: {}
[267.201750] (-) TimerEvent: {}
[267.303280] (-) TimerEvent: {}
[267.405886] (-) TimerEvent: {}
[267.511867] (-) TimerEvent: {}
[267.613503] (-) TimerEvent: {}
[267.715999] (-) TimerEvent: {}
[267.818275] (-) TimerEvent: {}
[267.920407] (-) TimerEvent: {}
[268.026119] (-) TimerEvent: {}
[268.128874] (-) TimerEvent: {}
[268.231542] (-) TimerEvent: {}
[268.334295] (-) TimerEvent: {}
[268.437148] (-) TimerEvent: {}
[268.540525] (-) TimerEvent: {}
[268.641821] (-) TimerEvent: {}
[268.743047] (-) TimerEvent: {}
[268.844903] (-) TimerEvent: {}
[268.947976] (-) TimerEvent: {}
[269.057879] (-) TimerEvent: {}
[269.160897] (-) TimerEvent: {}
[269.263509] (-) TimerEvent: {}
[269.366550] (-) TimerEvent: {}
[269.469898] (-) TimerEvent: {}
[269.574868] (-) TimerEvent: {}
[269.679936] (-) TimerEvent: {}
[269.782500] (-) TimerEvent: {}
[269.885391] (-) TimerEvent: {}
[269.986622] (-) TimerEvent: {}
[270.089800] (-) TimerEvent: {}
[270.192852] (-) TimerEvent: {}
[270.295707] (-) TimerEvent: {}
[270.398143] (-) TimerEvent: {}
[270.504426] (-) TimerEvent: {}
[270.607259] (-) TimerEvent: {}
[270.709991] (-) TimerEvent: {}
[270.812905] (-) TimerEvent: {}
[270.915580] (-) TimerEvent: {}
[271.018254] (-) TimerEvent: {}
[271.121033] (-) TimerEvent: {}
[271.223713] (-) TimerEvent: {}
[271.326541] (-) TimerEvent: {}
[271.429382] (-) TimerEvent: {}
[271.532490] (-) TimerEvent: {}
[271.635524] (-) TimerEvent: {}
[271.738267] (-) TimerEvent: {}
[271.839525] (-) TimerEvent: {}
[271.942732] (-) TimerEvent: {}
[272.045578] (-) TimerEvent: {}
[272.148055] (-) TimerEvent: {}
[272.250799] (-) TimerEvent: {}
[272.353583] (-) TimerEvent: {}
[272.456272] (-) TimerEvent: {}
[272.558884] (-) TimerEvent: {}
[272.660919] (-) TimerEvent: {}
[272.762075] (-) TimerEvent: {}
[272.863778] (-) TimerEvent: {}
[272.965677] (-) TimerEvent: {}
[273.066882] (-) TimerEvent: {}
[273.168186] (-) TimerEvent: {}
[273.269516] (-) TimerEvent: {}
[273.370684] (-) TimerEvent: {}
[273.476860] (-) TimerEvent: {}
[273.578484] (-) TimerEvent: {}
[273.682432] (-) TimerEvent: {}
[273.787171] (-) TimerEvent: {}
[273.889857] (-) TimerEvent: {}
[273.991615] (-) TimerEvent: {}
[274.095778] (-) TimerEvent: {}
[274.198861] (-) TimerEvent: {}
[274.301166] (-) TimerEvent: {}
[274.402405] (-) TimerEvent: {}
[274.503572] (-) TimerEvent: {}
[274.605453] (-) TimerEvent: {}
[274.711268] (-) TimerEvent: {}
[274.817918] (-) TimerEvent: {}
[274.919100] (-) TimerEvent: {}
[275.021338] (-) TimerEvent: {}
[275.123857] (-) TimerEvent: {}
[275.226180] (-) TimerEvent: {}
[275.329166] (-) TimerEvent: {}
[275.431425] (-) TimerEvent: {}
[275.537888] (-) TimerEvent: {}
[275.644922] (-) TimerEvent: {}
[275.748166] (-) TimerEvent: {}
[275.850372] (-) TimerEvent: {}
[275.952775] (-) TimerEvent: {}
[276.055539] (-) TimerEvent: {}
[276.156797] (-) TimerEvent: {}
[276.258045] (-) TimerEvent: {}
[276.360873] (-) TimerEvent: {}
[276.462136] (-) TimerEvent: {}
[276.563717] (-) TimerEvent: {}
[276.664792] (-) TimerEvent: {}
[276.766755] (-) TimerEvent: {}
[276.868763] (-) TimerEvent: {}
[276.971258] (-) TimerEvent: {}
[277.078929] (-) TimerEvent: {}
[277.182067] (-) TimerEvent: {}
[277.284951] (-) TimerEvent: {}
[277.396896] (-) TimerEvent: {}
[277.499782] (-) TimerEvent: {}
[277.601142] (-) TimerEvent: {}
[277.702361] (-) TimerEvent: {}
[277.803988] (-) TimerEvent: {}
[277.906114] (-) TimerEvent: {}
[278.008517] (-) TimerEvent: {}
[278.111901] (-) TimerEvent: {}
[278.214311] (-) TimerEvent: {}
[278.316031] (-) TimerEvent: {}
[278.421931] (-) TimerEvent: {}
[278.523941] (-) TimerEvent: {}
[278.629991] (-) TimerEvent: {}
[278.731671] (-) TimerEvent: {}
[278.837950] (-) TimerEvent: {}
[278.943894] (-) TimerEvent: {}
[279.045737] (-) TimerEvent: {}
[279.149028] (-) TimerEvent: {}
[279.251534] (-) TimerEvent: {}
[279.354559] (-) TimerEvent: {}
[279.456939] (-) TimerEvent: {}
[279.558594] (-) TimerEvent: {}
[279.660513] (-) TimerEvent: {}
[279.762050] (-) TimerEvent: {}
[279.863874] (-) TimerEvent: {}
[279.966994] (-) TimerEvent: {}
[280.069601] (-) TimerEvent: {}
[280.178235] (-) TimerEvent: {}
[280.280905] (-) TimerEvent: {}
[280.383900] (-) TimerEvent: {}
[280.488891] (-) TimerEvent: {}
[280.590475] (-) TimerEvent: {}
[280.693115] (-) TimerEvent: {}
[280.795406] (-) TimerEvent: {}
[280.897376] (-) TimerEvent: {}
[281.002895] (-) TimerEvent: {}
[281.104207] (-) TimerEvent: {}
[281.205517] (-) TimerEvent: {}
[281.306719] (-) TimerEvent: {}
[281.407840] (-) TimerEvent: {}
[281.508966] (-) TimerEvent: {}
[281.610560] (-) TimerEvent: {}
[281.711671] (-) TimerEvent: {}
[281.812790] (-) TimerEvent: {}
[281.913892] (-) TimerEvent: {}
[282.014924] (-) TimerEvent: {}
[282.115989] (-) TimerEvent: {}
[282.217039] (-) TimerEvent: {}
[282.318133] (-) TimerEvent: {}
[282.419242] (-) TimerEvent: {}
[282.520391] (-) TimerEvent: {}
[282.621540] (-) TimerEvent: {}
[282.722662] (-) TimerEvent: {}
[282.828854] (-) TimerEvent: {}
[282.929969] (-) TimerEvent: {}
[283.035018] (-) TimerEvent: {}
[283.141865] (-) TimerEvent: {}
[283.242886] (-) TimerEvent: {}
[283.343924] (-) TimerEvent: {}
[283.446537] (-) TimerEvent: {}
[283.547760] (-) TimerEvent: {}
[283.648919] (-) TimerEvent: {}
[283.751375] (-) TimerEvent: {}
[283.854013] (-) TimerEvent: {}
[283.957380] (-) TimerEvent: {}
[284.061447] (-) TimerEvent: {}
[284.162684] (-) TimerEvent: {}
[284.265265] (-) TimerEvent: {}
[284.368202] (-) TimerEvent: {}
[284.470873] (-) TimerEvent: {}
[284.573056] (-) TimerEvent: {}
[284.675889] (-) TimerEvent: {}
[284.782907] (-) TimerEvent: {}
[284.886782] (-) TimerEvent: {}
[284.994858] (-) TimerEvent: {}
[285.099854] (-) TimerEvent: {}
[285.204074] (-) TimerEvent: {}
[285.305602] (-) TimerEvent: {}
[285.406785] (-) TimerEvent: {}
[285.508170] (-) TimerEvent: {}
[285.611035] (-) TimerEvent: {}
[285.713777] (-) TimerEvent: {}
[285.816331] (-) TimerEvent: {}
[285.917870] (-) TimerEvent: {}
[286.020812] (-) TimerEvent: {}
[286.122201] (-) TimerEvent: {}
[286.223530] (-) TimerEvent: {}
[286.324714] (-) TimerEvent: {}
[286.432912] (-) TimerEvent: {}
[286.540881] (-) TimerEvent: {}
[286.648617] (-) TimerEvent: {}
[286.751877] (-) TimerEvent: {}
[286.854119] (-) TimerEvent: {}
[286.955163] (-) TimerEvent: {}
[287.056237] (-) TimerEvent: {}
[287.157878] (-) TimerEvent: {}
[287.259506] (-) TimerEvent: {}
[287.361114] (-) TimerEvent: {}
[287.463074] (-) TimerEvent: {}
[287.567162] (-) TimerEvent: {}
[287.670401] (-) TimerEvent: {}
[287.772379] (-) TimerEvent: {}
[287.874877] (-) TimerEvent: {}
[287.979729] (-) TimerEvent: {}
[288.081389] (-) TimerEvent: {}
[288.184025] (-) TimerEvent: {}
[288.286475] (-) TimerEvent: {}
[288.388873] (-) TimerEvent: {}
[288.491520] (-) TimerEvent: {}
[288.593948] (-) TimerEvent: {}
[288.694927] (-) TimerEvent: {}
[288.797603] (-) TimerEvent: {}
[288.900337] (-) TimerEvent: {}
[289.002815] (-) TimerEvent: {}
[289.105385] (-) TimerEvent: {}
[289.208331] (-) TimerEvent: {}
[289.312038] (-) TimerEvent: {}
[289.414556] (-) TimerEvent: {}
[289.427445] (rt_ros2) StdoutLine: {'line': b'[ 93%] \x1b[32m\x1b[1mLinking CXX executable main_be\x1b[0m\n'}
[289.514884] (-) TimerEvent: {}
[289.617227] (-) TimerEvent: {}
[289.718270] (-) TimerEvent: {}
[289.820334] (-) TimerEvent: {}
[289.921441] (-) TimerEvent: {}
[290.022530] (-) TimerEvent: {}
[290.123928] (-) TimerEvent: {}
[290.225214] (-) TimerEvent: {}
[290.327846] (-) TimerEvent: {}
[290.429071] (-) TimerEvent: {}
[290.534937] (-) TimerEvent: {}
[290.636574] (-) TimerEvent: {}
[290.740330] (-) TimerEvent: {}
[290.843272] (-) TimerEvent: {}
[290.944772] (-) TimerEvent: {}
[291.046176] (-) TimerEvent: {}
[291.147873] (-) TimerEvent: {}
[291.253113] (-) TimerEvent: {}
[291.354534] (-) TimerEvent: {}
[291.455915] (-) TimerEvent: {}
[291.557816] (-) TimerEvent: {}
[291.661059] (-) TimerEvent: {}
[291.763713] (-) TimerEvent: {}
[291.864707] (-) TimerEvent: {}
[291.965691] (-) TimerEvent: {}
[292.068658] (-) TimerEvent: {}
[292.169451] (-) TimerEvent: {}
[292.270554] (-) TimerEvent: {}
[292.378541] (-) TimerEvent: {}
[292.485089] (-) TimerEvent: {}
[292.586288] (-) TimerEvent: {}
[292.687993] (-) TimerEvent: {}
[292.789040] (-) TimerEvent: {}
[292.890529] (-) TimerEvent: {}
[292.991904] (-) TimerEvent: {}
[293.094232] (-) TimerEvent: {}
[293.115539] (rt_ros2) StdoutLine: {'line': b'[ 96%] Built target main_be\n'}
[293.194515] (-) TimerEvent: {}
[293.296880] (-) TimerEvent: {}
[293.399420] (-) TimerEvent: {}
[293.503267] (-) TimerEvent: {}
[293.605754] (-) TimerEvent: {}
[293.708123] (-) TimerEvent: {}
[293.813233] (-) TimerEvent: {}
[293.915572] (-) TimerEvent: {}
[294.017143] (-) TimerEvent: {}
[294.119439] (-) TimerEvent: {}
[294.221045] (-) TimerEvent: {}
[294.322861] (-) TimerEvent: {}
[294.424938] (-) TimerEvent: {}
[294.526409] (-) TimerEvent: {}
[294.627886] (-) TimerEvent: {}
[294.729322] (-) TimerEvent: {}
[294.830761] (-) TimerEvent: {}
[294.932169] (-) TimerEvent: {}
[295.033775] (-) TimerEvent: {}
[295.136492] (-) TimerEvent: {}
[295.241066] (-) TimerEvent: {}
[295.342664] (-) TimerEvent: {}
[295.444180] (-) TimerEvent: {}
[295.545784] (-) TimerEvent: {}
[295.647451] (-) TimerEvent: {}
[295.749073] (-) TimerEvent: {}
[295.850722] (-) TimerEvent: {}
[295.952311] (-) TimerEvent: {}
[296.053957] (-) TimerEvent: {}
[296.155854] (-) TimerEvent: {}
[296.258494] (-) TimerEvent: {}
[296.361147] (-) TimerEvent: {}
[296.463521] (-) TimerEvent: {}
[296.565144] (-) TimerEvent: {}
[296.666906] (-) TimerEvent: {}
[296.768947] (-) TimerEvent: {}
[296.870879] (-) TimerEvent: {}
[296.972476] (-) TimerEvent: {}
[297.073913] (-) TimerEvent: {}
[297.175545] (-) TimerEvent: {}
[297.277186] (-) TimerEvent: {}
[297.378893] (-) TimerEvent: {}
[297.480603] (-) TimerEvent: {}
[297.582290] (-) TimerEvent: {}
[297.683919] (-) TimerEvent: {}
[297.785588] (-) TimerEvent: {}
[297.887260] (-) TimerEvent: {}
[297.988904] (-) TimerEvent: {}
[298.090447] (-) TimerEvent: {}
[298.191980] (-) TimerEvent: {}
[298.294538] (-) TimerEvent: {}
[298.396281] (-) TimerEvent: {}
[298.497995] (-) TimerEvent: {}
[298.599869] (-) TimerEvent: {}
[298.701709] (-) TimerEvent: {}
[298.803359] (-) TimerEvent: {}
[298.905198] (-) TimerEvent: {}
[299.006896] (-) TimerEvent: {}
[299.108576] (-) TimerEvent: {}
[299.210142] (-) TimerEvent: {}
[299.313664] (-) TimerEvent: {}
[299.416017] (-) TimerEvent: {}
[299.518385] (-) TimerEvent: {}
[299.620863] (-) TimerEvent: {}
[299.723395] (-) TimerEvent: {}
[299.825979] (-) TimerEvent: {}
[299.928376] (-) TimerEvent: {}
[300.030788] (-) TimerEvent: {}
[300.132418] (-) TimerEvent: {}
[300.234119] (-) TimerEvent: {}
[300.335826] (-) TimerEvent: {}
[300.437374] (-) TimerEvent: {}
[300.539076] (-) TimerEvent: {}
[300.640790] (-) TimerEvent: {}
[300.742506] (-) TimerEvent: {}
[300.844243] (-) TimerEvent: {}
[300.946929] (-) TimerEvent: {}
[301.049466] (-) TimerEvent: {}
[301.151855] (-) TimerEvent: {}
[301.254298] (-) TimerEvent: {}
[301.356759] (-) TimerEvent: {}
[301.459228] (-) TimerEvent: {}
[301.561716] (-) TimerEvent: {}
[301.664101] (-) TimerEvent: {}
[301.766666] (-) TimerEvent: {}
[301.869043] (-) TimerEvent: {}
[301.971488] (-) TimerEvent: {}
[302.074062] (-) TimerEvent: {}
[302.176676] (-) TimerEvent: {}
[302.279364] (-) TimerEvent: {}
[302.380533] (-) TimerEvent: {}
[302.481741] (-) TimerEvent: {}
[302.582986] (-) TimerEvent: {}
[302.684915] (-) TimerEvent: {}
[302.786061] (-) TimerEvent: {}
[302.887203] (-) TimerEvent: {}
[302.988367] (-) TimerEvent: {}
[303.089528] (-) TimerEvent: {}
[303.190818] (-) TimerEvent: {}
[303.291949] (-) TimerEvent: {}
[303.393090] (-) TimerEvent: {}
[303.494206] (-) TimerEvent: {}
[303.595379] (-) TimerEvent: {}
[303.696501] (-) TimerEvent: {}
[303.797657] (-) TimerEvent: {}
[303.898814] (-) TimerEvent: {}
[303.999963] (-) TimerEvent: {}
[304.101098] (-) TimerEvent: {}
[304.202269] (-) TimerEvent: {}
[304.303438] (-) TimerEvent: {}
[304.404547] (-) TimerEvent: {}
[304.505780] (-) TimerEvent: {}
[304.606900] (-) TimerEvent: {}
[304.708045] (-) TimerEvent: {}
[304.809143] (-) TimerEvent: {}
[304.910275] (-) TimerEvent: {}
[305.011460] (-) TimerEvent: {}
[305.112666] (-) TimerEvent: {}
[305.213870] (-) TimerEvent: {}
[305.315053] (-) TimerEvent: {}
[305.416215] (-) TimerEvent: {}
[305.517379] (-) TimerEvent: {}
[305.619458] (-) TimerEvent: {}
[305.720607] (-) TimerEvent: {}
[305.821865] (-) TimerEvent: {}
[305.922986] (-) TimerEvent: {}
[306.024136] (-) TimerEvent: {}
[306.125319] (-) TimerEvent: {}
[306.226451] (-) TimerEvent: {}
[306.327566] (-) TimerEvent: {}
[306.428751] (-) TimerEvent: {}
[306.529914] (-) TimerEvent: {}
[306.631047] (-) TimerEvent: {}
[306.732101] (-) TimerEvent: {}
[306.833295] (-) TimerEvent: {}
[306.936107] (-) TimerEvent: {}
[307.039788] (-) TimerEvent: {}
[307.142370] (-) TimerEvent: {}
[307.243547] (-) TimerEvent: {}
[307.344818] (-) TimerEvent: {}
[307.447571] (-) TimerEvent: {}
[307.550128] (-) TimerEvent: {}
[307.652127] (-) TimerEvent: {}
[307.755075] (-) TimerEvent: {}
[307.858898] (-) TimerEvent: {}
[307.962464] (-) TimerEvent: {}
[308.065272] (-) TimerEvent: {}
[308.166524] (-) TimerEvent: {}
[308.269713] (-) TimerEvent: {}
[308.372349] (-) TimerEvent: {}
[308.473686] (-) TimerEvent: {}
[308.576161] (-) TimerEvent: {}
[308.677321] (-) TimerEvent: {}
[308.779954] (-) TimerEvent: {}
[308.881130] (-) TimerEvent: {}
[308.982292] (-) TimerEvent: {}
[309.083528] (-) TimerEvent: {}
[309.184767] (-) TimerEvent: {}
[309.285933] (-) TimerEvent: {}
[309.387138] (-) TimerEvent: {}
[309.488239] (-) TimerEvent: {}
[309.589415] (-) TimerEvent: {}
[309.690668] (-) TimerEvent: {}
[309.791817] (-) TimerEvent: {}
[309.892883] (-) TimerEvent: {}
[309.993951] (-) TimerEvent: {}
[310.094962] (-) TimerEvent: {}
[310.196117] (-) TimerEvent: {}
[310.297228] (-) TimerEvent: {}
[310.398361] (-) TimerEvent: {}
[310.499507] (-) TimerEvent: {}
[310.600621] (-) TimerEvent: {}
[310.701765] (-) TimerEvent: {}
[310.802912] (-) TimerEvent: {}
[310.904051] (-) TimerEvent: {}
[311.005214] (-) TimerEvent: {}
[311.106377] (-) TimerEvent: {}
[311.207503] (-) TimerEvent: {}
[311.308566] (-) TimerEvent: {}
[311.409688] (-) TimerEvent: {}
[311.510788] (-) TimerEvent: {}
[311.612054] (-) TimerEvent: {}
[311.713176] (-) TimerEvent: {}
[311.814372] (-) TimerEvent: {}
[311.915495] (-) TimerEvent: {}
[312.016589] (-) TimerEvent: {}
[312.117818] (-) TimerEvent: {}
[312.218898] (-) TimerEvent: {}
[312.319978] (-) TimerEvent: {}
[312.421092] (-) TimerEvent: {}
[312.522131] (-) TimerEvent: {}
[312.623278] (-) TimerEvent: {}
[312.724372] (-) TimerEvent: {}
[312.825473] (-) TimerEvent: {}
[312.926561] (-) TimerEvent: {}
[313.027726] (-) TimerEvent: {}
[313.128866] (-) TimerEvent: {}
[313.229917] (-) TimerEvent: {}
[313.330976] (-) TimerEvent: {}
[313.432069] (-) TimerEvent: {}
[313.533176] (-) TimerEvent: {}
[313.634251] (-) TimerEvent: {}
[313.735411] (-) TimerEvent: {}
[313.836500] (-) TimerEvent: {}
[313.937565] (-) TimerEvent: {}
[314.038720] (-) TimerEvent: {}
[314.139777] (-) TimerEvent: {}
[314.240870] (-) TimerEvent: {}
[314.341911] (-) TimerEvent: {}
[314.442964] (-) TimerEvent: {}
[314.544183] (-) TimerEvent: {}
[314.645295] (-) TimerEvent: {}
[314.746608] (-) TimerEvent: {}
[314.847792] (-) TimerEvent: {}
[314.948931] (-) TimerEvent: {}
[315.050072] (-) TimerEvent: {}
[315.151756] (-) TimerEvent: {}
[315.252819] (-) TimerEvent: {}
[315.376899] (-) TimerEvent: {}
[315.477959] (-) TimerEvent: {}
[315.579068] (-) TimerEvent: {}
[315.680144] (-) TimerEvent: {}
[315.781310] (-) TimerEvent: {}
[315.882468] (-) TimerEvent: {}
[315.983608] (-) TimerEvent: {}
[316.084759] (-) TimerEvent: {}
[316.185903] (-) TimerEvent: {}
[316.286999] (-) TimerEvent: {}
[316.388029] (-) TimerEvent: {}
[316.489133] (-) TimerEvent: {}
[316.590184] (-) TimerEvent: {}
[316.691281] (-) TimerEvent: {}
[316.792520] (-) TimerEvent: {}
[316.893829] (-) TimerEvent: {}
[316.995079] (-) TimerEvent: {}
[317.096561] (-) TimerEvent: {}
[317.197940] (-) TimerEvent: {}
[317.299309] (-) TimerEvent: {}
[317.400430] (-) TimerEvent: {}
[317.501763] (-) TimerEvent: {}
[317.603254] (-) TimerEvent: {}
[317.704735] (-) TimerEvent: {}
[317.805856] (-) TimerEvent: {}
[317.907001] (-) TimerEvent: {}
[318.008332] (-) TimerEvent: {}
[318.109485] (-) TimerEvent: {}
[318.210609] (-) TimerEvent: {}
[318.311791] (-) TimerEvent: {}
[318.412894] (-) TimerEvent: {}
[318.514042] (-) TimerEvent: {}
[318.615399] (-) TimerEvent: {}
[318.716561] (-) TimerEvent: {}
[318.817754] (-) TimerEvent: {}
[318.918919] (-) TimerEvent: {}
[319.020148] (-) TimerEvent: {}
[319.121210] (-) TimerEvent: {}
[319.222381] (-) TimerEvent: {}
[319.323524] (-) TimerEvent: {}
[319.424757] (-) TimerEvent: {}
[319.525874] (-) TimerEvent: {}
[319.626868] (-) TimerEvent: {}
[319.728005] (-) TimerEvent: {}
[319.829116] (-) TimerEvent: {}
[319.930171] (-) TimerEvent: {}
[320.031202] (-) TimerEvent: {}
[320.132323] (-) TimerEvent: {}
[320.233467] (-) TimerEvent: {}
[320.334573] (-) TimerEvent: {}
[320.435692] (-) TimerEvent: {}
[320.536793] (-) TimerEvent: {}
[320.637937] (-) TimerEvent: {}
[320.739009] (-) TimerEvent: {}
[320.840132] (-) TimerEvent: {}
[320.941210] (-) TimerEvent: {}
[321.042392] (-) TimerEvent: {}
[321.143543] (-) TimerEvent: {}
[321.244574] (-) TimerEvent: {}
[321.345783] (-) TimerEvent: {}
[321.446871] (-) TimerEvent: {}
[321.547979] (-) TimerEvent: {}
[321.649169] (-) TimerEvent: {}
[321.750226] (-) TimerEvent: {}
[321.851410] (-) TimerEvent: {}
[321.952485] (-) TimerEvent: {}
[322.053693] (-) TimerEvent: {}
[322.154902] (-) TimerEvent: {}
[322.256122] (-) TimerEvent: {}
[322.357301] (-) TimerEvent: {}
[322.459086] (-) TimerEvent: {}
[322.560398] (-) TimerEvent: {}
[322.661572] (-) TimerEvent: {}
[322.762810] (-) TimerEvent: {}
[322.863971] (-) TimerEvent: {}
[322.965311] (-) TimerEvent: {}
[323.066759] (-) TimerEvent: {}
[323.167957] (-) TimerEvent: {}
[323.269124] (-) TimerEvent: {}
[323.370441] (-) TimerEvent: {}
[323.471849] (-) TimerEvent: {}
[323.572947] (-) TimerEvent: {}
[323.674398] (-) TimerEvent: {}
[323.775757] (-) TimerEvent: {}
[323.877398] (-) TimerEvent: {}
[323.978797] (-) TimerEvent: {}
[324.079907] (-) TimerEvent: {}
[324.180955] (-) TimerEvent: {}
[324.282400] (-) TimerEvent: {}
[324.383703] (-) TimerEvent: {}
[324.484963] (-) TimerEvent: {}
[324.585933] (-) TimerEvent: {}
[324.687035] (-) TimerEvent: {}
[324.788101] (-) TimerEvent: {}
[324.889307] (-) TimerEvent: {}
[324.990480] (-) TimerEvent: {}
[325.091765] (-) TimerEvent: {}
[325.193043] (-) TimerEvent: {}
[325.294793] (-) TimerEvent: {}
[325.396776] (-) TimerEvent: {}
[325.498045] (-) TimerEvent: {}
[325.599668] (-) TimerEvent: {}
[325.701143] (-) TimerEvent: {}
[325.802273] (-) TimerEvent: {}
[325.903459] (-) TimerEvent: {}
[326.004761] (-) TimerEvent: {}
[326.106080] (-) TimerEvent: {}
[326.208355] (-) TimerEvent: {}
[326.309732] (-) TimerEvent: {}
[326.411493] (-) TimerEvent: {}
[326.512655] (-) TimerEvent: {}
[326.613840] (-) TimerEvent: {}
[326.715012] (-) TimerEvent: {}
[326.818201] (-) TimerEvent: {}
[326.920896] (-) TimerEvent: {}
[327.021940] (-) TimerEvent: {}
[327.125164] (-) TimerEvent: {}
[327.228134] (-) TimerEvent: {}
[327.329434] (-) TimerEvent: {}
[327.430572] (-) TimerEvent: {}
[327.531599] (-) TimerEvent: {}
[327.632750] (-) TimerEvent: {}
[327.734129] (-) TimerEvent: {}
[327.836400] (-) TimerEvent: {}
[327.937929] (-) TimerEvent: {}
[328.040849] (-) TimerEvent: {}
[328.141945] (-) TimerEvent: {}
[328.243076] (-) TimerEvent: {}
[328.346090] (-) TimerEvent: {}
[328.447430] (-) TimerEvent: {}
[328.550660] (-) TimerEvent: {}
[328.651997] (-) TimerEvent: {}
[328.755127] (-) TimerEvent: {}
[328.856214] (-) TimerEvent: {}
[328.959366] (-) TimerEvent: {}
[329.060448] (-) TimerEvent: {}
[329.161679] (-) TimerEvent: {}
[329.262803] (-) TimerEvent: {}
[329.365871] (-) TimerEvent: {}
[329.467060] (-) TimerEvent: {}
[329.568385] (-) TimerEvent: {}
[329.669718] (-) TimerEvent: {}
[329.770889] (-) TimerEvent: {}
[329.872090] (-) TimerEvent: {}
[329.973252] (-) TimerEvent: {}
[330.074430] (-) TimerEvent: {}
[330.175655] (-) TimerEvent: {}
[330.278445] (-) TimerEvent: {}
[330.379758] (-) TimerEvent: {}
[330.481029] (-) TimerEvent: {}
[330.582357] (-) TimerEvent: {}
[330.684574] (-) TimerEvent: {}
[330.785863] (-) TimerEvent: {}
[330.887213] (-) TimerEvent: {}
[330.989670] (-) TimerEvent: {}
[331.091412] (-) TimerEvent: {}
[331.193701] (-) TimerEvent: {}
[331.295323] (-) TimerEvent: {}
[331.397609] (-) TimerEvent: {}
[331.500782] (-) TimerEvent: {}
[331.604352] (-) TimerEvent: {}
[331.705924] (-) TimerEvent: {}
[331.807755] (-) TimerEvent: {}
[331.909220] (-) TimerEvent: {}
[332.010596] (-) TimerEvent: {}
[332.112913] (-) TimerEvent: {}
[332.215235] (-) TimerEvent: {}
[332.316523] (-) TimerEvent: {}
[332.417909] (-) TimerEvent: {}
[332.519403] (-) TimerEvent: {}
[332.620798] (-) TimerEvent: {}
[332.723848] (-) TimerEvent: {}
[332.825613] (-) TimerEvent: {}
[332.928890] (-) TimerEvent: {}
[333.029924] (-) TimerEvent: {}
[333.131222] (-) TimerEvent: {}
[333.232575] (-) TimerEvent: {}
[333.333888] (-) TimerEvent: {}
[333.435031] (-) TimerEvent: {}
[333.536203] (-) TimerEvent: {}
[333.637327] (-) TimerEvent: {}
[333.738623] (-) TimerEvent: {}
[333.840137] (-) TimerEvent: {}
[333.941783] (-) TimerEvent: {}
[334.043150] (-) TimerEvent: {}
[334.146390] (-) TimerEvent: {}
[334.247489] (-) TimerEvent: {}
[334.348766] (-) TimerEvent: {}
[334.449868] (-) TimerEvent: {}
[334.551015] (-) TimerEvent: {}
[334.653934] (-) TimerEvent: {}
[334.756944] (-) TimerEvent: {}
[334.859017] (-) TimerEvent: {}
[334.960520] (-) TimerEvent: {}
[335.061770] (-) TimerEvent: {}
[335.163841] (-) TimerEvent: {}
[335.264970] (-) TimerEvent: {}
[335.366129] (-) TimerEvent: {}
[335.467659] (-) TimerEvent: {}
[335.569182] (-) TimerEvent: {}
[335.670774] (-) TimerEvent: {}
[335.771996] (-) TimerEvent: {}
[335.873208] (-) TimerEvent: {}
[335.975824] (-) TimerEvent: {}
[336.078745] (-) TimerEvent: {}
[336.181937] (-) TimerEvent: {}
[336.283215] (-) TimerEvent: {}
[336.384578] (-) TimerEvent: {}
[336.487926] (-) TimerEvent: {}
[336.590999] (-) TimerEvent: {}
[336.692210] (-) TimerEvent: {}
[336.793600] (-) TimerEvent: {}
[336.897273] (-) TimerEvent: {}
[336.999543] (-) TimerEvent: {}
[337.100823] (-) TimerEvent: {}
[337.202069] (-) TimerEvent: {}
[337.303298] (-) TimerEvent: {}
[337.406785] (-) TimerEvent: {}
[337.509012] (-) TimerEvent: {}
[337.610271] (-) TimerEvent: {}
[337.711580] (-) TimerEvent: {}
[337.812759] (-) TimerEvent: {}
[337.914409] (-) TimerEvent: {}
[338.015718] (-) TimerEvent: {}
[338.116998] (-) TimerEvent: {}
[338.220159] (-) TimerEvent: {}
[338.323208] (-) TimerEvent: {}
[338.424601] (-) TimerEvent: {}
[338.526026] (-) TimerEvent: {}
[338.628396] (-) TimerEvent: {}
[338.729938] (-) TimerEvent: {}
[338.831606] (-) TimerEvent: {}
[338.932786] (-) TimerEvent: {}
[339.035508] (-) TimerEvent: {}
[339.138758] (-) TimerEvent: {}
[339.241734] (-) TimerEvent: {}
[339.345014] (-) TimerEvent: {}
[339.448116] (-) TimerEvent: {}
[339.549383] (-) TimerEvent: {}
[339.651911] (-) TimerEvent: {}
[339.753150] (-) TimerEvent: {}
[339.854530] (-) TimerEvent: {}
[339.955681] (-) TimerEvent: {}
[340.056911] (-) TimerEvent: {}
[340.158014] (-) TimerEvent: {}
[340.259077] (-) TimerEvent: {}
[340.360337] (-) TimerEvent: {}
[340.461679] (-) TimerEvent: {}
[340.562924] (-) TimerEvent: {}
[340.664882] (-) TimerEvent: {}
[340.768451] (-) TimerEvent: {}
[340.871884] (-) TimerEvent: {}
[340.975093] (-) TimerEvent: {}
[341.076237] (-) TimerEvent: {}
[341.178683] (-) TimerEvent: {}
[341.282214] (-) TimerEvent: {}
[341.385978] (-) TimerEvent: {}
[341.488775] (-) TimerEvent: {}
[341.592200] (-) TimerEvent: {}
[341.695089] (-) TimerEvent: {}
[341.798966] (-) TimerEvent: {}
[341.900839] (-) TimerEvent: {}
[342.002941] (-) TimerEvent: {}
[342.105585] (-) TimerEvent: {}
[342.209392] (-) TimerEvent: {}
[342.311033] (-) TimerEvent: {}
[342.412963] (-) TimerEvent: {}
[342.516133] (-) TimerEvent: {}
[342.617366] (-) TimerEvent: {}
[342.718712] (-) TimerEvent: {}
[342.819907] (-) TimerEvent: {}
[342.921240] (-) TimerEvent: {}
[343.024671] (-) TimerEvent: {}
[343.127732] (-) TimerEvent: {}
[343.228983] (-) TimerEvent: {}
[343.332581] (-) TimerEvent: {}
[343.436300] (-) TimerEvent: {}
[343.539299] (-) TimerEvent: {}
[343.642496] (-) TimerEvent: {}
[343.743889] (-) TimerEvent: {}
[343.847725] (-) TimerEvent: {}
[343.950905] (-) TimerEvent: {}
[344.053779] (-) TimerEvent: {}
[344.156744] (-) TimerEvent: {}
[344.257929] (-) TimerEvent: {}
[344.360724] (-) TimerEvent: {}
[344.461835] (-) TimerEvent: {}
[344.563081] (-) TimerEvent: {}
[344.665241] (-) TimerEvent: {}
[344.767903] (-) TimerEvent: {}
[344.870541] (-) TimerEvent: {}
[344.971824] (-) TimerEvent: {}
[345.072911] (-) TimerEvent: {}
[345.174446] (-) TimerEvent: {}
[345.276252] (-) TimerEvent: {}
[345.377366] (-) TimerEvent: {}
[345.478623] (-) TimerEvent: {}
[345.581655] (-) TimerEvent: {}
[345.682784] (-) TimerEvent: {}
[345.783824] (-) TimerEvent: {}
[345.884835] (-) TimerEvent: {}
[345.986368] (-) TimerEvent: {}
[346.092909] (-) TimerEvent: {}
[346.194278] (-) TimerEvent: {}
[346.295400] (-) TimerEvent: {}
[346.396696] (-) TimerEvent: {}
[346.497796] (-) TimerEvent: {}
[346.599127] (-) TimerEvent: {}
[346.700326] (-) TimerEvent: {}
[346.801812] (-) TimerEvent: {}
[346.902827] (-) TimerEvent: {}
[347.003946] (-) TimerEvent: {}
[347.105141] (-) TimerEvent: {}
[347.206385] (-) TimerEvent: {}
[347.310581] (-) TimerEvent: {}
[347.411703] (-) TimerEvent: {}
[347.512885] (-) TimerEvent: {}
[347.614160] (-) TimerEvent: {}
[347.718908] (-) TimerEvent: {}
[347.821268] (-) TimerEvent: {}
[347.922358] (-) TimerEvent: {}
[347.971311] (rt_ros2) StdoutLine: {'line': b'[ 96%] \x1b[32m\x1b[1mLinking CXX executable main_rt\x1b[0m\n'}
[348.022703] (-) TimerEvent: {}
[348.124527] (-) TimerEvent: {}
[348.226390] (-) TimerEvent: {}
[348.328158] (-) TimerEvent: {}
[348.430096] (-) TimerEvent: {}
[348.532418] (-) TimerEvent: {}
[348.634526] (-) TimerEvent: {}
[348.737864] (-) TimerEvent: {}
[348.839418] (-) TimerEvent: {}
[348.940916] (-) TimerEvent: {}
[349.042950] (-) TimerEvent: {}
[349.144911] (-) TimerEvent: {}
[349.248990] (-) TimerEvent: {}
[349.357161] (-) TimerEvent: {}
[349.458580] (-) TimerEvent: {}
[349.562536] (-) TimerEvent: {}
[349.665786] (-) TimerEvent: {}
[349.699069] (rt_ros2) StdoutLine: {'line': b'[ 98%] \x1b[32m\x1b[1mLinking CXX executable rt_ros2\x1b[0m\n'}
[349.767267] (-) TimerEvent: {}
[349.869659] (-) TimerEvent: {}
[349.971371] (-) TimerEvent: {}
[350.073226] (-) TimerEvent: {}
[350.175017] (-) TimerEvent: {}
[350.194002] (rt_ros2) StdoutLine: {'line': b'[ 52%] Built target main_rt\n'}
[350.275360] (-) TimerEvent: {}
[350.377187] (-) TimerEvent: {}
[350.478707] (-) TimerEvent: {}
[350.579829] (-) TimerEvent: {}
[350.681244] (-) TimerEvent: {}
[350.782576] (-) TimerEvent: {}
[350.883356] (-) TimerEvent: {}
[350.984289] (-) TimerEvent: {}
[351.085125] (-) TimerEvent: {}
[351.186398] (-) TimerEvent: {}
[351.273427] (rt_ros2) StdoutLine: {'line': b'Built target rt_ros2\n'}
[351.286588] (-) TimerEvent: {}
[351.387378] (-) TimerEvent: {}
[351.488182] (-) TimerEvent: {}
[351.600073] (-) TimerEvent: {}
[351.703898] (rt_ros2) CommandEnded: {'returncode': 0}
[351.952875] (-) TimerEvent: {}
[352.044777] (rt_ros2) JobProgress: {'identifier': 'rt_ros2', 'progress': 'install'}
[352.059514] (-) TimerEvent: {}
[352.174579] (-) TimerEvent: {}
[352.193604] (rt_ros2) Command: {'cmd': ['/usr/bin/cmake', '--install', '/code/brickpi/build/rt_ros2'], 'cwd': '/code/brickpi/build/rt_ros2', 'env': OrderedDict([('LESSOPEN', '| /usr/bin/lesspipe %s'), ('USER', 'ubuntu'), ('SSH_CLIENT', '192.168.10.114 57518 22'), ('XDG_SESSION_TYPE', 'tty'), ('SHLVL', '1'), ('LD_LIBRARY_PATH', '/opt/ros/humble/lib/aarch64-linux-gnu:/opt/ros/humble/lib'), ('MOTD_SHOWN', 'pam'), ('HOME', '/home/ubuntu'), ('OLDPWD', '/code'), ('SSH_TTY', '/dev/pts/2'), ('ROS_PYTHON_VERSION', '3'), ('DBUS_SESSION_BUS_ADDRESS', 'unix:path=/run/user/1000/bus'), ('ROS_DISTRO', 'humble'), ('LOGNAME', 'ubuntu'), ('_', '/usr/bin/colcon'), ('ROS_VERSION', '2'), ('XDG_SESSION_CLASS', 'user'), ('TERM', 'xterm-256color'), ('XDG_SESSION_ID', '8'), ('ROS_LOCALHOST_ONLY', '0'), ('BRICKPI3_ROOT_DIR', '/home/ubuntu/BrickPi3'), ('PATH', '/opt/ros/humble/bin:/usr/local/sbin:/usr/local/bin:/usr/sbin:/usr/bin:/sbin:/bin:/usr/games:/usr/local/games:/snap/bin'), ('XDG_RUNTIME_DIR', '/run/user/1000'), ('LANG', 'C.UTF-8'), ('LS_COLORS', 'rs=0:di=01;34:ln=01;36:mh=00:pi=40;33:so=01;35:do=01;35:bd=40;33;01:cd=40;33;01:or=40;31;01:mi=00:su=37;41:sg=30;43:ca=30;41:tw=30;42:ow=34;42:st=37;44:ex=01;32:*.tar=01;31:*.tgz=01;31:*.arc=01;31:*.arj=01;31:*.taz=01;31:*.lha=01;31:*.lz4=01;31:*.lzh=01;31:*.lzma=01;31:*.tlz=01;31:*.txz=01;31:*.tzo=01;31:*.t7z=01;31:*.zip=01;31:*.z=01;31:*.dz=01;31:*.gz=01;31:*.lrz=01;31:*.lz=01;31:*.lzo=01;31:*.xz=01;31:*.zst=01;31:*.tzst=01;31:*.bz2=01;31:*.bz=01;31:*.tbz=01;31:*.tbz2=01;31:*.tz=01;31:*.deb=01;31:*.rpm=01;31:*.jar=01;31:*.war=01;31:*.ear=01;31:*.sar=01;31:*.rar=01;31:*.alz=01;31:*.ace=01;31:*.zoo=01;31:*.cpio=01;31:*.7z=01;31:*.rz=01;31:*.cab=01;31:*.wim=01;31:*.swm=01;31:*.dwm=01;31:*.esd=01;31:*.jpg=01;35:*.jpeg=01;35:*.mjpg=01;35:*.mjpeg=01;35:*.gif=01;35:*.bmp=01;35:*.pbm=01;35:*.pgm=01;35:*.ppm=01;35:*.tga=01;35:*.xbm=01;35:*.xpm=01;35:*.tif=01;35:*.tiff=01;35:*.png=01;35:*.svg=01;35:*.svgz=01;35:*.mng=01;35:*.pcx=01;35:*.mov=01;35:*.mpg=01;35:*.mpeg=01;35:*.m2v=01;35:*.mkv=01;35:*.webm=01;35:*.webp=01;35:*.ogm=01;35:*.mp4=01;35:*.m4v=01;35:*.mp4v=01;35:*.vob=01;35:*.qt=01;35:*.nuv=01;35:*.wmv=01;35:*.asf=01;35:*.rm=01;35:*.rmvb=01;35:*.flc=01;35:*.avi=01;35:*.fli=01;35:*.flv=01;35:*.gl=01;35:*.dl=01;35:*.xcf=01;35:*.xwd=01;35:*.yuv=01;35:*.cgm=01;35:*.emf=01;35:*.ogv=01;35:*.ogx=01;35:*.aac=00;36:*.au=00;36:*.flac=00;36:*.m4a=00;36:*.mid=00;36:*.midi=00;36:*.mka=00;36:*.mp3=00;36:*.mpc=00;36:*.ogg=00;36:*.ra=00;36:*.wav=00;36:*.oga=00;36:*.opus=00;36:*.spx=00;36:*.xspf=00;36:'), ('ROS_DOMAIN_ID', '21'), ('AMENT_PREFIX_PATH', '/opt/ros/humble'), ('SHELL', '/bin/bash'), ('LESSCLOSE', '/usr/bin/lesspipe %s %s'), ('PWD', '/code/brickpi/build/rt_ros2'), ('SSH_CONNECTION', '192.168.10.114 57518 192.168.10.100 22'), ('PYTHONPATH', '/opt/ros/humble/lib/python3.10/site-packages:/opt/ros/humble/local/lib/python3.10/dist-packages'), ('COLCON', '1'), ('CMAKE_PREFIX_PATH', '/opt/ros/humble')]), 'shell': False}
[352.279240] (-) TimerEvent: {}
[352.281205] (rt_ros2) StdoutLine: {'line': b'-- Install configuration: "Release"\n'}
[352.282068] (rt_ros2) StdoutLine: {'line': b'-- Execute custom install script\n'}
[352.283124] (rt_ros2) StdoutLine: {'line': b'-- Up-to-date symlink: /code/brickpi/install/rt_ros2/include/readerwriterqueue/atomicops.h\n'}
[352.284170] (rt_ros2) StdoutLine: {'line': b'-- Up-to-date symlink: /code/brickpi/install/rt_ros2/include/readerwriterqueue/readerwriterqueue.h\n'}
[352.284982] (rt_ros2) StdoutLine: {'line': b'-- Up-to-date symlink: /code/brickpi/install/rt_ros2/include/readerwriterqueue/readerwritercircularbuffer.h\n'}
[352.285912] (rt_ros2) StdoutLine: {'line': b'-- Up-to-date symlink: /code/brickpi/install/rt_ros2/include/readerwriterqueue/LICENSE.md\n'}
[352.286576] (rt_ros2) StdoutLine: {'line': b'-- Up-to-date symlink: /code/brickpi/install/rt_ros2/lib/rt_ros2/rt_ros2\n'}
[352.287219] (rt_ros2) StdoutLine: {'line': b'-- Up-to-date symlink: /code/brickpi/install/rt_ros2/lib/rt_ros2/main_rt\n'}
[352.287845] (rt_ros2) StdoutLine: {'line': b'-- Up-to-date symlink: /code/brickpi/install/rt_ros2/lib/rt_ros2/main_be\n'}
[352.288400] (rt_ros2) StdoutLine: {'line': b'-- Up-to-date symlink: /code/brickpi/install/rt_ros2/share/rt_ros2/._infraestructura.launch.py\n'}
[352.289104] (rt_ros2) StdoutLine: {'line': b'-- Up-to-date symlink: /code/brickpi/install/rt_ros2/share/rt_ros2/infraestructura.launch.py\n'}
[352.289586] (rt_ros2) StdoutLine: {'line': b'-- Up-to-date symlink: /code/brickpi/install/rt_ros2/lib/rt_ros2/nodo_test\n'}
[352.290190] (rt_ros2) StdoutLine: {'line': b'-- Up-to-date symlink: /code/brickpi/install/rt_ros2/share/ament_index/resource_index/package_run_dependencies/rt_ros2\n'}
[352.290950] (rt_ros2) StdoutLine: {'line': b'-- Up-to-date symlink: /code/brickpi/install/rt_ros2/share/ament_index/resource_index/parent_prefix_path/rt_ros2\n'}
[352.291560] (rt_ros2) StdoutLine: {'line': b'-- Up-to-date symlink: /code/brickpi/install/rt_ros2/share/rt_ros2/environment/ament_prefix_path.sh\n'}
[352.292234] (rt_ros2) StdoutLine: {'line': b'-- Up-to-date symlink: /code/brickpi/install/rt_ros2/share/rt_ros2/environment/ament_prefix_path.dsv\n'}
[352.292897] (rt_ros2) StdoutLine: {'line': b'-- Up-to-date symlink: /code/brickpi/install/rt_ros2/share/rt_ros2/environment/path.sh\n'}
[352.293530] (rt_ros2) StdoutLine: {'line': b'-- Up-to-date symlink: /code/brickpi/install/rt_ros2/share/rt_ros2/environment/path.dsv\n'}
[352.294215] (rt_ros2) StdoutLine: {'line': b'-- Up-to-date symlink: /code/brickpi/install/rt_ros2/share/rt_ros2/local_setup.bash\n'}
[352.294870] (rt_ros2) StdoutLine: {'line': b'-- Up-to-date symlink: /code/brickpi/install/rt_ros2/share/rt_ros2/local_setup.sh\n'}
[352.295499] (rt_ros2) StdoutLine: {'line': b'-- Up-to-date symlink: /code/brickpi/install/rt_ros2/share/rt_ros2/local_setup.zsh\n'}
[352.296179] (rt_ros2) StdoutLine: {'line': b'-- Up-to-date symlink: /code/brickpi/install/rt_ros2/share/rt_ros2/local_setup.dsv\n'}
[352.296851] (rt_ros2) StdoutLine: {'line': b'-- Symlinking: /code/brickpi/install/rt_ros2/share/rt_ros2/package.dsv\n'}
[352.326577] (rt_ros2) StdoutLine: {'line': b'-- Up-to-date symlink: /code/brickpi/install/rt_ros2/share/ament_index/resource_index/packages/rt_ros2\n'}
[352.328031] (rt_ros2) StdoutLine: {'line': b'-- Up-to-date symlink: /code/brickpi/install/rt_ros2/share/rt_ros2/cmake/rt_ros2Config.cmake\n'}
[352.329145] (rt_ros2) StdoutLine: {'line': b'-- Up-to-date symlink: /code/brickpi/install/rt_ros2/share/rt_ros2/cmake/rt_ros2Config-version.cmake\n'}
[352.330695] (rt_ros2) StdoutLine: {'line': b'-- Up-to-date symlink: /code/brickpi/install/rt_ros2/share/rt_ros2/package.xml\n'}
[352.348514] (rt_ros2) CommandEnded: {'returncode': 0}
[352.384845] (-) TimerEvent: {}
[352.517023] (-) TimerEvent: {}
[352.634878] (-) TimerEvent: {}
[352.742068] (-) TimerEvent: {}
[352.846061] (-) TimerEvent: {}
[352.887442] (rt_ros2) JobEnded: {'identifier': 'rt_ros2', 'rc': 0}
[352.934458] (-) EventReactorShutdown: {}
