[0.000000] (-) TimerEvent: {}
[0.001916] (-) JobUnselected: {'identifier': 'brickpi3_charlie'}
[0.002562] (-) JobUnselected: {'identifier': 'brickpi3_motors'}
[0.003193] (-) JobUnselected: {'identifier': 'brickpi3_sensors'}
[0.003427] (-) JobUnselected: {'identifier': 'ev3_sensor_msgs'}
[0.003615] (rt_ros2) JobQueued: {'identifier': 'rt_ros2', 'dependencies': OrderedDict()}
[0.003854] (rt_ros2) JobStarted: {'identifier': 'rt_ros2'}
[0.047613] (rt_ros2) JobProgress: {'identifier': 'rt_ros2', 'progress': 'cmake'}
[0.050232] (rt_ros2) Command: {'cmd': ['/usr/bin/cmake', '/code/brickpi/rt_ros2', '-DAMENT_CMAKE_SYMLINK_INSTALL=1', '-DCMAKE_INSTALL_PREFIX=/code/brickpi/install/rt_ros2'], 'cwd': '/code/brickpi/build/rt_ros2', 'env': OrderedDict([('LESSOPEN', '| /usr/bin/lesspipe %s'), ('USER', 'ubuntu'), ('SSH_CLIENT', '192.168.10.163 49297 22'), ('XDG_SESSION_TYPE', 'tty'), ('GIT_ASKPASS', '/home/ubuntu/.vscode-server/cli/servers/Stable-034f571df509819cc10b0c8129f66ef77a542f0e/server/extensions/git/dist/askpass.sh'), ('SHLVL', '2'), ('LD_LIBRARY_PATH', '/code/brickpi/install/ev3_sensor_msgs/lib:/code/brickpi/install/brickpi3_motors/lib:/opt/ros/humble/lib/aarch64-linux-gnu:/opt/ros/humble/lib'), ('BROWSER', '/home/ubuntu/.vscode-server/cli/servers/Stable-034f571df509819cc10b0c8129f66ef77a542f0e/server/bin/helpers/browser.sh'), ('MOTD_SHOWN', 'pam'), ('HOME', '/home/ubuntu'), ('OLDPWD', '/code/brickpi'), ('TERM_PROGRAM_VERSION', '1.118.1'), ('VSCODE_IPC_HOOK_CLI', '/run/user/1000/vscode-ipc-f9ee7fc5-d82f-46a4-b6a3-5115d7cd458f.sock'), ('ROS_PYTHON_VERSION', '3'), ('VSCODE_GIT_ASKPASS_MAIN', '/home/ubuntu/.vscode-server/cli/servers/Stable-034f571df509819cc10b0c8129f66ef77a542f0e/server/extensions/git/dist/askpass-main.js'), ('VSCODE_GIT_ASKPASS_NODE', '/home/ubuntu/.vscode-server/cli/servers/Stable-034f571df509819cc10b0c8129f66ef77a542f0e/server/node'), ('VSCODE_PYTHON_AUTOACTIVATE_GUARD', '1'), ('DBUS_SESSION_BUS_ADDRESS', 'unix:path=/run/user/1000/bus'), ('COLORTERM', 'truecolor'), ('COLCON_PREFIX_PATH', '/code/brickpi/install:/code/brickpi/rt_ros2/install'), ('ROS_DISTRO', 'humble'), ('LOGNAME', 'ubuntu'), ('_', '/usr/bin/colcon'), ('ROS_VERSION', '2'), ('XDG_SESSION_CLASS', 'user'), ('TERM', 'xterm-256color'), ('XDG_SESSION_ID', '3'), ('ROS_LOCALHOST_ONLY', '0'), ('BRICKPI3_ROOT_DIR', '/home/ubuntu/BrickPi3'), ('PATH', '/home/ubuntu/.vscode-server/data/User/globalStorage/github.copilot-chat/debugCommand:/home/ubuntu/.vscode-server/data/User/globalStorage/github.copilot-chat/copilotCli:/home/ubuntu/.vscode-server/cli/servers/Stable-034f571df509819cc10b0c8129f66ef77a542f0e/server/bin/remote-cli:/opt/ros/humble/bin:/usr/local/sbin:/usr/local/bin:/usr/sbin:/usr/bin:/sbin:/bin:/usr/games:/usr/local/games:/snap/bin'), ('XDG_RUNTIME_DIR', '/run/user/1000'), ('LANG', 'C.UTF-8'), ('LS_COLORS', 'rs=0:di=01;34:ln=01;36:mh=00:pi=40;33:so=01;35:do=01;35:bd=40;33;01:cd=40;33;01:or=40;31;01:mi=00:su=37;41:sg=30;43:ca=30;41:tw=30;42:ow=34;42:st=37;44:ex=01;32:*.tar=01;31:*.tgz=01;31:*.arc=01;31:*.arj=01;31:*.taz=01;31:*.lha=01;31:*.lz4=01;31:*.lzh=01;31:*.lzma=01;31:*.tlz=01;31:*.txz=01;31:*.tzo=01;31:*.t7z=01;31:*.zip=01;31:*.z=01;31:*.dz=01;31:*.gz=01;31:*.lrz=01;31:*.lz=01;31:*.lzo=01;31:*.xz=01;31:*.zst=01;31:*.tzst=01;31:*.bz2=01;31:*.bz=01;31:*.tbz=01;31:*.tbz2=01;31:*.tz=01;31:*.deb=01;31:*.rpm=01;31:*.jar=01;31:*.war=01;31:*.ear=01;31:*.sar=01;31:*.rar=01;31:*.alz=01;31:*.ace=01;31:*.zoo=01;31:*.cpio=01;31:*.7z=01;31:*.rz=01;31:*.cab=01;31:*.wim=01;31:*.swm=01;31:*.dwm=01;31:*.esd=01;31:*.jpg=01;35:*.jpeg=01;35:*.mjpg=01;35:*.mjpeg=01;35:*.gif=01;35:*.bmp=01;35:*.pbm=01;35:*.pgm=01;35:*.ppm=01;35:*.tga=01;35:*.xbm=01;35:*.xpm=01;35:*.tif=01;35:*.tiff=01;35:*.png=01;35:*.svg=01;35:*.svgz=01;35:*.mng=01;35:*.pcx=01;35:*.mov=01;35:*.mpg=01;35:*.mpeg=01;35:*.m2v=01;35:*.mkv=01;35:*.webm=01;35:*.webp=01;35:*.ogm=01;35:*.mp4=01;35:*.m4v=01;35:*.mp4v=01;35:*.vob=01;35:*.qt=01;35:*.nuv=01;35:*.wmv=01;35:*.asf=01;35:*.rm=01;35:*.rmvb=01;35:*.flc=01;35:*.avi=01;35:*.fli=01;35:*.flv=01;35:*.gl=01;35:*.dl=01;35:*.xcf=01;35:*.xwd=01;35:*.yuv=01;35:*.cgm=01;35:*.emf=01;35:*.ogv=01;35:*.ogx=01;35:*.aac=00;36:*.au=00;36:*.flac=00;36:*.m4a=00;36:*.mid=00;36:*.midi=00;36:*.mka=00;36:*.mp3=00;36:*.mpc=00;36:*.ogg=00;36:*.ra=00;36:*.wav=00;36:*.oga=00;36:*.opus=00;36:*.spx=00;36:*.xspf=00;36:'), ('VSCODE_GIT_IPC_HANDLE', '/run/user/1000/vscode-git-5775093a2d.sock'), ('TERM_PROGRAM', 'vscode'), ('ROS_DOMAIN_ID', '21'), ('AMENT_PREFIX_PATH', '/code/brickpi/install/ev3_sensor_msgs:/code/brickpi/install/brickpi3_sensors:/code/brickpi/install/brickpi3_charlie:/code/brickpi/install/brickpi3_motors:/code/brickpi/rt_ros2/install/rt_ros2:/opt/ros/humble'), ('SHELL', '/bin/bash'), ('LESSCLOSE', '/usr/bin/lesspipe %s %s'), ('VSCODE_GIT_ASKPASS_EXTRA_ARGS', ''), ('PWD', '/code/brickpi/build/rt_ros2'), ('SSH_CONNECTION', '192.168.10.163 49297 192.168.10.2 22'), ('PYTHONPATH', '/code/brickpi/install/ev3_sensor_msgs/local/lib/python3.10/dist-packages:/code/brickpi/build/brickpi3_sensors:/code/brickpi/install/brickpi3_sensors/lib/python3.10/site-packages:/code/brickpi/build/brickpi3_charlie:/code/brickpi/install/brickpi3_charlie/lib/python3.10/site-packages:/opt/ros/humble/lib/python3.10/site-packages:/opt/ros/humble/local/lib/python3.10/dist-packages'), ('COLCON', '1'), ('CMAKE_PREFIX_PATH', '/code/brickpi/install/ev3_sensor_msgs:/code/brickpi/install/brickpi3_motors:/code/brickpi/rt_ros2/install/rt_ros2:/code/brickpi/install/brickpi3_sensors:/code/brickpi/install/brickpi3_charlie:/opt/ros/humble')]), 'shell': False}
[0.098805] (-) TimerEvent: {}
[0.199898] (-) TimerEvent: {}
[0.301516] (-) TimerEvent: {}
[0.402652] (-) TimerEvent: {}
[0.449202] (rt_ros2) StdoutLine: {'line': b'-- The CXX compiler identification is GNU 11.4.0\n'}
[0.490211] (rt_ros2) StdoutLine: {'line': b'-- Detecting CXX compiler ABI info\n'}
[0.502900] (-) TimerEvent: {}
[0.603886] (-) TimerEvent: {}
[0.704922] (-) TimerEvent: {}
[0.805882] (-) TimerEvent: {}
[0.906920] (-) TimerEvent: {}
[0.926833] (rt_ros2) StdoutLine: {'line': b'-- Detecting CXX compiler ABI info - done\n'}
[0.959058] (rt_ros2) StdoutLine: {'line': b'-- Check for working CXX compiler: /usr/bin/c++ - skipped\n'}
[0.960398] (rt_ros2) StdoutLine: {'line': b'-- Detecting CXX compile features\n'}
[0.962568] (rt_ros2) StdoutLine: {'line': b'-- Detecting CXX compile features - done\n'}
[0.988216] (rt_ros2) StdoutLine: {'line': b'-- Found ament_cmake: 1.3.14 (/opt/ros/humble/share/ament_cmake/cmake)\n'}
[1.007127] (-) TimerEvent: {}
[1.107947] (-) TimerEvent: {}
[1.208869] (-) TimerEvent: {}
[1.309861] (-) TimerEvent: {}
[1.410934] (-) TimerEvent: {}
[1.511907] (-) TimerEvent: {}
[1.612935] (-) TimerEvent: {}
[1.713948] (-) TimerEvent: {}
[1.814712] (-) TimerEvent: {}
[1.915952] (-) TimerEvent: {}
[1.917247] (rt_ros2) StdoutLine: {'line': b'-- Found Python3: /usr/bin/python3 (found version "3.10.12") found components: Interpreter \n'}
[2.016207] (-) TimerEvent: {}
[2.117254] (-) TimerEvent: {}
[2.218271] (-) TimerEvent: {}
[2.247040] (rt_ros2) StdoutLine: {'line': b'-- Override CMake install command with custom implementation using symlinks instead of copying resources\n'}
[2.318440] (-) TimerEvent: {}
[2.419918] (-) TimerEvent: {}
[2.490671] (rt_ros2) StdoutLine: {'line': b'-- Found rclcpp: 16.0.18 (/opt/ros/humble/share/rclcpp/cmake)\n'}
[2.520129] (-) TimerEvent: {}
[2.620937] (-) TimerEvent: {}
[2.721692] (-) TimerEvent: {}
[2.788929] (rt_ros2) StdoutLine: {'line': b'-- Found rosidl_generator_c: 3.1.8 (/opt/ros/humble/share/rosidl_generator_c/cmake)\n'}
[2.821904] (-) TimerEvent: {}
[2.828707] (rt_ros2) StdoutLine: {'line': b'-- Found rosidl_adapter: 3.1.8 (/opt/ros/humble/share/rosidl_adapter/cmake)\n'}
[2.886253] (rt_ros2) StdoutLine: {'line': b'-- Found rosidl_generator_cpp: 3.1.8 (/opt/ros/humble/share/rosidl_generator_cpp/cmake)\n'}
[2.922136] (-) TimerEvent: {}
[2.968065] (rt_ros2) StdoutLine: {'line': b'-- Using all available rosidl_typesupport_c: rosidl_typesupport_fastrtps_c;rosidl_typesupport_introspection_c\n'}
[3.022332] (-) TimerEvent: {}
[3.071912] (rt_ros2) StdoutLine: {'line': b'-- Using all available rosidl_typesupport_cpp: rosidl_typesupport_fastrtps_cpp;rosidl_typesupport_introspection_cpp\n'}
[3.122534] (-) TimerEvent: {}
[3.223359] (-) TimerEvent: {}
[3.324166] (-) TimerEvent: {}
[3.351436] (rt_ros2) StdoutLine: {'line': b'-- Found rmw_implementation_cmake: 6.1.2 (/opt/ros/humble/share/rmw_implementation_cmake/cmake)\n'}
[3.372052] (rt_ros2) StdoutLine: {'line': b'-- Found rmw_fastrtps_cpp: 6.2.10 (/opt/ros/humble/share/rmw_fastrtps_cpp/cmake)\n'}
[3.424358] (-) TimerEvent: {}
[3.525178] (-) TimerEvent: {}
[3.625939] (-) TimerEvent: {}
[3.726706] (-) TimerEvent: {}
[3.827539] (-) TimerEvent: {}
[3.870632] (rt_ros2) StdoutLine: {'line': b'-- Found OpenSSL: /usr/lib/aarch64-linux-gnu/libcrypto.so (found version "3.0.2")  \n'}
[3.927792] (-) TimerEvent: {}
[4.007850] (rt_ros2) StdoutLine: {'line': b'-- Found FastRTPS: /opt/ros/humble/include  \n'}
[4.027938] (-) TimerEvent: {}
[4.128673] (-) TimerEvent: {}
[4.229651] (-) TimerEvent: {}
[4.237574] (rt_ros2) StdoutLine: {'line': b"-- Using RMW implementation 'rmw_fastrtps_cpp' as default\n"}
[4.306907] (rt_ros2) StdoutLine: {'line': b'-- Looking for C++ include pthread.h\n'}
[4.329913] (-) TimerEvent: {}
[4.430711] (-) TimerEvent: {}
[4.531691] (-) TimerEvent: {}
[4.632808] (-) TimerEvent: {}
[4.733703] (-) TimerEvent: {}
[4.762671] (rt_ros2) StdoutLine: {'line': b'-- Looking for C++ include pthread.h - found\n'}
[4.764146] (rt_ros2) StdoutLine: {'line': b'-- Performing Test CMAKE_HAVE_LIBC_PTHREAD\n'}
[4.834001] (-) TimerEvent: {}
[4.940005] (-) TimerEvent: {}
[5.044507] (-) TimerEvent: {}
[5.145428] (-) TimerEvent: {}
[5.214188] (rt_ros2) StdoutLine: {'line': b'-- Performing Test CMAKE_HAVE_LIBC_PTHREAD - Success\n'}
[5.219421] (rt_ros2) StdoutLine: {'line': b'-- Found Threads: TRUE  \n'}
[5.245672] (-) TimerEvent: {}
[5.346527] (-) TimerEvent: {}
[5.447494] (-) TimerEvent: {}
[5.548473] (-) TimerEvent: {}
[5.550466] (rt_ros2) StdoutLine: {'line': b'-- Found geometry_msgs: 4.9.1 (/opt/ros/humble/share/geometry_msgs/cmake)\n'}
[5.640935] (rt_ros2) StdoutLine: {'line': b'-- Found sensor_msgs: 4.9.1 (/opt/ros/humble/share/sensor_msgs/cmake)\n'}
[5.648843] (-) TimerEvent: {}
[5.750112] (-) TimerEvent: {}
[5.851713] (-) TimerEvent: {}
[5.954175] (-) TimerEvent: {}
[5.991936] (rt_ros2) StdoutLine: {'line': b'-- The C compiler identification is GNU 11.4.0\n'}
[6.030549] (rt_ros2) StdoutLine: {'line': b'-- Detecting C compiler ABI info\n'}
[6.054434] (-) TimerEvent: {}
[6.155803] (-) TimerEvent: {}
[6.256919] (-) TimerEvent: {}
[6.358060] (-) TimerEvent: {}
[6.423325] (rt_ros2) StdoutLine: {'line': b'-- Detecting C compiler ABI info - done\n'}
[6.455882] (rt_ros2) StdoutLine: {'line': b'-- Check for working C compiler: /usr/bin/cc - skipped\n'}
[6.457328] (rt_ros2) StdoutLine: {'line': b'-- Detecting C compile features\n'}
[6.458176] (-) TimerEvent: {}
[6.459436] (rt_ros2) StdoutLine: {'line': b'-- Detecting C compile features - done\n'}
[6.480264] (rt_ros2) StdoutLine: {'line': b'-- QUILL_NO_EXCEPTIONS: OFF\n'}
[6.481379] (rt_ros2) StdoutLine: {'line': b'-- QUILL_FMT_EXTERNAL: OFF\n'}
[6.482246] (rt_ros2) StdoutLine: {'line': b'-- QUILL_NO_THREAD_NAME_SUPPORT: OFF\n'}
[6.558409] (-) TimerEvent: {}
[6.579453] (rt_ros2) StdoutLine: {'line': b'-- Found Protobuf: /usr/lib/aarch64-linux-gnu/libprotobuf.so (found version "3.12.4") \n'}
[6.658621] (-) TimerEvent: {}
[6.759605] (-) TimerEvent: {}
[6.860527] (-) TimerEvent: {}
[6.961468] (-) TimerEvent: {}
[7.062302] (-) TimerEvent: {}
[7.070240] (rt_ros2) StdoutLine: {'line': b'-- Configuring done\n'}
[7.162533] (-) TimerEvent: {}
[7.263409] (-) TimerEvent: {}
[7.295191] (rt_ros2) StdoutLine: {'line': b'-- Generating done\n'}
[7.348648] (rt_ros2) StdoutLine: {'line': b'-- Build files have been written to: /code/brickpi/build/rt_ros2\n'}
[7.363840] (-) TimerEvent: {}
[7.402329] (rt_ros2) CommandEnded: {'returncode': 0}
[7.404562] (rt_ros2) JobProgress: {'identifier': 'rt_ros2', 'progress': 'build'}
[7.407585] (rt_ros2) Command: {'cmd': ['/usr/bin/cmake', '--build', '/code/brickpi/build/rt_ros2', '--', '-j4', '-l4'], 'cwd': '/code/brickpi/build/rt_ros2', 'env': OrderedDict([('LESSOPEN', '| /usr/bin/lesspipe %s'), ('USER', 'ubuntu'), ('SSH_CLIENT', '192.168.10.163 49297 22'), ('XDG_SESSION_TYPE', 'tty'), ('GIT_ASKPASS', '/home/ubuntu/.vscode-server/cli/servers/Stable-034f571df509819cc10b0c8129f66ef77a542f0e/server/extensions/git/dist/askpass.sh'), ('SHLVL', '2'), ('LD_LIBRARY_PATH', '/code/brickpi/install/ev3_sensor_msgs/lib:/code/brickpi/install/brickpi3_motors/lib:/opt/ros/humble/lib/aarch64-linux-gnu:/opt/ros/humble/lib'), ('BROWSER', '/home/ubuntu/.vscode-server/cli/servers/Stable-034f571df509819cc10b0c8129f66ef77a542f0e/server/bin/helpers/browser.sh'), ('MOTD_SHOWN', 'pam'), ('HOME', '/home/ubuntu'), ('OLDPWD', '/code/brickpi'), ('TERM_PROGRAM_VERSION', '1.118.1'), ('VSCODE_IPC_HOOK_CLI', '/run/user/1000/vscode-ipc-f9ee7fc5-d82f-46a4-b6a3-5115d7cd458f.sock'), ('ROS_PYTHON_VERSION', '3'), ('VSCODE_GIT_ASKPASS_MAIN', '/home/ubuntu/.vscode-server/cli/servers/Stable-034f571df509819cc10b0c8129f66ef77a542f0e/server/extensions/git/dist/askpass-main.js'), ('VSCODE_GIT_ASKPASS_NODE', '/home/ubuntu/.vscode-server/cli/servers/Stable-034f571df509819cc10b0c8129f66ef77a542f0e/server/node'), ('VSCODE_PYTHON_AUTOACTIVATE_GUARD', '1'), ('DBUS_SESSION_BUS_ADDRESS', 'unix:path=/run/user/1000/bus'), ('COLORTERM', 'truecolor'), ('COLCON_PREFIX_PATH', '/code/brickpi/install:/code/brickpi/rt_ros2/install'), ('ROS_DISTRO', 'humble'), ('LOGNAME', 'ubuntu'), ('_', '/usr/bin/colcon'), ('ROS_VERSION', '2'), ('XDG_SESSION_CLASS', 'user'), ('TERM', 'xterm-256color'), ('XDG_SESSION_ID', '3'), ('ROS_LOCALHOST_ONLY', '0'), ('BRICKPI3_ROOT_DIR', '/home/ubuntu/BrickPi3'), ('PATH', '/home/ubuntu/.vscode-server/data/User/globalStorage/github.copilot-chat/debugCommand:/home/ubuntu/.vscode-server/data/User/globalStorage/github.copilot-chat/copilotCli:/home/ubuntu/.vscode-server/cli/servers/Stable-034f571df509819cc10b0c8129f66ef77a542f0e/server/bin/remote-cli:/opt/ros/humble/bin:/usr/local/sbin:/usr/local/bin:/usr/sbin:/usr/bin:/sbin:/bin:/usr/games:/usr/local/games:/snap/bin'), ('XDG_RUNTIME_DIR', '/run/user/1000'), ('LANG', 'C.UTF-8'), ('LS_COLORS', 'rs=0:di=01;34:ln=01;36:mh=00:pi=40;33:so=01;35:do=01;35:bd=40;33;01:cd=40;33;01:or=40;31;01:mi=00:su=37;41:sg=30;43:ca=30;41:tw=30;42:ow=34;42:st=37;44:ex=01;32:*.tar=01;31:*.tgz=01;31:*.arc=01;31:*.arj=01;31:*.taz=01;31:*.lha=01;31:*.lz4=01;31:*.lzh=01;31:*.lzma=01;31:*.tlz=01;31:*.txz=01;31:*.tzo=01;31:*.t7z=01;31:*.zip=01;31:*.z=01;31:*.dz=01;31:*.gz=01;31:*.lrz=01;31:*.lz=01;31:*.lzo=01;31:*.xz=01;31:*.zst=01;31:*.tzst=01;31:*.bz2=01;31:*.bz=01;31:*.tbz=01;31:*.tbz2=01;31:*.tz=01;31:*.deb=01;31:*.rpm=01;31:*.jar=01;31:*.war=01;31:*.ear=01;31:*.sar=01;31:*.rar=01;31:*.alz=01;31:*.ace=01;31:*.zoo=01;31:*.cpio=01;31:*.7z=01;31:*.rz=01;31:*.cab=01;31:*.wim=01;31:*.swm=01;31:*.dwm=01;31:*.esd=01;31:*.jpg=01;35:*.jpeg=01;35:*.mjpg=01;35:*.mjpeg=01;35:*.gif=01;35:*.bmp=01;35:*.pbm=01;35:*.pgm=01;35:*.ppm=01;35:*.tga=01;35:*.xbm=01;35:*.xpm=01;35:*.tif=01;35:*.tiff=01;35:*.png=01;35:*.svg=01;35:*.svgz=01;35:*.mng=01;35:*.pcx=01;35:*.mov=01;35:*.mpg=01;35:*.mpeg=01;35:*.m2v=01;35:*.mkv=01;35:*.webm=01;35:*.webp=01;35:*.ogm=01;35:*.mp4=01;35:*.m4v=01;35:*.mp4v=01;35:*.vob=01;35:*.qt=01;35:*.nuv=01;35:*.wmv=01;35:*.asf=01;35:*.rm=01;35:*.rmvb=01;35:*.flc=01;35:*.avi=01;35:*.fli=01;35:*.flv=01;35:*.gl=01;35:*.dl=01;35:*.xcf=01;35:*.xwd=01;35:*.yuv=01;35:*.cgm=01;35:*.emf=01;35:*.ogv=01;35:*.ogx=01;35:*.aac=00;36:*.au=00;36:*.flac=00;36:*.m4a=00;36:*.mid=00;36:*.midi=00;36:*.mka=00;36:*.mp3=00;36:*.mpc=00;36:*.ogg=00;36:*.ra=00;36:*.wav=00;36:*.oga=00;36:*.opus=00;36:*.spx=00;36:*.xspf=00;36:'), ('VSCODE_GIT_IPC_HANDLE', '/run/user/1000/vscode-git-5775093a2d.sock'), ('TERM_PROGRAM', 'vscode'), ('ROS_DOMAIN_ID', '21'), ('AMENT_PREFIX_PATH', '/code/brickpi/install/ev3_sensor_msgs:/code/brickpi/install/brickpi3_sensors:/code/brickpi/install/brickpi3_charlie:/code/brickpi/install/brickpi3_motors:/code/brickpi/rt_ros2/install/rt_ros2:/opt/ros/humble'), ('SHELL', '/bin/bash'), ('LESSCLOSE', '/usr/bin/lesspipe %s %s'), ('VSCODE_GIT_ASKPASS_EXTRA_ARGS', ''), ('PWD', '/code/brickpi/build/rt_ros2'), ('SSH_CONNECTION', '192.168.10.163 49297 192.168.10.2 22'), ('PYTHONPATH', '/code/brickpi/install/ev3_sensor_msgs/local/lib/python3.10/dist-packages:/code/brickpi/build/brickpi3_sensors:/code/brickpi/install/brickpi3_sensors/lib/python3.10/site-packages:/code/brickpi/build/brickpi3_charlie:/code/brickpi/install/brickpi3_charlie/lib/python3.10/site-packages:/opt/ros/humble/lib/python3.10/site-packages:/opt/ros/humble/local/lib/python3.10/dist-packages'), ('COLCON', '1'), ('CMAKE_PREFIX_PATH', '/code/brickpi/install/ev3_sensor_msgs:/code/brickpi/install/brickpi3_motors:/code/brickpi/rt_ros2/install/rt_ros2:/code/brickpi/install/brickpi3_sensors:/code/brickpi/install/brickpi3_charlie:/opt/ros/humble')]), 'shell': False}
[7.463939] (-) TimerEvent: {}
[7.564802] (-) TimerEvent: {}
[7.668981] (-) TimerEvent: {}
[7.676227] (rt_ros2) StdoutLine: {'line': b'[  1%] \x1b[34m\x1b[1mRunning cpp protocol buffer compiler on counter_descriptor.proto\x1b[0m\n'}
[7.690249] (rt_ros2) StdoutLine: {'line': b'[  3%] \x1b[34m\x1b[1mRunning cpp protocol buffer compiler on track_event.proto\x1b[0m\n'}
[7.719004] (rt_ros2) StdoutLine: {'line': b'[  4%] \x1b[32mBuilding CXX object CMakeFiles/nodo_test.dir/test/nodo_test.cpp.o\x1b[0m\n'}
[7.764183] (rt_ros2) StdoutLine: {'line': b'[  6%] \x1b[32mBuilding CXX object vendor/quill/quill/CMakeFiles/quill.dir/src/detail/backend/BackendWorker.cpp.o\x1b[0m\n'}
[7.775931] (-) TimerEvent: {}
[7.839500] (rt_ros2) StdoutLine: {'line': b'[  7%] \x1b[34m\x1b[1mRunning cpp protocol buffer compiler on source_location.proto\x1b[0m\n'}
[7.876174] (-) TimerEvent: {}
[7.893608] (rt_ros2) StdoutLine: {'line': b'[  9%] \x1b[34m\x1b[1mRunning cpp protocol buffer compiler on process_descriptor.proto\x1b[0m\n'}
[7.951150] (rt_ros2) StdoutLine: {'line': b'[ 10%] \x1b[34m\x1b[1mRunning cpp protocol buffer compiler on thread_descriptor.proto\x1b[0m\n'}
[7.976526] (-) TimerEvent: {}
[8.044174] (rt_ros2) StdoutLine: {'line': b'[ 12%] \x1b[34m\x1b[1mRunning cpp protocol buffer compiler on trace.proto\x1b[0m\n'}
[8.076815] (-) TimerEvent: {}
[8.098096] (rt_ros2) StdoutLine: {'line': b'[ 13%] \x1b[34m\x1b[1mRunning cpp protocol buffer compiler on trace_packet.proto\x1b[0m\n'}
[8.177128] (-) TimerEvent: {}
[8.198077] (rt_ros2) StdoutLine: {'line': b'[ 15%] \x1b[34m\x1b[1mRunning cpp protocol buffer compiler on track_descriptor.proto\x1b[0m\n'}
[8.277375] (-) TimerEvent: {}
[8.378302] (-) TimerEvent: {}
[8.479339] (-) TimerEvent: {}
[8.551721] (rt_ros2) StdoutLine: {'line': b'[ 16%] \x1b[32mBuilding CXX object vendor/quill/quill/CMakeFiles/quill.dir/src/detail/backend/BacktraceStorage.cpp.o\x1b[0m\n'}
[8.579615] (-) TimerEvent: {}
[8.663375] (rt_ros2) StdoutLine: {'line': b'[ 18%] \x1b[32mBuilding CXX object vendor/cactus-rt/protos/CMakeFiles/cactus_tracing_embedded_perfetto_protos.dir/trace.pb.cc.o\x1b[0m\n'}
[8.679976] (-) TimerEvent: {}
[8.781252] (-) TimerEvent: {}
[8.883872] (-) TimerEvent: {}
[8.985855] (-) TimerEvent: {}
[9.088988] (-) TimerEvent: {}
[9.190270] (-) TimerEvent: {}
[9.305967] (-) TimerEvent: {}
[9.407159] (-) TimerEvent: {}
[9.509271] (-) TimerEvent: {}
[9.612499] (-) TimerEvent: {}
[9.713834] (-) TimerEvent: {}
[9.814933] (-) TimerEvent: {}
[9.916060] (-) TimerEvent: {}
[10.018246] (-) TimerEvent: {}
[10.121688] (-) TimerEvent: {}
[10.223912] (-) TimerEvent: {}
[10.326061] (-) TimerEvent: {}
[10.428153] (-) TimerEvent: {}
[10.530063] (-) TimerEvent: {}
[10.632240] (-) TimerEvent: {}
[10.734099] (-) TimerEvent: {}
[10.835353] (-) TimerEvent: {}
[10.936662] (-) TimerEvent: {}
[11.037695] (-) TimerEvent: {}
[11.138904] (-) TimerEvent: {}
[11.240147] (-) TimerEvent: {}
[11.341439] (-) TimerEvent: {}
[11.443576] (-) TimerEvent: {}
[11.544885] (-) TimerEvent: {}
[11.647232] (-) TimerEvent: {}
[11.748982] (-) TimerEvent: {}
[11.850226] (-) TimerEvent: {}
[11.951983] (-) TimerEvent: {}
[12.053573] (-) TimerEvent: {}
[12.155007] (-) TimerEvent: {}
[12.256455] (-) TimerEvent: {}
[12.358096] (-) TimerEvent: {}
[12.459423] (-) TimerEvent: {}
[12.560763] (-) TimerEvent: {}
[12.662152] (-) TimerEvent: {}
[12.764819] (-) TimerEvent: {}
[12.866992] (-) TimerEvent: {}
[12.968439] (-) TimerEvent: {}
[13.069876] (-) TimerEvent: {}
[13.171242] (-) TimerEvent: {}
[13.272297] (-) TimerEvent: {}
[13.373529] (-) TimerEvent: {}
[13.476480] (-) TimerEvent: {}
[13.577664] (-) TimerEvent: {}
[13.679002] (-) TimerEvent: {}
[13.780355] (-) TimerEvent: {}
[13.881699] (-) TimerEvent: {}
[13.983003] (-) TimerEvent: {}
[14.084008] (-) TimerEvent: {}
[14.185127] (-) TimerEvent: {}
[14.286418] (-) TimerEvent: {}
[14.400958] (-) TimerEvent: {}
[14.502246] (-) TimerEvent: {}
[14.613037] (-) TimerEvent: {}
[14.714308] (-) TimerEvent: {}
[14.815590] (-) TimerEvent: {}
[14.916969] (-) TimerEvent: {}
[15.018435] (-) TimerEvent: {}
[15.119605] (-) TimerEvent: {}
[15.221072] (-) TimerEvent: {}
[15.322129] (-) TimerEvent: {}
[15.423415] (-) TimerEvent: {}
[15.525824] (-) TimerEvent: {}
[15.628009] (-) TimerEvent: {}
[15.730523] (-) TimerEvent: {}
[15.832866] (-) TimerEvent: {}
[15.935350] (-) TimerEvent: {}
[16.037545] (-) TimerEvent: {}
[16.144086] (-) TimerEvent: {}
[16.245419] (-) TimerEvent: {}
[16.348462] (-) TimerEvent: {}
[16.450988] (-) TimerEvent: {}
[16.553367] (-) TimerEvent: {}
[16.655668] (-) TimerEvent: {}
[16.761630] (-) TimerEvent: {}
[16.862841] (-) TimerEvent: {}
[16.964108] (-) TimerEvent: {}
[17.065434] (-) TimerEvent: {}
[17.166848] (-) TimerEvent: {}
[17.269466] (-) TimerEvent: {}
[17.371919] (-) TimerEvent: {}
[17.473846] (-) TimerEvent: {}
[17.575962] (-) TimerEvent: {}
[17.678158] (-) TimerEvent: {}
[17.780267] (-) TimerEvent: {}
[17.882565] (-) TimerEvent: {}
[17.984666] (-) TimerEvent: {}
[18.087004] (-) TimerEvent: {}
[18.189169] (-) TimerEvent: {}
[18.291296] (-) TimerEvent: {}
[18.392421] (-) TimerEvent: {}
[18.493645] (-) TimerEvent: {}
[18.594915] (-) TimerEvent: {}
[18.696089] (-) TimerEvent: {}
[18.797229] (-) TimerEvent: {}
[18.898420] (-) TimerEvent: {}
[19.000704] (-) TimerEvent: {}
[19.102851] (-) TimerEvent: {}
[19.204858] (-) TimerEvent: {}
[19.306961] (-) TimerEvent: {}
[19.407998] (-) TimerEvent: {}
[19.509000] (-) TimerEvent: {}
[19.610014] (-) TimerEvent: {}
[19.712006] (-) TimerEvent: {}
[19.814134] (-) TimerEvent: {}
[19.916693] (-) TimerEvent: {}
[20.019353] (-) TimerEvent: {}
[20.121855] (-) TimerEvent: {}
[20.223834] (-) TimerEvent: {}
[20.325900] (-) TimerEvent: {}
[20.426891] (-) TimerEvent: {}
[20.504138] (rt_ros2) StdoutLine: {'line': b'[ 20%] \x1b[32mBuilding CXX object vendor/cactus-rt/protos/CMakeFiles/cactus_tracing_embedded_perfetto_protos.dir/trace_packet.pb.cc.o\x1b[0m\n'}
[20.527160] (-) TimerEvent: {}
[20.629312] (-) TimerEvent: {}
[20.731355] (-) TimerEvent: {}
[20.833512] (-) TimerEvent: {}
[20.935336] (-) TimerEvent: {}
[21.037340] (-) TimerEvent: {}
[21.139208] (-) TimerEvent: {}
[21.241285] (-) TimerEvent: {}
[21.343221] (-) TimerEvent: {}
[21.445394] (-) TimerEvent: {}
[21.547573] (-) TimerEvent: {}
[21.649980] (-) TimerEvent: {}
[21.752048] (-) TimerEvent: {}
[21.854008] (-) TimerEvent: {}
[21.955073] (-) TimerEvent: {}
[22.056130] (-) TimerEvent: {}
[22.157355] (-) TimerEvent: {}
[22.258445] (-) TimerEvent: {}
[22.359849] (-) TimerEvent: {}
[22.461938] (-) TimerEvent: {}
[22.564019] (-) TimerEvent: {}
[22.666186] (-) TimerEvent: {}
[22.768555] (-) TimerEvent: {}
[22.870832] (-) TimerEvent: {}
[22.972867] (-) TimerEvent: {}
[23.074913] (-) TimerEvent: {}
[23.177428] (-) TimerEvent: {}
[23.279444] (-) TimerEvent: {}
[23.380711] (-) TimerEvent: {}
[23.482965] (-) TimerEvent: {}
[23.584068] (-) TimerEvent: {}
[23.686122] (-) TimerEvent: {}
[23.788274] (-) TimerEvent: {}
[23.890358] (-) TimerEvent: {}
[23.992517] (-) TimerEvent: {}
[24.094681] (-) TimerEvent: {}
[24.197284] (-) TimerEvent: {}
[24.299338] (-) TimerEvent: {}
[24.401568] (-) TimerEvent: {}
[24.502645] (-) TimerEvent: {}
[24.603829] (-) TimerEvent: {}
[24.705940] (-) TimerEvent: {}
[24.807954] (-) TimerEvent: {}
[24.910103] (-) TimerEvent: {}
[24.923388] (rt_ros2) StdoutLine: {'line': b'[ 21%] \x1b[32mBuilding CXX object vendor/quill/quill/CMakeFiles/quill.dir/src/detail/backend/TimestampFormatter.cpp.o\x1b[0m\n'}
[25.011976] (-) TimerEvent: {}
[25.115213] (-) TimerEvent: {}
[25.217324] (-) TimerEvent: {}
[25.318499] (-) TimerEvent: {}
[25.419700] (-) TimerEvent: {}
[25.521714] (-) TimerEvent: {}
[25.624003] (-) TimerEvent: {}
[25.726152] (-) TimerEvent: {}
[25.828269] (-) TimerEvent: {}
[25.931064] (-) TimerEvent: {}
[26.033239] (-) TimerEvent: {}
[26.135365] (-) TimerEvent: {}
[26.237239] (-) TimerEvent: {}
[26.338322] (-) TimerEvent: {}
[26.439518] (-) TimerEvent: {}
[26.541612] (-) TimerEvent: {}
[26.642689] (-) TimerEvent: {}
[26.743963] (-) TimerEvent: {}
[26.845252] (-) TimerEvent: {}
[26.946310] (-) TimerEvent: {}
[27.047639] (-) TimerEvent: {}
[27.148844] (-) TimerEvent: {}
[27.250901] (-) TimerEvent: {}
[27.352910] (-) TimerEvent: {}
[27.454971] (-) TimerEvent: {}
[27.557346] (-) TimerEvent: {}
[27.659343] (-) TimerEvent: {}
[27.761315] (-) TimerEvent: {}
[27.863372] (-) TimerEvent: {}
[27.965476] (-) TimerEvent: {}
[28.030144] (rt_ros2) StdoutLine: {'line': b'[ 23%] \x1b[32mBuilding CXX object vendor/quill/quill/CMakeFiles/quill.dir/src/detail/backend/StringFromTime.cpp.o\x1b[0m\n'}
[28.065874] (-) TimerEvent: {}
[28.167892] (-) TimerEvent: {}
[28.272980] (-) TimerEvent: {}
[28.374286] (-) TimerEvent: {}
[28.475536] (-) TimerEvent: {}
[28.576632] (-) TimerEvent: {}
[28.677944] (-) TimerEvent: {}
[28.779327] (-) TimerEvent: {}
[28.880715] (-) TimerEvent: {}
[28.982189] (-) TimerEvent: {}
[29.084447] (-) TimerEvent: {}
[29.186596] (-) TimerEvent: {}
[29.288873] (-) TimerEvent: {}
[29.390105] (-) TimerEvent: {}
[29.492282] (-) TimerEvent: {}
[29.594583] (-) TimerEvent: {}
[29.696698] (-) TimerEvent: {}
[29.798920] (-) TimerEvent: {}
[29.900963] (-) TimerEvent: {}
[30.003236] (-) TimerEvent: {}
[30.104667] (-) TimerEvent: {}
[30.205794] (-) TimerEvent: {}
[30.306967] (-) TimerEvent: {}
[30.407994] (-) TimerEvent: {}
[30.509344] (-) TimerEvent: {}
[30.610495] (-) TimerEvent: {}
[30.711683] (-) TimerEvent: {}
[30.812996] (-) TimerEvent: {}
[30.914234] (-) TimerEvent: {}
[31.015374] (-) TimerEvent: {}
[31.116685] (-) TimerEvent: {}
[31.218140] (-) TimerEvent: {}
[31.319580] (-) TimerEvent: {}
[31.420965] (-) TimerEvent: {}
[31.522149] (-) TimerEvent: {}
[31.623313] (-) TimerEvent: {}
[31.724494] (-) TimerEvent: {}
[31.825901] (-) TimerEvent: {}
[31.927107] (-) TimerEvent: {}
[32.028278] (-) TimerEvent: {}
[32.129571] (-) TimerEvent: {}
[32.231786] (-) TimerEvent: {}
[32.334052] (-) TimerEvent: {}
[32.436692] (-) TimerEvent: {}
[32.538014] (-) TimerEvent: {}
[32.639379] (-) TimerEvent: {}
[32.740625] (-) TimerEvent: {}
[32.841913] (-) TimerEvent: {}
[32.943204] (-) TimerEvent: {}
[33.044282] (-) TimerEvent: {}
[33.146988] (-) TimerEvent: {}
[33.249207] (-) TimerEvent: {}
[33.354016] (-) TimerEvent: {}
[33.455075] (-) TimerEvent: {}
[33.556108] (-) TimerEvent: {}
[33.658414] (-) TimerEvent: {}
[33.668823] (rt_ros2) StdoutLine: {'line': b'[ 24%] \x1b[32mBuilding CXX object vendor/cactus-rt/protos/CMakeFiles/cactus_tracing_embedded_perfetto_protos.dir/track_descriptor.pb.cc.o\x1b[0m\n'}
[33.758812] (-) TimerEvent: {}
[33.863777] (-) TimerEvent: {}
[33.966027] (-) TimerEvent: {}
[34.067981] (-) TimerEvent: {}
[34.170662] (-) TimerEvent: {}
[34.272818] (-) TimerEvent: {}
[34.374851] (-) TimerEvent: {}
[34.476841] (-) TimerEvent: {}
[34.578865] (-) TimerEvent: {}
[34.680883] (-) TimerEvent: {}
[34.782945] (-) TimerEvent: {}
[34.884975] (-) TimerEvent: {}
[34.987088] (-) TimerEvent: {}
[35.089108] (-) TimerEvent: {}
[35.191418] (-) TimerEvent: {}
[35.293817] (-) TimerEvent: {}
[35.395942] (-) TimerEvent: {}
[35.498280] (-) TimerEvent: {}
[35.599475] (-) TimerEvent: {}
[35.701799] (-) TimerEvent: {}
[35.802837] (-) TimerEvent: {}
[35.903965] (-) TimerEvent: {}
[36.004999] (-) TimerEvent: {}
[36.106388] (-) TimerEvent: {}
[36.207591] (-) TimerEvent: {}
[36.308832] (-) TimerEvent: {}
[36.410009] (-) TimerEvent: {}
[36.511139] (-) TimerEvent: {}
[36.612336] (-) TimerEvent: {}
[36.713461] (-) TimerEvent: {}
[36.814526] (-) TimerEvent: {}
[36.916561] (-) TimerEvent: {}
[37.017985] (-) TimerEvent: {}
[37.120332] (-) TimerEvent: {}
[37.222608] (-) TimerEvent: {}
[37.324939] (-) TimerEvent: {}
[37.427126] (-) TimerEvent: {}
[37.515665] (rt_ros2) StdoutLine: {'line': b'[ 26%] \x1b[32mBuilding CXX object vendor/quill/quill/CMakeFiles/quill.dir/src/detail/backend/TransitEventBuffer.cpp.o\x1b[0m\n'}
[37.527376] (-) TimerEvent: {}
[37.628491] (-) TimerEvent: {}
[37.729891] (-) TimerEvent: {}
[37.831310] (-) TimerEvent: {}
[37.932358] (-) TimerEvent: {}
[38.033552] (-) TimerEvent: {}
[38.134622] (-) TimerEvent: {}
[38.236001] (-) TimerEvent: {}
[38.337033] (-) TimerEvent: {}
[38.438172] (-) TimerEvent: {}
[38.539340] (-) TimerEvent: {}
[38.640370] (-) TimerEvent: {}
[38.741462] (-) TimerEvent: {}
[38.842702] (-) TimerEvent: {}
[38.943888] (-) TimerEvent: {}
[39.045000] (-) TimerEvent: {}
[39.146056] (-) TimerEvent: {}
[39.247158] (-) TimerEvent: {}
[39.348335] (-) TimerEvent: {}
[39.449482] (-) TimerEvent: {}
[39.550693] (-) TimerEvent: {}
[39.651805] (-) TimerEvent: {}
[39.752904] (-) TimerEvent: {}
[39.854053] (-) TimerEvent: {}
[39.955249] (-) TimerEvent: {}
[40.056493] (-) TimerEvent: {}
[40.157582] (-) TimerEvent: {}
[40.258913] (-) TimerEvent: {}
[40.360059] (-) TimerEvent: {}
[40.461379] (-) TimerEvent: {}
[40.563005] (-) TimerEvent: {}
[40.664479] (-) TimerEvent: {}
[40.766006] (-) TimerEvent: {}
[40.867789] (-) TimerEvent: {}
[40.969051] (-) TimerEvent: {}
[41.070193] (-) TimerEvent: {}
[41.171187] (-) TimerEvent: {}
[41.272334] (-) TimerEvent: {}
[41.373426] (-) TimerEvent: {}
[41.474636] (-) TimerEvent: {}
[41.576107] (-) TimerEvent: {}
[41.677448] (-) TimerEvent: {}
[41.778646] (-) TimerEvent: {}
[41.880013] (-) TimerEvent: {}
[41.981017] (-) TimerEvent: {}
[42.082080] (-) TimerEvent: {}
[42.183185] (-) TimerEvent: {}
[42.269216] (rt_ros2) StdoutLine: {'line': b'[ 27%] \x1b[32mBuilding CXX object vendor/quill/quill/CMakeFiles/quill.dir/src/detail/misc/FileUtilities.cpp.o\x1b[0m\n'}
[42.283455] (-) TimerEvent: {}
[42.384839] (-) TimerEvent: {}
[42.485989] (-) TimerEvent: {}
[42.600169] (-) TimerEvent: {}
[42.602301] (rt_ros2) StdoutLine: {'line': b'[ 29%] \x1b[32mBuilding CXX object vendor/cactus-rt/protos/CMakeFiles/cactus_tracing_embedded_perfetto_protos.dir/thread_descriptor.pb.cc.o\x1b[0m\n'}
[42.700561] (-) TimerEvent: {}
[42.803637] (-) TimerEvent: {}
[42.905795] (-) TimerEvent: {}
[43.008534] (-) TimerEvent: {}
[43.110658] (-) TimerEvent: {}
[43.212620] (-) TimerEvent: {}
[43.314880] (-) TimerEvent: {}
[43.416816] (-) TimerEvent: {}
[43.517971] (-) TimerEvent: {}
[43.619185] (-) TimerEvent: {}
[43.720483] (-) TimerEvent: {}
[43.821773] (-) TimerEvent: {}
[43.923147] (-) TimerEvent: {}
[44.024503] (-) TimerEvent: {}
[44.125758] (-) TimerEvent: {}
[44.227020] (-) TimerEvent: {}
[44.328386] (-) TimerEvent: {}
[44.429703] (-) TimerEvent: {}
[44.531021] (-) TimerEvent: {}
[44.632217] (-) TimerEvent: {}
[44.733851] (-) TimerEvent: {}
[44.835062] (-) TimerEvent: {}
[44.936482] (-) TimerEvent: {}
[45.037888] (-) TimerEvent: {}
[45.139176] (-) TimerEvent: {}
[45.240601] (-) TimerEvent: {}
[45.342009] (-) TimerEvent: {}
[45.443470] (-) TimerEvent: {}
[45.544992] (-) TimerEvent: {}
[45.646261] (-) TimerEvent: {}
[45.747931] (-) TimerEvent: {}
[45.849235] (-) TimerEvent: {}
[45.950698] (-) TimerEvent: {}
[46.051997] (-) TimerEvent: {}
[46.153408] (-) TimerEvent: {}
[46.254854] (-) TimerEvent: {}
[46.356577] (-) TimerEvent: {}
[46.458004] (-) TimerEvent: {}
[46.559252] (-) TimerEvent: {}
[46.660597] (-) TimerEvent: {}
[46.761936] (-) TimerEvent: {}
[46.863307] (-) TimerEvent: {}
[46.964572] (-) TimerEvent: {}
[47.066193] (-) TimerEvent: {}
[47.168620] (-) TimerEvent: {}
[47.270590] (-) TimerEvent: {}
[47.373388] (-) TimerEvent: {}
[47.475671] (-) TimerEvent: {}
[47.578377] (-) TimerEvent: {}
[47.680785] (-) TimerEvent: {}
[47.784367] (-) TimerEvent: {}
[47.887465] (-) TimerEvent: {}
[47.990061] (-) TimerEvent: {}
[48.092912] (-) TimerEvent: {}
[48.195202] (-) TimerEvent: {}
[48.298139] (-) TimerEvent: {}
[48.400307] (-) TimerEvent: {}
[48.502480] (-) TimerEvent: {}
[48.552156] (rt_ros2) StdoutLine: {'line': b'[ 30%] \x1b[32mBuilding CXX object vendor/cactus-rt/protos/CMakeFiles/cactus_tracing_embedded_perfetto_protos.dir/process_descriptor.pb.cc.o\x1b[0m\n'}
[48.602822] (-) TimerEvent: {}
[48.704133] (-) TimerEvent: {}
[48.805388] (-) TimerEvent: {}
[48.906890] (-) TimerEvent: {}
[49.009099] (-) TimerEvent: {}
[49.111199] (-) TimerEvent: {}
[49.212265] (-) TimerEvent: {}
[49.313399] (-) TimerEvent: {}
[49.414811] (-) TimerEvent: {}
[49.515912] (-) TimerEvent: {}
[49.617135] (-) TimerEvent: {}
[49.718325] (-) TimerEvent: {}
[49.819563] (-) TimerEvent: {}
[49.920904] (-) TimerEvent: {}
[50.022152] (-) TimerEvent: {}
[50.123363] (-) TimerEvent: {}
[50.224616] (-) TimerEvent: {}
[50.325924] (-) TimerEvent: {}
[50.427147] (-) TimerEvent: {}
[50.528349] (-) TimerEvent: {}
[50.629526] (-) TimerEvent: {}
[50.732858] (-) TimerEvent: {}
[50.834094] (-) TimerEvent: {}
[50.887177] (rt_ros2) StdoutLine: {'line': b'[ 32%] \x1b[32mBuilding CXX object vendor/cactus-rt/protos/CMakeFiles/cactus_tracing_embedded_perfetto_protos.dir/counter_descriptor.pb.cc.o\x1b[0m\n'}
[50.934397] (-) TimerEvent: {}
[51.035835] (-) TimerEvent: {}
[51.136939] (-) TimerEvent: {}
[51.238013] (-) TimerEvent: {}
[51.339095] (-) TimerEvent: {}
[51.440244] (-) TimerEvent: {}
[51.541369] (-) TimerEvent: {}
[51.642818] (-) TimerEvent: {}
[51.744020] (-) TimerEvent: {}
[51.845092] (-) TimerEvent: {}
[51.946225] (-) TimerEvent: {}
[52.047350] (-) TimerEvent: {}
[52.148695] (-) TimerEvent: {}
[52.249837] (-) TimerEvent: {}
[52.350921] (-) TimerEvent: {}
[52.451997] (-) TimerEvent: {}
[52.486188] (rt_ros2) StdoutLine: {'line': b'[ 33%] \x1b[32mBuilding CXX object vendor/quill/quill/CMakeFiles/quill.dir/src/detail/misc/Os.cpp.o\x1b[0m\n'}
[52.552281] (-) TimerEvent: {}
[52.653458] (-) TimerEvent: {}
[52.754648] (-) TimerEvent: {}
[52.858973] (-) TimerEvent: {}
[52.962461] (-) TimerEvent: {}
[53.063861] (-) TimerEvent: {}
[53.165032] (-) TimerEvent: {}
[53.266345] (-) TimerEvent: {}
[53.372543] (-) TimerEvent: {}
[53.474609] (-) TimerEvent: {}
[53.575993] (-) TimerEvent: {}
[53.677321] (-) TimerEvent: {}
[53.778579] (-) TimerEvent: {}
[53.880106] (-) TimerEvent: {}
[53.981326] (-) TimerEvent: {}
[54.082832] (-) TimerEvent: {}
[54.184066] (-) TimerEvent: {}
[54.285495] (-) TimerEvent: {}
[54.386935] (-) TimerEvent: {}
[54.487971] (-) TimerEvent: {}
[54.589006] (-) TimerEvent: {}
[54.690510] (-) TimerEvent: {}
[54.791577] (-) TimerEvent: {}
[54.892704] (-) TimerEvent: {}
[54.994103] (-) TimerEvent: {}
[55.096066] (-) TimerEvent: {}
[55.197389] (-) TimerEvent: {}
[55.298772] (-) TimerEvent: {}
[55.399962] (-) TimerEvent: {}
[55.501139] (-) TimerEvent: {}
[55.602334] (-) TimerEvent: {}
[55.703720] (-) TimerEvent: {}
[55.805001] (-) TimerEvent: {}
[55.906035] (-) TimerEvent: {}
[56.007304] (-) TimerEvent: {}
[56.108606] (-) TimerEvent: {}
[56.209846] (-) TimerEvent: {}
[56.310928] (-) TimerEvent: {}
[56.412217] (-) TimerEvent: {}
[56.513470] (-) TimerEvent: {}
[56.614832] (-) TimerEvent: {}
[56.716155] (-) TimerEvent: {}
[56.817713] (-) TimerEvent: {}
[56.886109] (rt_ros2) StdoutLine: {'line': b'[ 35%] \x1b[32mBuilding CXX object vendor/cactus-rt/protos/CMakeFiles/cactus_tracing_embedded_perfetto_protos.dir/track_event.pb.cc.o\x1b[0m\n'}
[56.920974] (-) TimerEvent: {}
[57.022055] (-) TimerEvent: {}
[57.123888] (-) TimerEvent: {}
[57.225429] (-) TimerEvent: {}
[57.327171] (-) TimerEvent: {}
[57.429044] (-) TimerEvent: {}
[57.530900] (-) TimerEvent: {}
[57.632842] (-) TimerEvent: {}
[57.734697] (-) TimerEvent: {}
[57.836824] (-) TimerEvent: {}
[57.939032] (-) TimerEvent: {}
[58.041215] (-) TimerEvent: {}
[58.143355] (-) TimerEvent: {}
[58.245567] (-) TimerEvent: {}
[58.346953] (-) TimerEvent: {}
[58.448086] (-) TimerEvent: {}
[58.549245] (-) TimerEvent: {}
[58.650460] (-) TimerEvent: {}
[58.751792] (-) TimerEvent: {}
[58.853079] (-) TimerEvent: {}
[58.953379] (rt_ros2) StdoutLine: {'line': b'[ 36%] \x1b[32mBuilding CXX object vendor/cactus-rt/protos/CMakeFiles/cactus_tracing_embedded_perfetto_protos.dir/source_location.pb.cc.o\x1b[0m\n'}
[58.954613] (-) TimerEvent: {}
[59.057187] (-) TimerEvent: {}
[59.159457] (-) TimerEvent: {}
[59.261430] (-) TimerEvent: {}
[59.363488] (-) TimerEvent: {}
[59.465941] (-) TimerEvent: {}
[59.568019] (-) TimerEvent: {}
[59.670524] (-) TimerEvent: {}
[59.772944] (-) TimerEvent: {}
[59.875666] (-) TimerEvent: {}
[59.977840] (-) TimerEvent: {}
[60.080130] (-) TimerEvent: {}
[60.181275] (-) TimerEvent: {}
[60.282517] (-) TimerEvent: {}
[60.384094] (-) TimerEvent: {}
[60.486226] (-) TimerEvent: {}
[60.588642] (-) TimerEvent: {}
[60.690634] (-) TimerEvent: {}
[60.791948] (-) TimerEvent: {}
[60.893307] (-) TimerEvent: {}
[60.994610] (-) TimerEvent: {}
[61.095688] (-) TimerEvent: {}
[61.197012] (-) TimerEvent: {}
[61.298236] (-) TimerEvent: {}
[61.399500] (-) TimerEvent: {}
[61.501128] (-) TimerEvent: {}
[61.602355] (-) TimerEvent: {}
[61.703538] (-) TimerEvent: {}
[61.808117] (-) TimerEvent: {}
[61.914054] (-) TimerEvent: {}
[62.016032] (-) TimerEvent: {}
[62.118202] (-) TimerEvent: {}
[62.220218] (-) TimerEvent: {}
[62.322386] (-) TimerEvent: {}
[62.425372] (-) TimerEvent: {}
[62.526845] (-) TimerEvent: {}
[62.557653] (rt_ros2) StdoutLine: {'line': b'[ 38%] \x1b[32mBuilding CXX object vendor/quill/quill/CMakeFiles/quill.dir/src/detail/misc/RdtscClock.cpp.o\x1b[0m\n'}
[62.626993] (-) TimerEvent: {}
[62.728036] (-) TimerEvent: {}
[62.829252] (-) TimerEvent: {}
[62.930422] (-) TimerEvent: {}
[63.031564] (-) TimerEvent: {}
[63.132883] (-) TimerEvent: {}
[63.234176] (-) TimerEvent: {}
[63.338008] (-) TimerEvent: {}
[63.439281] (-) TimerEvent: {}
[63.540600] (-) TimerEvent: {}
[63.641967] (-) TimerEvent: {}
[63.743188] (-) TimerEvent: {}
[63.844371] (-) TimerEvent: {}
[63.945635] (-) TimerEvent: {}
[64.046916] (-) TimerEvent: {}
[64.148443] (-) TimerEvent: {}
[64.249721] (-) TimerEvent: {}
[64.350976] (-) TimerEvent: {}
[64.452240] (-) TimerEvent: {}
[64.553451] (-) TimerEvent: {}
[64.654701] (-) TimerEvent: {}
[64.756042] (-) TimerEvent: {}
[64.857445] (-) TimerEvent: {}
[64.958834] (-) TimerEvent: {}
[65.059968] (-) TimerEvent: {}
[65.161195] (-) TimerEvent: {}
[65.262373] (-) TimerEvent: {}
[65.363657] (-) TimerEvent: {}
[65.465053] (-) TimerEvent: {}
[65.566406] (-) TimerEvent: {}
[65.667699] (-) TimerEvent: {}
[65.768946] (-) TimerEvent: {}
[65.870172] (-) TimerEvent: {}
[65.971460] (-) TimerEvent: {}
[66.072797] (-) TimerEvent: {}
[66.173972] (-) TimerEvent: {}
[66.275358] (-) TimerEvent: {}
[66.376825] (-) TimerEvent: {}
[66.478320] (-) TimerEvent: {}
[66.579694] (-) TimerEvent: {}
[66.681176] (-) TimerEvent: {}
[66.782394] (-) TimerEvent: {}
[66.886015] (-) TimerEvent: {}
[66.987255] (-) TimerEvent: {}
[67.088435] (-) TimerEvent: {}
[67.189611] (-) TimerEvent: {}
[67.237253] (rt_ros2) StdoutLine: {'line': b'[ 40%] \x1b[32mBuilding CXX object vendor/quill/quill/CMakeFiles/quill.dir/src/detail/misc/Utilities.cpp.o\x1b[0m\n'}
[67.289923] (-) TimerEvent: {}
[67.391044] (-) TimerEvent: {}
[67.492258] (-) TimerEvent: {}
[67.593403] (-) TimerEvent: {}
[67.694606] (-) TimerEvent: {}
[67.703538] (rt_ros2) StdoutLine: {'line': b'[ 41%] \x1b[32m\x1b[1mLinking CXX static library libcactus_tracing_embedded_perfetto_protos.a\x1b[0m\n'}
[67.794995] (-) TimerEvent: {}
[67.896203] (-) TimerEvent: {}
[67.997549] (-) TimerEvent: {}
[68.099240] (-) TimerEvent: {}
[68.107547] (rt_ros2) StdoutLine: {'line': b'[ 41%] Built target cactus_tracing_embedded_perfetto_protos\n'}
[68.199137] (-) TimerEvent: {}
[68.300487] (-) TimerEvent: {}
[68.401946] (-) TimerEvent: {}
[68.504575] (-) TimerEvent: {}
[68.606970] (-) TimerEvent: {}
[68.709719] (-) TimerEvent: {}
[68.812038] (-) TimerEvent: {}
[68.914135] (-) TimerEvent: {}
[69.033685] (-) TimerEvent: {}
[69.135023] (-) TimerEvent: {}
[69.171909] (rt_ros2) StdoutLine: {'line': b'[ 43%] \x1b[32mBuilding CXX object vendor/quill/quill/CMakeFiles/quill.dir/src/detail/HandlerCollection.cpp.o\x1b[0m\n'}
[69.235300] (-) TimerEvent: {}
[69.337497] (-) TimerEvent: {}
[69.439511] (-) TimerEvent: {}
[69.541639] (-) TimerEvent: {}
[69.643690] (-) TimerEvent: {}
[69.745625] (-) TimerEvent: {}
[69.847572] (-) TimerEvent: {}
[69.949977] (-) TimerEvent: {}
[70.051962] (-) TimerEvent: {}
[70.154093] (-) TimerEvent: {}
[70.256451] (-) TimerEvent: {}
[70.358636] (-) TimerEvent: {}
[70.461183] (-) TimerEvent: {}
[70.563299] (-) TimerEvent: {}
[70.665542] (-) TimerEvent: {}
[70.767706] (-) TimerEvent: {}
[70.870321] (-) TimerEvent: {}
[70.972949] (-) TimerEvent: {}
[71.075304] (-) TimerEvent: {}
[71.177912] (-) TimerEvent: {}
[71.279003] (-) TimerEvent: {}
[71.380059] (-) TimerEvent: {}
[71.481335] (-) TimerEvent: {}
[71.582413] (-) TimerEvent: {}
[71.683527] (-) TimerEvent: {}
[71.784891] (-) TimerEvent: {}
[71.886072] (-) TimerEvent: {}
[71.987168] (-) TimerEvent: {}
[72.088985] (-) TimerEvent: {}
[72.190997] (-) TimerEvent: {}
[72.293504] (-) TimerEvent: {}
[72.395710] (-) TimerEvent: {}
[72.496846] (-) TimerEvent: {}
[72.598503] (-) TimerEvent: {}
[72.701259] (-) TimerEvent: {}
[72.804147] (-) TimerEvent: {}
[72.906531] (-) TimerEvent: {}
[73.008878] (-) TimerEvent: {}
[73.111317] (-) TimerEvent: {}
[73.214075] (-) TimerEvent: {}
[73.315376] (-) TimerEvent: {}
[73.416981] (-) TimerEvent: {}
[73.518238] (-) TimerEvent: {}
[73.619476] (-) TimerEvent: {}
[73.720840] (-) TimerEvent: {}
[73.822030] (-) TimerEvent: {}
[73.923450] (-) TimerEvent: {}
[74.024920] (-) TimerEvent: {}
[74.127012] (-) TimerEvent: {}
[74.229502] (-) TimerEvent: {}
[74.331854] (-) TimerEvent: {}
[74.433947] (-) TimerEvent: {}
[74.536029] (-) TimerEvent: {}
[74.638252] (-) TimerEvent: {}
[74.741052] (-) TimerEvent: {}
[74.843578] (-) TimerEvent: {}
[74.945874] (-) TimerEvent: {}
[75.048320] (-) TimerEvent: {}
[75.150531] (-) TimerEvent: {}
[75.253060] (-) TimerEvent: {}
[75.355186] (-) TimerEvent: {}
[75.457473] (-) TimerEvent: {}
[75.559687] (-) TimerEvent: {}
[75.662019] (-) TimerEvent: {}
[75.764181] (-) TimerEvent: {}
[75.866475] (-) TimerEvent: {}
[75.968920] (-) TimerEvent: {}
[76.070983] (-) TimerEvent: {}
[76.173226] (-) TimerEvent: {}
[76.275113] (-) TimerEvent: {}
[76.376954] (-) TimerEvent: {}
[76.478847] (-) TimerEvent: {}
[76.580629] (-) TimerEvent: {}
[76.682587] (-) TimerEvent: {}
[76.784414] (-) TimerEvent: {}
[76.885576] (-) TimerEvent: {}
[76.986669] (-) TimerEvent: {}
[77.087758] (-) TimerEvent: {}
[77.188634] (-) TimerEvent: {}
[77.289566] (-) TimerEvent: {}
[77.390545] (-) TimerEvent: {}
[77.491477] (-) TimerEvent: {}
[77.592450] (-) TimerEvent: {}
[77.693549] (-) TimerEvent: {}
[77.794612] (-) TimerEvent: {}
[77.895610] (-) TimerEvent: {}
[77.996599] (-) TimerEvent: {}
[78.097571] (-) TimerEvent: {}
[78.198538] (-) TimerEvent: {}
[78.299565] (-) TimerEvent: {}
[78.400524] (-) TimerEvent: {}
[78.501499] (-) TimerEvent: {}
[78.602468] (-) TimerEvent: {}
[78.703441] (-) TimerEvent: {}
[78.804414] (-) TimerEvent: {}
[78.905361] (-) TimerEvent: {}
[79.006349] (-) TimerEvent: {}
[79.107328] (-) TimerEvent: {}
[79.208249] (-) TimerEvent: {}
[79.309211] (-) TimerEvent: {}
[79.410196] (-) TimerEvent: {}
[79.511204] (-) TimerEvent: {}
[79.612197] (-) TimerEvent: {}
[79.713224] (-) TimerEvent: {}
[79.814314] (-) TimerEvent: {}
[79.915430] (-) TimerEvent: {}
[80.016452] (-) TimerEvent: {}
[80.117503] (-) TimerEvent: {}
[80.218635] (-) TimerEvent: {}
[80.319767] (-) TimerEvent: {}
[80.420672] (-) TimerEvent: {}
[80.521622] (-) TimerEvent: {}
[80.622634] (-) TimerEvent: {}
[80.700161] (rt_ros2) StdoutLine: {'line': b'[ 44%] \x1b[32mBuilding CXX object vendor/quill/quill/CMakeFiles/quill.dir/src/detail/SignalHandler.cpp.o\x1b[0m\n'}
[80.722913] (-) TimerEvent: {}
[80.823963] (-) TimerEvent: {}
[80.924934] (-) TimerEvent: {}
[81.025983] (-) TimerEvent: {}
[81.127642] (-) TimerEvent: {}
[81.261366] (-) TimerEvent: {}
[81.363143] (-) TimerEvent: {}
[81.464130] (-) TimerEvent: {}
[81.565162] (-) TimerEvent: {}
[81.666520] (-) TimerEvent: {}
[81.767875] (-) TimerEvent: {}
[81.869160] (-) TimerEvent: {}
[81.970273] (-) TimerEvent: {}
[82.071278] (-) TimerEvent: {}
[82.172364] (-) TimerEvent: {}
[82.273336] (-) TimerEvent: {}
[82.374459] (-) TimerEvent: {}
[82.475421] (-) TimerEvent: {}
[82.576460] (-) TimerEvent: {}
[82.677446] (-) TimerEvent: {}
[82.778565] (-) TimerEvent: {}
[82.879591] (-) TimerEvent: {}
[82.980581] (-) TimerEvent: {}
[83.081581] (-) TimerEvent: {}
[83.182821] (-) TimerEvent: {}
[83.283847] (-) TimerEvent: {}
[83.384930] (-) TimerEvent: {}
[83.485943] (-) TimerEvent: {}
[83.587014] (-) TimerEvent: {}
[83.688089] (-) TimerEvent: {}
[83.789289] (-) TimerEvent: {}
[83.890388] (-) TimerEvent: {}
[83.991463] (-) TimerEvent: {}
[84.092559] (-) TimerEvent: {}
[84.193689] (-) TimerEvent: {}
[84.294835] (-) TimerEvent: {}
[84.395948] (-) TimerEvent: {}
[84.496940] (-) TimerEvent: {}
[84.598864] (-) TimerEvent: {}
[84.699881] (-) TimerEvent: {}
[84.801645] (-) TimerEvent: {}
[84.902896] (-) TimerEvent: {}
[85.004326] (-) TimerEvent: {}
[85.105666] (-) TimerEvent: {}
[85.207263] (-) TimerEvent: {}
[85.308425] (-) TimerEvent: {}
[85.409950] (-) TimerEvent: {}
[85.510911] (-) TimerEvent: {}
[85.612117] (-) TimerEvent: {}
[85.713140] (-) TimerEvent: {}
[85.755369] (rt_ros2) StdoutLine: {'line': b'[ 46%] \x1b[32mBuilding CXX object vendor/quill/quill/CMakeFiles/quill.dir/src/handlers/ConsoleHandler.cpp.o\x1b[0m\n'}
[85.813401] (-) TimerEvent: {}
[85.915706] (-) TimerEvent: {}
[86.017894] (-) TimerEvent: {}
[86.119953] (-) TimerEvent: {}
[86.221954] (-) TimerEvent: {}
[86.324150] (-) TimerEvent: {}
[86.426070] (-) TimerEvent: {}
[86.528289] (-) TimerEvent: {}
[86.630398] (-) TimerEvent: {}
[86.732505] (-) TimerEvent: {}
[86.834945] (-) TimerEvent: {}
[86.936022] (-) TimerEvent: {}
[87.037245] (-) TimerEvent: {}
[87.138476] (-) TimerEvent: {}
[87.239827] (-) TimerEvent: {}
[87.340995] (-) TimerEvent: {}
[87.442159] (-) TimerEvent: {}
[87.543310] (-) TimerEvent: {}
[87.644771] (-) TimerEvent: {}
[87.745948] (-) TimerEvent: {}
[87.820483] (rt_ros2) StdoutLine: {'line': b'[ 47%] \x1b[32mBuilding CXX object vendor/quill/quill/CMakeFiles/quill.dir/src/detail/LoggerCollection.cpp.o\x1b[0m\n'}
[87.846958] (-) TimerEvent: {}
[87.949470] (-) TimerEvent: {}
[88.052416] (-) TimerEvent: {}
[88.155030] (-) TimerEvent: {}
[88.256197] (-) TimerEvent: {}
[88.357269] (-) TimerEvent: {}
[88.458528] (-) TimerEvent: {}
[88.559795] (-) TimerEvent: {}
[88.661091] (-) TimerEvent: {}
[88.762356] (-) TimerEvent: {}
[88.863578] (-) TimerEvent: {}
[88.964786] (-) TimerEvent: {}
[89.066074] (-) TimerEvent: {}
[89.167409] (-) TimerEvent: {}
[89.269009] (-) TimerEvent: {}
[89.370467] (-) TimerEvent: {}
[89.471931] (-) TimerEvent: {}
[89.573333] (-) TimerEvent: {}
[89.674560] (-) TimerEvent: {}
[89.775869] (-) TimerEvent: {}
[89.876952] (-) TimerEvent: {}
[89.978000] (-) TimerEvent: {}
[90.079038] (-) TimerEvent: {}
[90.180139] (-) TimerEvent: {}
[90.281363] (-) TimerEvent: {}
[90.382511] (-) TimerEvent: {}
[90.483816] (-) TimerEvent: {}
[90.584996] (-) TimerEvent: {}
[90.686053] (-) TimerEvent: {}
[90.787292] (-) TimerEvent: {}
[90.888708] (-) TimerEvent: {}
[90.990125] (-) TimerEvent: {}
[91.091927] (-) TimerEvent: {}
[91.193160] (-) TimerEvent: {}
[91.294596] (-) TimerEvent: {}
[91.395949] (-) TimerEvent: {}
[91.498048] (-) TimerEvent: {}
[91.599444] (-) TimerEvent: {}
[91.701107] (-) TimerEvent: {}
[91.802370] (-) TimerEvent: {}
[91.903619] (-) TimerEvent: {}
[92.005001] (-) TimerEvent: {}
[92.108533] (-) TimerEvent: {}
[92.209811] (-) TimerEvent: {}
[92.310916] (-) TimerEvent: {}
[92.412045] (-) TimerEvent: {}
[92.513165] (-) TimerEvent: {}
[92.614252] (-) TimerEvent: {}
[92.715453] (-) TimerEvent: {}
[92.819202] (-) TimerEvent: {}
[92.920580] (-) TimerEvent: {}
[93.034517] (-) TimerEvent: {}
[93.135971] (-) TimerEvent: {}
[93.237117] (-) TimerEvent: {}
[93.338249] (-) TimerEvent: {}
[93.439353] (-) TimerEvent: {}
[93.541447] (-) TimerEvent: {}
[93.642699] (-) TimerEvent: {}
[93.744013] (-) TimerEvent: {}
[93.845309] (-) TimerEvent: {}
[93.946535] (-) TimerEvent: {}
[94.047835] (-) TimerEvent: {}
[94.148914] (-) TimerEvent: {}
[94.250064] (-) TimerEvent: {}
[94.351502] (-) TimerEvent: {}
[94.452942] (-) TimerEvent: {}
[94.554191] (-) TimerEvent: {}
[94.655352] (-) TimerEvent: {}
[94.756412] (-) TimerEvent: {}
[94.857555] (-) TimerEvent: {}
[94.958998] (-) TimerEvent: {}
[95.060487] (-) TimerEvent: {}
[95.161938] (-) TimerEvent: {}
[95.263171] (-) TimerEvent: {}
[95.364627] (-) TimerEvent: {}
[95.466366] (-) TimerEvent: {}
[95.568059] (-) TimerEvent: {}
[95.669580] (-) TimerEvent: {}
[95.770902] (-) TimerEvent: {}
[95.872149] (-) TimerEvent: {}
[95.973511] (-) TimerEvent: {}
[96.075035] (-) TimerEvent: {}
[96.176480] (-) TimerEvent: {}
[96.277876] (-) TimerEvent: {}
[96.379259] (-) TimerEvent: {}
[96.480474] (-) TimerEvent: {}
[96.581932] (-) TimerEvent: {}
[96.683308] (-) TimerEvent: {}
[96.785494] (-) TimerEvent: {}
[96.886507] (-) TimerEvent: {}
[96.987644] (-) TimerEvent: {}
[97.088686] (-) TimerEvent: {}
[97.189705] (-) TimerEvent: {}
[97.290699] (-) TimerEvent: {}
[97.391667] (-) TimerEvent: {}
[97.492805] (-) TimerEvent: {}
[97.593819] (-) TimerEvent: {}
[97.694781] (-) TimerEvent: {}
[97.795819] (-) TimerEvent: {}
[97.896846] (-) TimerEvent: {}
[97.997925] (-) TimerEvent: {}
[98.099047] (-) TimerEvent: {}
[98.200306] (-) TimerEvent: {}
[98.301451] (-) TimerEvent: {}
[98.402499] (-) TimerEvent: {}
[98.503646] (-) TimerEvent: {}
[98.604553] (-) TimerEvent: {}
[98.705582] (-) TimerEvent: {}
[98.806536] (-) TimerEvent: {}
[98.907602] (-) TimerEvent: {}
[99.008553] (-) TimerEvent: {}
[99.109651] (-) TimerEvent: {}
[99.210651] (-) TimerEvent: {}
[99.311852] (-) TimerEvent: {}
[99.412715] (-) TimerEvent: {}
[99.513814] (-) TimerEvent: {}
[99.614876] (-) TimerEvent: {}
[99.715962] (-) TimerEvent: {}
[99.816884] (-) TimerEvent: {}
[99.917880] (-) TimerEvent: {}
[100.018925] (-) TimerEvent: {}
[100.119910] (-) TimerEvent: {}
[100.220814] (-) TimerEvent: {}
[100.321766] (-) TimerEvent: {}
[100.422655] (-) TimerEvent: {}
[100.523819] (-) TimerEvent: {}
[100.624866] (-) TimerEvent: {}
[100.725914] (-) TimerEvent: {}
[100.826977] (-) TimerEvent: {}
[100.927965] (-) TimerEvent: {}
[101.028973] (-) TimerEvent: {}
[101.130190] (-) TimerEvent: {}
[101.231263] (-) TimerEvent: {}
[101.332573] (-) TimerEvent: {}
[101.433920] (-) TimerEvent: {}
[101.535104] (-) TimerEvent: {}
[101.636230] (-) TimerEvent: {}
[101.737269] (-) TimerEvent: {}
[101.838494] (-) TimerEvent: {}
[101.939808] (-) TimerEvent: {}
[102.002354] (rt_ros2) StdoutLine: {'line': b'[ 49%] \x1b[32mBuilding CXX object vendor/quill/quill/CMakeFiles/quill.dir/src/handlers/Handler.cpp.o\x1b[0m\n'}
[102.040034] (-) TimerEvent: {}
[102.141963] (-) TimerEvent: {}
[102.243689] (-) TimerEvent: {}
[102.344845] (-) TimerEvent: {}
[102.445835] (-) TimerEvent: {}
[102.546916] (-) TimerEvent: {}
[102.647834] (-) TimerEvent: {}
[102.748921] (-) TimerEvent: {}
[102.849910] (-) TimerEvent: {}
[102.951053] (-) TimerEvent: {}
[103.051989] (-) TimerEvent: {}
[103.152959] (-) TimerEvent: {}
[103.253952] (-) TimerEvent: {}
[103.354955] (-) TimerEvent: {}
[103.455955] (-) TimerEvent: {}
[103.557150] (-) TimerEvent: {}
[103.658197] (-) TimerEvent: {}
[103.759342] (-) TimerEvent: {}
[103.860258] (-) TimerEvent: {}
[103.961238] (-) TimerEvent: {}
[104.062370] (-) TimerEvent: {}
[104.163436] (-) TimerEvent: {}
[104.264481] (-) TimerEvent: {}
[104.365643] (-) TimerEvent: {}
[104.466612] (-) TimerEvent: {}
[104.567716] (-) TimerEvent: {}
[104.668882] (-) TimerEvent: {}
[104.769920] (-) TimerEvent: {}
[104.870900] (-) TimerEvent: {}
[104.971928] (-) TimerEvent: {}
[105.072864] (-) TimerEvent: {}
[105.173798] (-) TimerEvent: {}
[105.274893] (-) TimerEvent: {}
[105.376056] (-) TimerEvent: {}
[105.476962] (-) TimerEvent: {}
[105.577930] (-) TimerEvent: {}
[105.678932] (-) TimerEvent: {}
[105.779928] (-) TimerEvent: {}
[105.880875] (-) TimerEvent: {}
[105.981720] (-) TimerEvent: {}
[106.082710] (-) TimerEvent: {}
[106.183856] (-) TimerEvent: {}
[106.284961] (-) TimerEvent: {}
[106.387398] (-) TimerEvent: {}
[106.488439] (-) TimerEvent: {}
[106.589903] (-) TimerEvent: {}
[106.690932] (-) TimerEvent: {}
[106.792132] (-) TimerEvent: {}
[106.893152] (-) TimerEvent: {}
[106.994362] (-) TimerEvent: {}
[107.095343] (-) TimerEvent: {}
[107.196292] (-) TimerEvent: {}
[107.297300] (-) TimerEvent: {}
[107.398352] (-) TimerEvent: {}
[107.499342] (-) TimerEvent: {}
[107.600356] (-) TimerEvent: {}
[107.701247] (-) TimerEvent: {}
[107.802354] (-) TimerEvent: {}
[107.903373] (-) TimerEvent: {}
[108.004525] (-) TimerEvent: {}
[108.105845] (-) TimerEvent: {}
[108.207334] (-) TimerEvent: {}
[108.308403] (-) TimerEvent: {}
[108.409415] (-) TimerEvent: {}
[108.510390] (-) TimerEvent: {}
[108.611383] (-) TimerEvent: {}
[108.712303] (-) TimerEvent: {}
[108.813309] (-) TimerEvent: {}
[108.914237] (-) TimerEvent: {}
[109.015271] (-) TimerEvent: {}
[109.116276] (-) TimerEvent: {}
[109.217387] (-) TimerEvent: {}
[109.318293] (-) TimerEvent: {}
[109.419271] (-) TimerEvent: {}
[109.520220] (-) TimerEvent: {}
[109.621223] (-) TimerEvent: {}
[109.722263] (-) TimerEvent: {}
[109.823295] (-) TimerEvent: {}
[109.848253] (rt_ros2) StdoutLine: {'line': b'[ 50%] \x1b[32mBuilding CXX object vendor/quill/quill/CMakeFiles/quill.dir/src/handlers/JsonFileHandler.cpp.o\x1b[0m\n'}
[109.923549] (-) TimerEvent: {}
[110.024616] (-) TimerEvent: {}
[110.125796] (-) TimerEvent: {}
[110.227494] (-) TimerEvent: {}
[110.328457] (-) TimerEvent: {}
[110.429577] (-) TimerEvent: {}
[110.530567] (-) TimerEvent: {}
[110.632304] (-) TimerEvent: {}
[110.733343] (-) TimerEvent: {}
[110.834904] (-) TimerEvent: {}
[110.936169] (-) TimerEvent: {}
[111.037477] (-) TimerEvent: {}
[111.138368] (-) TimerEvent: {}
[111.239444] (-) TimerEvent: {}
[111.340896] (-) TimerEvent: {}
[111.441935] (-) TimerEvent: {}
[111.543003] (-) TimerEvent: {}
[111.644128] (-) TimerEvent: {}
[111.745347] (-) TimerEvent: {}
[111.846384] (-) TimerEvent: {}
[111.947593] (-) TimerEvent: {}
[112.048881] (-) TimerEvent: {}
[112.149801] (-) TimerEvent: {}
[112.250810] (-) TimerEvent: {}
[112.351718] (-) TimerEvent: {}
[112.452815] (-) TimerEvent: {}
[112.553948] (-) TimerEvent: {}
[112.654936] (-) TimerEvent: {}
[112.755974] (-) TimerEvent: {}
[112.857208] (-) TimerEvent: {}
[112.958179] (-) TimerEvent: {}
[113.059179] (-) TimerEvent: {}
[113.160273] (-) TimerEvent: {}
[113.261426] (-) TimerEvent: {}
[113.362357] (-) TimerEvent: {}
[113.463218] (-) TimerEvent: {}
[113.564167] (-) TimerEvent: {}
[113.665316] (-) TimerEvent: {}
[113.766306] (-) TimerEvent: {}
[113.867508] (-) TimerEvent: {}
[113.968763] (-) TimerEvent: {}
[114.069964] (-) TimerEvent: {}
[114.170980] (-) TimerEvent: {}
[114.272434] (-) TimerEvent: {}
[114.373971] (-) TimerEvent: {}
[114.475922] (-) TimerEvent: {}
[114.576931] (-) TimerEvent: {}
[114.678081] (-) TimerEvent: {}
[114.779240] (-) TimerEvent: {}
[114.880204] (-) TimerEvent: {}
[114.903149] (rt_ros2) StdoutLine: {'line': b'[ 52%] \x1b[32mBuilding CXX object vendor/quill/quill/CMakeFiles/quill.dir/src/handlers/RotatingFileHandler.cpp.o\x1b[0m\n'}
[114.980428] (-) TimerEvent: {}
[115.085137] (-) TimerEvent: {}
[115.186950] (-) TimerEvent: {}
[115.288854] (-) TimerEvent: {}
[115.390700] (-) TimerEvent: {}
[115.492630] (-) TimerEvent: {}
[115.594951] (-) TimerEvent: {}
[115.696783] (-) TimerEvent: {}
[115.798433] (-) TimerEvent: {}
[115.900239] (-) TimerEvent: {}
[115.960016] (rt_ros2) StdoutLine: {'line': b'[ 53%] \x1b[32mBuilding CXX object vendor/quill/quill/CMakeFiles/quill.dir/src/handlers/FileHandler.cpp.o\x1b[0m\n'}
[116.000570] (-) TimerEvent: {}
[116.102499] (-) TimerEvent: {}
[116.122395] (rt_ros2) StdoutLine: {'line': b'[ 55%] \x1b[32m\x1b[1mLinking CXX executable nodo_test\x1b[0m\n'}
[116.202782] (-) TimerEvent: {}
[116.304702] (-) TimerEvent: {}
[116.408097] (-) TimerEvent: {}
[116.511131] (-) TimerEvent: {}
[116.613855] (-) TimerEvent: {}
[116.716102] (-) TimerEvent: {}
[116.818604] (-) TimerEvent: {}
[116.920517] (-) TimerEvent: {}
[117.021927] (-) TimerEvent: {}
[117.125336] (-) TimerEvent: {}
[117.226485] (-) TimerEvent: {}
[117.329158] (-) TimerEvent: {}
[117.431903] (-) TimerEvent: {}
[117.533671] (-) TimerEvent: {}
[117.572480] (rt_ros2) StdoutLine: {'line': b'[ 55%] Built target nodo_test\n'}
[117.630129] (rt_ros2) StdoutLine: {'line': b'[ 56%] \x1b[32mBuilding CXX object vendor/quill/quill/CMakeFiles/quill.dir/src/handlers/StreamHandler.cpp.o\x1b[0m\n'}
[117.634059] (-) TimerEvent: {}
[117.736126] (-) TimerEvent: {}
[117.838109] (-) TimerEvent: {}
[117.940109] (-) TimerEvent: {}
[118.042168] (-) TimerEvent: {}
[118.143425] (-) TimerEvent: {}
[118.246236] (-) TimerEvent: {}
[118.345442] (rt_ros2) StdoutLine: {'line': b'[ 58%] \x1b[32mBuilding CXX object vendor/quill/quill/CMakeFiles/quill.dir/src/LogLevel.cpp.o\x1b[0m\n'}
[118.346910] (-) TimerEvent: {}
[118.449384] (-) TimerEvent: {}
[118.551541] (-) TimerEvent: {}
[118.653706] (-) TimerEvent: {}
[118.756082] (-) TimerEvent: {}
[118.857470] (-) TimerEvent: {}
[118.959148] (-) TimerEvent: {}
[119.060279] (-) TimerEvent: {}
[119.161405] (-) TimerEvent: {}
[119.262445] (-) TimerEvent: {}
[119.363550] (-) TimerEvent: {}
[119.464757] (-) TimerEvent: {}
[119.565968] (-) TimerEvent: {}
[119.667036] (-) TimerEvent: {}
[119.768239] (-) TimerEvent: {}
[119.869698] (-) TimerEvent: {}
[119.971156] (-) TimerEvent: {}
[120.072451] (-) TimerEvent: {}
[120.173770] (-) TimerEvent: {}
[120.274915] (-) TimerEvent: {}
[120.375979] (-) TimerEvent: {}
[120.477010] (-) TimerEvent: {}
[120.578013] (-) TimerEvent: {}
[120.679080] (-) TimerEvent: {}
[120.780258] (-) TimerEvent: {}
[120.881328] (-) TimerEvent: {}
[120.982615] (-) TimerEvent: {}
[121.083696] (-) TimerEvent: {}
[121.185034] (-) TimerEvent: {}
[121.286318] (-) TimerEvent: {}
[121.387518] (-) TimerEvent: {}
[121.488920] (-) TimerEvent: {}
[121.590171] (-) TimerEvent: {}
[121.691485] (-) TimerEvent: {}
[121.796125] (-) TimerEvent: {}
[121.897349] (-) TimerEvent: {}
[121.998558] (-) TimerEvent: {}
[122.099668] (-) TimerEvent: {}
[122.201659] (-) TimerEvent: {}
[122.304168] (-) TimerEvent: {}
[122.406841] (-) TimerEvent: {}
[122.509603] (-) TimerEvent: {}
[122.610932] (-) TimerEvent: {}
[122.712125] (-) TimerEvent: {}
[122.813258] (-) TimerEvent: {}
[122.914461] (-) TimerEvent: {}
[123.015566] (-) TimerEvent: {}
[123.116710] (-) TimerEvent: {}
[123.217815] (-) TimerEvent: {}
[123.319053] (-) TimerEvent: {}
[123.420133] (-) TimerEvent: {}
[123.522393] (-) TimerEvent: {}
[123.623662] (-) TimerEvent: {}
[123.724801] (-) TimerEvent: {}
[123.825949] (-) TimerEvent: {}
[123.927129] (-) TimerEvent: {}
[124.029819] (-) TimerEvent: {}
[124.132456] (-) TimerEvent: {}
[124.234894] (-) TimerEvent: {}
[124.337021] (-) TimerEvent: {}
[124.439036] (-) TimerEvent: {}
[124.541282] (-) TimerEvent: {}
[124.642580] (-) TimerEvent: {}
[124.743860] (-) TimerEvent: {}
[124.844901] (-) TimerEvent: {}
[124.946012] (-) TimerEvent: {}
[125.047070] (-) TimerEvent: {}
[125.148145] (-) TimerEvent: {}
[125.249217] (-) TimerEvent: {}
[125.350257] (-) TimerEvent: {}
[125.451303] (-) TimerEvent: {}
[125.552326] (-) TimerEvent: {}
[125.653363] (-) TimerEvent: {}
[125.754383] (-) TimerEvent: {}
[125.855493] (-) TimerEvent: {}
[125.956583] (-) TimerEvent: {}
[126.057696] (-) TimerEvent: {}
[126.158866] (-) TimerEvent: {}
[126.259970] (-) TimerEvent: {}
[126.361015] (-) TimerEvent: {}
[126.462164] (-) TimerEvent: {}
[126.563285] (-) TimerEvent: {}
[126.664364] (-) TimerEvent: {}
[126.765685] (-) TimerEvent: {}
[126.867260] (-) TimerEvent: {}
[126.968240] (-) TimerEvent: {}
[127.073979] (-) TimerEvent: {}
[127.176452] (-) TimerEvent: {}
[127.277980] (-) TimerEvent: {}
[127.380155] (-) TimerEvent: {}
[127.481380] (-) TimerEvent: {}
[127.582718] (-) TimerEvent: {}
[127.683882] (-) TimerEvent: {}
[127.785001] (-) TimerEvent: {}
[127.886047] (-) TimerEvent: {}
[127.987234] (-) TimerEvent: {}
[128.088360] (-) TimerEvent: {}
[128.190366] (-) TimerEvent: {}
[128.292912] (-) TimerEvent: {}
[128.395056] (-) TimerEvent: {}
[128.496170] (-) TimerEvent: {}
[128.597067] (-) TimerEvent: {}
[128.697937] (-) TimerEvent: {}
[128.798916] (-) TimerEvent: {}
[128.899850] (-) TimerEvent: {}
[129.000828] (-) TimerEvent: {}
[129.101848] (-) TimerEvent: {}
[129.202819] (-) TimerEvent: {}
[129.303839] (-) TimerEvent: {}
[129.405241] (-) TimerEvent: {}
[129.506161] (-) TimerEvent: {}
[129.607391] (-) TimerEvent: {}
[129.708808] (-) TimerEvent: {}
[129.809932] (-) TimerEvent: {}
[129.911234] (-) TimerEvent: {}
[130.012333] (-) TimerEvent: {}
[130.113426] (-) TimerEvent: {}
[130.214668] (-) TimerEvent: {}
[130.315802] (-) TimerEvent: {}
[130.416861] (-) TimerEvent: {}
[130.517813] (-) TimerEvent: {}
[130.618699] (-) TimerEvent: {}
[130.719691] (-) TimerEvent: {}
[130.820640] (-) TimerEvent: {}
[130.922326] (-) TimerEvent: {}
[131.023457] (-) TimerEvent: {}
[131.124913] (-) TimerEvent: {}
[131.226019] (-) TimerEvent: {}
[131.326997] (-) TimerEvent: {}
[131.428006] (-) TimerEvent: {}
[131.528933] (-) TimerEvent: {}
[131.629990] (-) TimerEvent: {}
[131.731099] (-) TimerEvent: {}
[131.832246] (-) TimerEvent: {}
[131.933303] (-) TimerEvent: {}
[132.034235] (-) TimerEvent: {}
[132.135164] (-) TimerEvent: {}
[132.236341] (-) TimerEvent: {}
[132.337390] (-) TimerEvent: {}
[132.438541] (-) TimerEvent: {}
[132.539802] (-) TimerEvent: {}
[132.640821] (-) TimerEvent: {}
[132.741814] (-) TimerEvent: {}
[132.842676] (-) TimerEvent: {}
[132.943850] (-) TimerEvent: {}
[133.045071] (-) TimerEvent: {}
[133.146305] (-) TimerEvent: {}
[133.247345] (-) TimerEvent: {}
[133.348412] (-) TimerEvent: {}
[133.449439] (-) TimerEvent: {}
[133.550343] (-) TimerEvent: {}
[133.651203] (-) TimerEvent: {}
[133.751983] (-) TimerEvent: {}
[133.852799] (-) TimerEvent: {}
[133.953622] (-) TimerEvent: {}
[134.054456] (-) TimerEvent: {}
[134.155378] (-) TimerEvent: {}
[134.257129] (-) TimerEvent: {}
[134.358265] (-) TimerEvent: {}
[134.459289] (-) TimerEvent: {}
[134.560248] (-) TimerEvent: {}
[134.661138] (-) TimerEvent: {}
[134.761939] (-) TimerEvent: {}
[134.862936] (-) TimerEvent: {}
[134.963841] (-) TimerEvent: {}
[135.064714] (-) TimerEvent: {}
[135.165610] (-) TimerEvent: {}
[135.213023] (rt_ros2) StdoutLine: {'line': b'[ 60%] \x1b[32mBuilding CXX object vendor/quill/quill/CMakeFiles/quill.dir/src/Utility.cpp.o\x1b[0m\n'}
[135.214318] (rt_ros2) StdoutLine: {'line': b'[ 61%] \x1b[32mBuilding CXX object vendor/quill/quill/CMakeFiles/quill.dir/src/Quill.cpp.o\x1b[0m\n'}
[135.265937] (-) TimerEvent: {}
[135.366977] (-) TimerEvent: {}
[135.467909] (-) TimerEvent: {}
[135.568948] (-) TimerEvent: {}
[135.669826] (-) TimerEvent: {}
[135.770651] (-) TimerEvent: {}
[135.871859] (-) TimerEvent: {}
[135.972859] (-) TimerEvent: {}
[136.073955] (-) TimerEvent: {}
[136.174966] (-) TimerEvent: {}
[136.266924] (rt_ros2) StdoutLine: {'line': b'[ 63%] \x1b[32mBuilding CXX object vendor/quill/quill/CMakeFiles/quill.dir/src/bundled/fmt/format.cc.o\x1b[0m\n'}
[136.275417] (-) TimerEvent: {}
[136.377876] (-) TimerEvent: {}
[136.485139] (-) TimerEvent: {}
[136.587066] (-) TimerEvent: {}
[136.689214] (-) TimerEvent: {}
[136.791491] (-) TimerEvent: {}
[136.892987] (-) TimerEvent: {}
[136.994363] (-) TimerEvent: {}
[137.095351] (-) TimerEvent: {}
[137.196556] (-) TimerEvent: {}
[137.298196] (-) TimerEvent: {}
[137.333529] (rt_ros2) StdoutLine: {'line': b'[ 64%] \x1b[32mBuilding CXX object vendor/quill/quill/CMakeFiles/quill.dir/src/PatternFormatter.cpp.o\x1b[0m\n'}
[137.398419] (-) TimerEvent: {}
[137.500591] (-) TimerEvent: {}
[137.603193] (-) TimerEvent: {}
[137.705693] (-) TimerEvent: {}
[137.808021] (-) TimerEvent: {}
[137.909059] (-) TimerEvent: {}
[138.010118] (-) TimerEvent: {}
[138.114459] (-) TimerEvent: {}
[138.215666] (-) TimerEvent: {}
[138.316878] (-) TimerEvent: {}
[138.418013] (-) TimerEvent: {}
[138.519210] (-) TimerEvent: {}
[138.620640] (-) TimerEvent: {}
[138.721953] (-) TimerEvent: {}
[138.823283] (-) TimerEvent: {}
[138.924864] (-) TimerEvent: {}
[139.026024] (-) TimerEvent: {}
[139.127139] (-) TimerEvent: {}
[139.228298] (-) TimerEvent: {}
[139.329322] (-) TimerEvent: {}
[139.430685] (-) TimerEvent: {}
[139.531972] (-) TimerEvent: {}
[139.633401] (-) TimerEvent: {}
[139.734641] (-) TimerEvent: {}
[139.835988] (-) TimerEvent: {}
[139.936999] (-) TimerEvent: {}
[140.038031] (-) TimerEvent: {}
[140.139189] (-) TimerEvent: {}
[140.240179] (-) TimerEvent: {}
[140.341301] (-) TimerEvent: {}
[140.442623] (-) TimerEvent: {}
[140.545087] (-) TimerEvent: {}
[140.647542] (-) TimerEvent: {}
[140.753560] (-) TimerEvent: {}
[140.854682] (-) TimerEvent: {}
[140.956533] (-) TimerEvent: {}
[141.058387] (-) TimerEvent: {}
[141.162311] (-) TimerEvent: {}
[141.266423] (-) TimerEvent: {}
[141.367675] (-) TimerEvent: {}
[141.468994] (-) TimerEvent: {}
[141.571981] (-) TimerEvent: {}
[141.674386] (-) TimerEvent: {}
[141.775959] (-) TimerEvent: {}
[141.877062] (-) TimerEvent: {}
[141.981969] (-) TimerEvent: {}
[142.087308] (-) TimerEvent: {}
[142.188439] (-) TimerEvent: {}
[142.290008] (-) TimerEvent: {}
[142.391913] (-) TimerEvent: {}
[142.493997] (-) TimerEvent: {}
[142.596204] (-) TimerEvent: {}
[142.698345] (-) TimerEvent: {}
[142.800553] (-) TimerEvent: {}
[142.902593] (-) TimerEvent: {}
[143.003805] (-) TimerEvent: {}
[143.104944] (-) TimerEvent: {}
[143.206259] (-) TimerEvent: {}
[143.314968] (-) TimerEvent: {}
[143.419402] (-) TimerEvent: {}
[143.520650] (-) TimerEvent: {}
[143.622134] (-) TimerEvent: {}
[143.723350] (-) TimerEvent: {}
[143.824676] (-) TimerEvent: {}
[143.925939] (-) TimerEvent: {}
[144.027926] (-) TimerEvent: {}
[144.129888] (-) TimerEvent: {}
[144.198653] (rt_ros2) StdoutLine: {'line': b'[ 66%] \x1b[32mBuilding CXX object vendor/quill/quill/CMakeFiles/quill.dir/src/bundled/fmt/os.cc.o\x1b[0m\n'}
[144.230198] (-) TimerEvent: {}
[144.332652] (-) TimerEvent: {}
[144.435098] (-) TimerEvent: {}
[144.536981] (-) TimerEvent: {}
[144.638001] (-) TimerEvent: {}
[144.738991] (-) TimerEvent: {}
[144.840014] (-) TimerEvent: {}
[144.941129] (-) TimerEvent: {}
[145.042382] (-) TimerEvent: {}
[145.143599] (-) TimerEvent: {}
[145.244931] (-) TimerEvent: {}
[145.346129] (-) TimerEvent: {}
[145.447347] (-) TimerEvent: {}
[145.548677] (-) TimerEvent: {}
[145.649930] (-) TimerEvent: {}
[145.751194] (-) TimerEvent: {}
[145.852451] (-) TimerEvent: {}
[145.953657] (-) TimerEvent: {}
[146.054886] (-) TimerEvent: {}
[146.156198] (-) TimerEvent: {}
[146.257707] (-) TimerEvent: {}
[146.359000] (-) TimerEvent: {}
[146.460166] (-) TimerEvent: {}
[146.561400] (-) TimerEvent: {}
[146.662615] (-) TimerEvent: {}
[146.763953] (-) TimerEvent: {}
[146.866057] (-) TimerEvent: {}
[146.967925] (-) TimerEvent: {}
[147.069839] (-) TimerEvent: {}
[147.171991] (-) TimerEvent: {}
[147.273992] (-) TimerEvent: {}
[147.376116] (-) TimerEvent: {}
[147.478263] (-) TimerEvent: {}
[147.580282] (-) TimerEvent: {}
[147.682234] (-) TimerEvent: {}
[147.784309] (-) TimerEvent: {}
[147.886419] (-) TimerEvent: {}
[147.988497] (-) TimerEvent: {}
[148.089679] (-) TimerEvent: {}
[148.192279] (-) TimerEvent: {}
[148.293531] (-) TimerEvent: {}
[148.395676] (-) TimerEvent: {}
[148.497776] (-) TimerEvent: {}
[148.598864] (-) TimerEvent: {}
[148.700002] (-) TimerEvent: {}
[148.801194] (-) TimerEvent: {}
[148.902356] (-) TimerEvent: {}
[149.004326] (-) TimerEvent: {}
[149.106947] (-) TimerEvent: {}
[149.209223] (-) TimerEvent: {}
[149.311300] (-) TimerEvent: {}
[149.413318] (-) TimerEvent: {}
[149.515506] (-) TimerEvent: {}
[149.617065] (-) TimerEvent: {}
[149.718361] (-) TimerEvent: {}
[149.821296] (-) TimerEvent: {}
[149.923282] (-) TimerEvent: {}
[150.025630] (-) TimerEvent: {}
[150.126580] (-) TimerEvent: {}
[150.227693] (-) TimerEvent: {}
[150.328948] (-) TimerEvent: {}
[150.430415] (-) TimerEvent: {}
[150.531497] (-) TimerEvent: {}
[150.632561] (-) TimerEvent: {}
[150.733556] (-) TimerEvent: {}
[150.834535] (-) TimerEvent: {}
[150.935621] (-) TimerEvent: {}
[151.037279] (-) TimerEvent: {}
[151.138197] (-) TimerEvent: {}
[151.239198] (-) TimerEvent: {}
[151.340238] (-) TimerEvent: {}
[151.441306] (-) TimerEvent: {}
[151.542356] (-) TimerEvent: {}
[151.643371] (-) TimerEvent: {}
[151.744336] (-) TimerEvent: {}
[151.845414] (-) TimerEvent: {}
[151.946911] (-) TimerEvent: {}
[152.047829] (-) TimerEvent: {}
[152.148846] (-) TimerEvent: {}
[152.249835] (-) TimerEvent: {}
[152.351018] (-) TimerEvent: {}
[152.451956] (-) TimerEvent: {}
[152.552916] (-) TimerEvent: {}
[152.653935] (-) TimerEvent: {}
[152.754915] (-) TimerEvent: {}
[152.855961] (-) TimerEvent: {}
[152.956913] (-) TimerEvent: {}
[153.057965] (-) TimerEvent: {}
[153.159126] (-) TimerEvent: {}
[153.260054] (-) TimerEvent: {}
[153.360981] (-) TimerEvent: {}
[153.461904] (-) TimerEvent: {}
[153.562847] (-) TimerEvent: {}
[153.663945] (-) TimerEvent: {}
[153.765247] (-) TimerEvent: {}
[153.866313] (-) TimerEvent: {}
[153.967332] (-) TimerEvent: {}
[154.068406] (-) TimerEvent: {}
[154.169334] (-) TimerEvent: {}
[154.270339] (-) TimerEvent: {}
[154.371297] (-) TimerEvent: {}
[154.472454] (-) TimerEvent: {}
[154.573398] (-) TimerEvent: {}
[154.674396] (-) TimerEvent: {}
[154.775383] (-) TimerEvent: {}
[154.876305] (-) TimerEvent: {}
[154.977379] (-) TimerEvent: {}
[155.078676] (-) TimerEvent: {}
[155.179501] (-) TimerEvent: {}
[155.280323] (-) TimerEvent: {}
[155.381145] (-) TimerEvent: {}
[155.481905] (-) TimerEvent: {}
[155.582704] (-) TimerEvent: {}
[155.683664] (-) TimerEvent: {}
[155.784582] (-) TimerEvent: {}
[155.885424] (-) TimerEvent: {}
[155.986266] (-) TimerEvent: {}
[156.087300] (-) TimerEvent: {}
[156.188240] (-) TimerEvent: {}
[156.289306] (-) TimerEvent: {}
[156.390263] (-) TimerEvent: {}
[156.491130] (-) TimerEvent: {}
[156.591938] (-) TimerEvent: {}
[156.692791] (-) TimerEvent: {}
[156.793913] (-) TimerEvent: {}
[156.894923] (-) TimerEvent: {}
[156.995765] (-) TimerEvent: {}
[157.096629] (-) TimerEvent: {}
[157.197615] (-) TimerEvent: {}
[157.298570] (-) TimerEvent: {}
[157.399399] (-) TimerEvent: {}
[157.500252] (-) TimerEvent: {}
[157.601308] (-) TimerEvent: {}
[157.702224] (-) TimerEvent: {}
[157.803069] (-) TimerEvent: {}
[157.903892] (-) TimerEvent: {}
[158.004776] (-) TimerEvent: {}
[158.105668] (-) TimerEvent: {}
[158.206566] (-) TimerEvent: {}
[158.307397] (-) TimerEvent: {}
[158.408396] (-) TimerEvent: {}
[158.509449] (-) TimerEvent: {}
[158.610821] (-) TimerEvent: {}
[158.711601] (-) TimerEvent: {}
[158.812440] (-) TimerEvent: {}
[158.913456] (-) TimerEvent: {}
[159.014241] (-) TimerEvent: {}
[159.115082] (-) TimerEvent: {}
[159.215939] (-) TimerEvent: {}
[159.316781] (-) TimerEvent: {}
[159.417609] (-) TimerEvent: {}
[159.518485] (-) TimerEvent: {}
[159.619357] (-) TimerEvent: {}
[159.720153] (-) TimerEvent: {}
[159.821013] (-) TimerEvent: {}
[159.921918] (-) TimerEvent: {}
[160.022678] (-) TimerEvent: {}
[160.123481] (-) TimerEvent: {}
[160.175469] (rt_ros2) StdoutLine: {'line': b'[ 67%] \x1b[32m\x1b[1mLinking CXX static library libquill.a\x1b[0m\n'}
[160.223672] (-) TimerEvent: {}
[160.324521] (-) TimerEvent: {}
[160.425361] (-) TimerEvent: {}
[160.438656] (rt_ros2) StdoutLine: {'line': b'[ 67%] Built target quill\n'}
[160.525714] (-) TimerEvent: {}
[160.539249] (rt_ros2) StdoutLine: {'line': b'[ 69%] \x1b[32mBuilding CXX object vendor/cactus-rt/CMakeFiles/cactus_rt.dir/src/cactus_rt/app.cc.o\x1b[0m\n'}
[160.541689] (rt_ros2) StdoutLine: {'line': b'[ 70%] \x1b[32mBuilding CXX object vendor/cactus-rt/CMakeFiles/cactus_rt.dir/src/cactus_rt/thread.cc.o\x1b[0m\n'}
[160.546103] (rt_ros2) StdoutLine: {'line': b'[ 72%] \x1b[32mBuilding CXX object vendor/cactus-rt/CMakeFiles/cactus_rt.dir/src/cactus_rt/cyclic_thread.cc.o\x1b[0m\n'}
[160.625962] (-) TimerEvent: {}
[160.726899] (-) TimerEvent: {}
[160.828057] (-) TimerEvent: {}
[160.929568] (-) TimerEvent: {}
[161.032140] (-) TimerEvent: {}
[161.133923] (-) TimerEvent: {}
[161.236055] (-) TimerEvent: {}
[161.339654] (-) TimerEvent: {}
[161.441350] (-) TimerEvent: {}
[161.543077] (-) TimerEvent: {}
[161.598507] (rt_ros2) StdoutLine: {'line': b'[ 73%] \x1b[32mBuilding CXX object vendor/cactus-rt/CMakeFiles/cactus_rt.dir/src/cactus_rt/signal_handler.cc.o\x1b[0m\n'}
[161.643394] (-) TimerEvent: {}
[161.745773] (-) TimerEvent: {}
[161.859983] (-) TimerEvent: {}
[161.963445] (-) TimerEvent: {}
[162.064543] (-) TimerEvent: {}
[162.165928] (-) TimerEvent: {}
[162.267053] (-) TimerEvent: {}
[162.368157] (-) TimerEvent: {}
[162.469287] (-) TimerEvent: {}
[162.570564] (-) TimerEvent: {}
[162.671671] (-) TimerEvent: {}
[162.772954] (-) TimerEvent: {}
[162.874379] (-) TimerEvent: {}
[162.975969] (-) TimerEvent: {}
[163.077208] (-) TimerEvent: {}
[163.178468] (-) TimerEvent: {}
[163.279490] (-) TimerEvent: {}
[163.382275] (-) TimerEvent: {}
[163.484367] (-) TimerEvent: {}
[163.585690] (-) TimerEvent: {}
[163.687071] (-) TimerEvent: {}
[163.788527] (-) TimerEvent: {}
[163.889775] (-) TimerEvent: {}
[163.990935] (-) TimerEvent: {}
[164.092157] (-) TimerEvent: {}
[164.193385] (-) TimerEvent: {}
[164.294891] (-) TimerEvent: {}
[164.396215] (-) TimerEvent: {}
[164.497657] (-) TimerEvent: {}
[164.599196] (-) TimerEvent: {}
[164.700240] (-) TimerEvent: {}
[164.801443] (-) TimerEvent: {}
[164.902896] (-) TimerEvent: {}
[165.004687] (-) TimerEvent: {}
[165.106257] (-) TimerEvent: {}
[165.207924] (-) TimerEvent: {}
[165.309652] (-) TimerEvent: {}
[165.411243] (-) TimerEvent: {}
[165.512508] (-) TimerEvent: {}
[165.613838] (-) TimerEvent: {}
[165.714994] (-) TimerEvent: {}
[165.816107] (-) TimerEvent: {}
[165.917311] (-) TimerEvent: {}
[166.018569] (-) TimerEvent: {}
[166.119905] (-) TimerEvent: {}
[166.221466] (-) TimerEvent: {}
[166.322818] (-) TimerEvent: {}
[166.424343] (-) TimerEvent: {}
[166.525629] (-) TimerEvent: {}
[166.627291] (-) TimerEvent: {}
[166.729179] (-) TimerEvent: {}
[166.830584] (-) TimerEvent: {}
[166.934857] (-) TimerEvent: {}
[167.036230] (-) TimerEvent: {}
[167.138123] (-) TimerEvent: {}
[167.239614] (-) TimerEvent: {}
[167.341012] (-) TimerEvent: {}
[167.442587] (-) TimerEvent: {}
[167.544007] (-) TimerEvent: {}
[167.645402] (-) TimerEvent: {}
[167.746968] (-) TimerEvent: {}
[167.848452] (-) TimerEvent: {}
[167.949684] (-) TimerEvent: {}
[168.051013] (-) TimerEvent: {}
[168.152276] (-) TimerEvent: {}
[168.253560] (-) TimerEvent: {}
[168.354841] (-) TimerEvent: {}
[168.457199] (-) TimerEvent: {}
[168.558372] (-) TimerEvent: {}
[168.659647] (-) TimerEvent: {}
[168.760776] (-) TimerEvent: {}
[168.861892] (-) TimerEvent: {}
[168.962936] (-) TimerEvent: {}
[169.064203] (-) TimerEvent: {}
[169.165438] (-) TimerEvent: {}
[169.266835] (-) TimerEvent: {}
[169.367994] (-) TimerEvent: {}
[169.469165] (-) TimerEvent: {}
[169.570342] (-) TimerEvent: {}
[169.671478] (-) TimerEvent: {}
[169.772638] (-) TimerEvent: {}
[169.873922] (-) TimerEvent: {}
[169.974956] (-) TimerEvent: {}
[170.076043] (-) TimerEvent: {}
[170.177129] (-) TimerEvent: {}
[170.278237] (-) TimerEvent: {}
[170.379318] (-) TimerEvent: {}
[170.480479] (-) TimerEvent: {}
[170.581701] (-) TimerEvent: {}
[170.682984] (-) TimerEvent: {}
[170.784000] (-) TimerEvent: {}
[170.885001] (-) TimerEvent: {}
[170.986012] (-) TimerEvent: {}
[171.087162] (-) TimerEvent: {}
[171.188390] (-) TimerEvent: {}
[171.289653] (-) TimerEvent: {}
[171.390900] (-) TimerEvent: {}
[171.492093] (-) TimerEvent: {}
[171.593291] (-) TimerEvent: {}
[171.694459] (-) TimerEvent: {}
[171.795787] (-) TimerEvent: {}
[171.896974] (-) TimerEvent: {}
[171.999558] (-) TimerEvent: {}
[172.101768] (-) TimerEvent: {}
[172.203638] (-) TimerEvent: {}
[172.305781] (-) TimerEvent: {}
[172.408097] (-) TimerEvent: {}
[172.510267] (-) TimerEvent: {}
[172.612379] (-) TimerEvent: {}
[172.714501] (-) TimerEvent: {}
[172.815597] (-) TimerEvent: {}
[172.916695] (-) TimerEvent: {}
[173.017790] (-) TimerEvent: {}
[173.118848] (-) TimerEvent: {}
[173.220078] (-) TimerEvent: {}
[173.321252] (-) TimerEvent: {}
[173.422441] (-) TimerEvent: {}
[173.523655] (-) TimerEvent: {}
[173.624870] (-) TimerEvent: {}
[173.726020] (-) TimerEvent: {}
[173.827067] (-) TimerEvent: {}
[173.928222] (-) TimerEvent: {}
[174.029313] (-) TimerEvent: {}
[174.130376] (-) TimerEvent: {}
[174.231663] (-) TimerEvent: {}
[174.333013] (-) TimerEvent: {}
[174.434369] (-) TimerEvent: {}
[174.535795] (-) TimerEvent: {}
[174.636988] (-) TimerEvent: {}
[174.738268] (-) TimerEvent: {}
[174.839615] (-) TimerEvent: {}
[174.940876] (-) TimerEvent: {}
[175.042013] (-) TimerEvent: {}
[175.143148] (-) TimerEvent: {}
[175.244345] (-) TimerEvent: {}
[175.345671] (-) TimerEvent: {}
[175.446919] (-) TimerEvent: {}
[175.548131] (-) TimerEvent: {}
[175.649290] (-) TimerEvent: {}
[175.750590] (-) TimerEvent: {}
[175.851920] (-) TimerEvent: {}
[175.953099] (-) TimerEvent: {}
[176.054399] (-) TimerEvent: {}
[176.155691] (-) TimerEvent: {}
[176.257140] (-) TimerEvent: {}
[176.358702] (-) TimerEvent: {}
[176.460668] (-) TimerEvent: {}
[176.562113] (-) TimerEvent: {}
[176.663287] (-) TimerEvent: {}
[176.764495] (-) TimerEvent: {}
[176.870060] (-) TimerEvent: {}
[176.974214] (-) TimerEvent: {}
[177.075561] (-) TimerEvent: {}
[177.176877] (-) TimerEvent: {}
[177.278197] (-) TimerEvent: {}
[177.379456] (-) TimerEvent: {}
[177.480717] (-) TimerEvent: {}
[177.582024] (-) TimerEvent: {}
[177.683315] (-) TimerEvent: {}
[177.784640] (-) TimerEvent: {}
[177.885918] (-) TimerEvent: {}
[177.987024] (-) TimerEvent: {}
[178.088271] (-) TimerEvent: {}
[178.189523] (-) TimerEvent: {}
[178.290783] (-) TimerEvent: {}
[178.393146] (-) TimerEvent: {}
[178.495666] (-) TimerEvent: {}
[178.597004] (-) TimerEvent: {}
[178.698380] (-) TimerEvent: {}
[178.799649] (-) TimerEvent: {}
[178.901062] (-) TimerEvent: {}
[179.002358] (-) TimerEvent: {}
[179.104277] (-) TimerEvent: {}
[179.127406] (rt_ros2) StdoutLine: {'line': b'[ 75%] \x1b[32mBuilding CXX object vendor/cactus-rt/CMakeFiles/cactus_rt.dir/src/cactus_rt/tracing/tracing_enabled.cc.o\x1b[0m\n'}
[179.204534] (-) TimerEvent: {}
[179.223431] (rt_ros2) StdoutLine: {'line': b'[ 76%] \x1b[32mBuilding CXX object vendor/cactus-rt/CMakeFiles/cactus_rt.dir/src/cactus_rt/tracing/sink.cc.o\x1b[0m\n'}
[179.304855] (-) TimerEvent: {}
[179.407331] (-) TimerEvent: {}
[179.509328] (-) TimerEvent: {}
[179.611543] (-) TimerEvent: {}
[179.621149] (rt_ros2) StdoutLine: {'line': b'[ 78%] \x1b[32mBuilding CXX object vendor/cactus-rt/CMakeFiles/cactus_rt.dir/src/cactus_rt/tracing/thread_tracer.cc.o\x1b[0m\n'}
[179.711860] (-) TimerEvent: {}
[179.814345] (-) TimerEvent: {}
[179.918856] (-) TimerEvent: {}
[180.021277] (-) TimerEvent: {}
[180.123373] (-) TimerEvent: {}
[180.225359] (-) TimerEvent: {}
[180.329890] (-) TimerEvent: {}
[180.432568] (-) TimerEvent: {}
[180.534723] (-) TimerEvent: {}
[180.637606] (-) TimerEvent: {}
[180.739679] (-) TimerEvent: {}
[180.841635] (-) TimerEvent: {}
[180.943903] (-) TimerEvent: {}
[181.046028] (-) TimerEvent: {}
[181.148240] (-) TimerEvent: {}
[181.251253] (-) TimerEvent: {}
[181.353585] (-) TimerEvent: {}
[181.456142] (-) TimerEvent: {}
[181.557350] (-) TimerEvent: {}
[181.658761] (-) TimerEvent: {}
[181.760589] (-) TimerEvent: {}
[181.863003] (-) TimerEvent: {}
[181.964090] (-) TimerEvent: {}
[182.065431] (-) TimerEvent: {}
[182.166547] (-) TimerEvent: {}
[182.267955] (-) TimerEvent: {}
[182.370064] (-) TimerEvent: {}
[182.471676] (-) TimerEvent: {}
[182.572960] (-) TimerEvent: {}
[182.674386] (-) TimerEvent: {}
[182.775720] (-) TimerEvent: {}
[182.877619] (-) TimerEvent: {}
[182.980188] (-) TimerEvent: {}
[183.082389] (-) TimerEvent: {}
[183.190431] (-) TimerEvent: {}
[183.291602] (-) TimerEvent: {}
[183.392867] (-) TimerEvent: {}
[183.494215] (-) TimerEvent: {}
[183.595578] (-) TimerEvent: {}
[183.697326] (-) TimerEvent: {}
[183.798690] (-) TimerEvent: {}
[183.900091] (-) TimerEvent: {}
[184.002692] (-) TimerEvent: {}
[184.105365] (-) TimerEvent: {}
[184.207865] (-) TimerEvent: {}
[184.310097] (-) TimerEvent: {}
[184.412569] (-) TimerEvent: {}
[184.514694] (-) TimerEvent: {}
[184.616961] (-) TimerEvent: {}
[184.719115] (-) TimerEvent: {}
[184.821252] (-) TimerEvent: {}
[184.923411] (-) TimerEvent: {}
[185.025608] (-) TimerEvent: {}
[185.127989] (-) TimerEvent: {}
[185.230323] (-) TimerEvent: {}
[185.332641] (-) TimerEvent: {}
[185.434984] (-) TimerEvent: {}
[185.537003] (-) TimerEvent: {}
[185.639490] (-) TimerEvent: {}
[185.740665] (-) TimerEvent: {}
[185.841892] (-) TimerEvent: {}
[185.943112] (-) TimerEvent: {}
[186.044069] (-) TimerEvent: {}
[186.145090] (-) TimerEvent: {}
[186.246013] (-) TimerEvent: {}
[186.347337] (-) TimerEvent: {}
[186.448682] (-) TimerEvent: {}
[186.549656] (-) TimerEvent: {}
[186.650512] (-) TimerEvent: {}
[186.751417] (-) TimerEvent: {}
[186.852361] (-) TimerEvent: {}
[186.953557] (-) TimerEvent: {}
[187.054500] (-) TimerEvent: {}
[187.155431] (-) TimerEvent: {}
[187.256300] (-) TimerEvent: {}
[187.357108] (-) TimerEvent: {}
[187.457965] (-) TimerEvent: {}
[187.560821] (-) TimerEvent: {}
[187.661786] (-) TimerEvent: {}
[187.762567] (-) TimerEvent: {}
[187.832271] (rt_ros2) StdoutLine: {'line': b'[ 80%] \x1b[32mBuilding CXX object vendor/cactus-rt/CMakeFiles/cactus_rt.dir/src/cactus_rt/tracing/trace_aggregator.cc.o\x1b[0m\n'}
[187.862817] (-) TimerEvent: {}
[187.963574] (-) TimerEvent: {}
[188.064591] (-) TimerEvent: {}
[188.165395] (-) TimerEvent: {}
[188.266224] (-) TimerEvent: {}
[188.367025] (-) TimerEvent: {}
[188.467816] (-) TimerEvent: {}
[188.568633] (-) TimerEvent: {}
[188.669453] (-) TimerEvent: {}
[188.770309] (-) TimerEvent: {}
[188.871179] (-) TimerEvent: {}
[188.972056] (-) TimerEvent: {}
[189.072946] (-) TimerEvent: {}
[189.173879] (-) TimerEvent: {}
[189.274806] (-) TimerEvent: {}
[189.375607] (-) TimerEvent: {}
[189.476503] (-) TimerEvent: {}
[189.577531] (-) TimerEvent: {}
[189.678524] (-) TimerEvent: {}
[189.779427] (-) TimerEvent: {}
[189.880437] (-) TimerEvent: {}
[189.981406] (-) TimerEvent: {}
[190.082316] (-) TimerEvent: {}
[190.183159] (-) TimerEvent: {}
[190.284081] (-) TimerEvent: {}
[190.384894] (-) TimerEvent: {}
[190.485892] (-) TimerEvent: {}
[190.586649] (-) TimerEvent: {}
[190.687537] (-) TimerEvent: {}
[190.788394] (-) TimerEvent: {}
[190.889310] (-) TimerEvent: {}
[190.990196] (-) TimerEvent: {}
[191.091000] (-) TimerEvent: {}
[191.191867] (-) TimerEvent: {}
[191.292856] (-) TimerEvent: {}
[191.393646] (-) TimerEvent: {}
[191.494499] (-) TimerEvent: {}
[191.595475] (-) TimerEvent: {}
[191.696341] (-) TimerEvent: {}
[191.797206] (-) TimerEvent: {}
[191.898223] (-) TimerEvent: {}
[191.999318] (-) TimerEvent: {}
[192.100205] (-) TimerEvent: {}
[192.201093] (-) TimerEvent: {}
[192.301933] (-) TimerEvent: {}
[192.402757] (-) TimerEvent: {}
[192.503562] (-) TimerEvent: {}
[192.605050] (-) TimerEvent: {}
[192.705932] (-) TimerEvent: {}
[192.806803] (-) TimerEvent: {}
[192.907611] (-) TimerEvent: {}
[193.008518] (-) TimerEvent: {}
[193.109463] (-) TimerEvent: {}
[193.210386] (-) TimerEvent: {}
[193.311267] (-) TimerEvent: {}
[193.412127] (-) TimerEvent: {}
[193.512930] (-) TimerEvent: {}
[193.613712] (-) TimerEvent: {}
[193.714584] (-) TimerEvent: {}
[193.815414] (-) TimerEvent: {}
[193.916297] (-) TimerEvent: {}
[194.017168] (-) TimerEvent: {}
[194.118147] (-) TimerEvent: {}
[194.219007] (-) TimerEvent: {}
[194.319860] (-) TimerEvent: {}
[194.420651] (-) TimerEvent: {}
[194.521572] (-) TimerEvent: {}
[194.622413] (-) TimerEvent: {}
[194.723361] (-) TimerEvent: {}
[194.824186] (-) TimerEvent: {}
[194.925076] (-) TimerEvent: {}
[195.025903] (-) TimerEvent: {}
[195.126801] (-) TimerEvent: {}
[195.227601] (-) TimerEvent: {}
[195.328426] (-) TimerEvent: {}
[195.429338] (-) TimerEvent: {}
[195.530198] (-) TimerEvent: {}
[195.631042] (-) TimerEvent: {}
[195.731884] (-) TimerEvent: {}
[195.832697] (-) TimerEvent: {}
[195.933526] (-) TimerEvent: {}
[196.034466] (-) TimerEvent: {}
[196.135309] (-) TimerEvent: {}
[196.236167] (-) TimerEvent: {}
[196.337013] (-) TimerEvent: {}
[196.437906] (-) TimerEvent: {}
[196.538824] (-) TimerEvent: {}
[196.639851] (-) TimerEvent: {}
[196.740845] (-) TimerEvent: {}
[196.841657] (-) TimerEvent: {}
[196.942594] (-) TimerEvent: {}
[197.043432] (-) TimerEvent: {}
[197.144283] (-) TimerEvent: {}
[197.245124] (-) TimerEvent: {}
[197.345931] (-) TimerEvent: {}
[197.446813] (-) TimerEvent: {}
[197.547617] (-) TimerEvent: {}
[197.648466] (-) TimerEvent: {}
[197.749275] (-) TimerEvent: {}
[197.850173] (-) TimerEvent: {}
[197.951012] (-) TimerEvent: {}
[198.051944] (-) TimerEvent: {}
[198.152786] (-) TimerEvent: {}
[198.253587] (-) TimerEvent: {}
[198.354487] (-) TimerEvent: {}
[198.455326] (-) TimerEvent: {}
[198.556236] (-) TimerEvent: {}
[198.657067] (-) TimerEvent: {}
[198.757886] (-) TimerEvent: {}
[198.858688] (-) TimerEvent: {}
[198.959592] (-) TimerEvent: {}
[199.060447] (-) TimerEvent: {}
[199.161302] (-) TimerEvent: {}
[199.262152] (-) TimerEvent: {}
[199.362937] (-) TimerEvent: {}
[199.463766] (-) TimerEvent: {}
[199.564611] (-) TimerEvent: {}
[199.665557] (-) TimerEvent: {}
[199.766382] (-) TimerEvent: {}
[199.867256] (-) TimerEvent: {}
[199.968076] (-) TimerEvent: {}
[200.068885] (-) TimerEvent: {}
[200.169691] (-) TimerEvent: {}
[200.270566] (-) TimerEvent: {}
[200.371399] (-) TimerEvent: {}
[200.472230] (-) TimerEvent: {}
[200.573054] (-) TimerEvent: {}
[200.673898] (-) TimerEvent: {}
[200.774788] (-) TimerEvent: {}
[200.875629] (-) TimerEvent: {}
[200.976551] (-) TimerEvent: {}
[201.077454] (-) TimerEvent: {}
[201.178469] (-) TimerEvent: {}
[201.279333] (-) TimerEvent: {}
[201.380237] (-) TimerEvent: {}
[201.481122] (-) TimerEvent: {}
[201.484149] (rt_ros2) StdoutLine: {'line': b'[ 81%] \x1b[32m\x1b[1mLinking CXX static library libcactus_rt.a\x1b[0m\n'}
[201.581388] (-) TimerEvent: {}
[201.682446] (-) TimerEvent: {}
[201.697576] (rt_ros2) StdoutLine: {'line': b'[ 81%] Built target cactus_rt\n'}
[201.782708] (-) TimerEvent: {}
[201.808048] (rt_ros2) StdoutLine: {'line': b'[ 83%] \x1b[32mBuilding CXX object CMakeFiles/main_rt.dir/src/mainRT.cc.o\x1b[0m\n'}
[201.813194] (rt_ros2) StdoutLine: {'line': b'[ 84%] \x1b[32mBuilding CXX object CMakeFiles/rt_ros2.dir/src/main.cc.o\x1b[0m\n'}
[201.818620] (rt_ros2) StdoutLine: {'line': b'[ 86%] \x1b[32mBuilding CXX object CMakeFiles/rt_ros2.dir/src/nodo_actuador.cpp.o\x1b[0m\n'}
[201.882959] (-) TimerEvent: {}
[201.983889] (-) TimerEvent: {}
[202.084608] (-) TimerEvent: {}
[202.185491] (-) TimerEvent: {}
[202.286418] (-) TimerEvent: {}
[202.387786] (-) TimerEvent: {}
[202.489105] (-) TimerEvent: {}
[202.590535] (-) TimerEvent: {}
[202.692070] (-) TimerEvent: {}
[202.793494] (-) TimerEvent: {}
[202.895080] (-) TimerEvent: {}
[202.997304] (-) TimerEvent: {}
[203.098170] (-) TimerEvent: {}
[203.198914] (-) TimerEvent: {}
[203.299644] (-) TimerEvent: {}
[203.400604] (-) TimerEvent: {}
[203.501447] (-) TimerEvent: {}
[203.602610] (-) TimerEvent: {}
[203.703877] (-) TimerEvent: {}
[203.804670] (-) TimerEvent: {}
[203.905548] (-) TimerEvent: {}
[204.006541] (-) TimerEvent: {}
[204.107290] (-) TimerEvent: {}
[204.208162] (-) TimerEvent: {}
[204.309051] (-) TimerEvent: {}
[204.410062] (-) TimerEvent: {}
[204.511190] (-) TimerEvent: {}
[204.613925] (-) TimerEvent: {}
[204.715878] (-) TimerEvent: {}
[204.817600] (-) TimerEvent: {}
[204.919890] (-) TimerEvent: {}
[205.021871] (-) TimerEvent: {}
[205.124044] (-) TimerEvent: {}
[205.226257] (-) TimerEvent: {}
[205.328945] (-) TimerEvent: {}
[205.431202] (-) TimerEvent: {}
[205.533194] (-) TimerEvent: {}
[205.635276] (-) TimerEvent: {}
[205.737549] (-) TimerEvent: {}
[205.840517] (-) TimerEvent: {}
[205.943430] (-) TimerEvent: {}
[206.046335] (-) TimerEvent: {}
[206.148970] (-) TimerEvent: {}
[206.250974] (-) TimerEvent: {}
[206.353323] (-) TimerEvent: {}
[206.455920] (-) TimerEvent: {}
[206.558141] (-) TimerEvent: {}
[206.660454] (-) TimerEvent: {}
[206.762939] (-) TimerEvent: {}
[206.864890] (-) TimerEvent: {}
[206.966168] (-) TimerEvent: {}
[207.067361] (-) TimerEvent: {}
[207.168626] (-) TimerEvent: {}
[207.270201] (-) TimerEvent: {}
[207.373857] (-) TimerEvent: {}
[207.476228] (-) TimerEvent: {}
[207.578596] (-) TimerEvent: {}
[207.681302] (-) TimerEvent: {}
[207.783840] (-) TimerEvent: {}
[207.886328] (-) TimerEvent: {}
[207.988630] (-) TimerEvent: {}
[208.090899] (-) TimerEvent: {}
[208.192204] (-) TimerEvent: {}
[208.293528] (-) TimerEvent: {}
[208.394703] (-) TimerEvent: {}
[208.495953] (-) TimerEvent: {}
[208.597258] (-) TimerEvent: {}
[208.699262] (-) TimerEvent: {}
[208.800982] (-) TimerEvent: {}
[208.902456] (-) TimerEvent: {}
[209.003937] (-) TimerEvent: {}
[209.105451] (-) TimerEvent: {}
[209.207981] (-) TimerEvent: {}
[209.311159] (-) TimerEvent: {}
[209.413613] (-) TimerEvent: {}
[209.515644] (-) TimerEvent: {}
[209.617940] (-) TimerEvent: {}
[209.720145] (-) TimerEvent: {}
[209.822312] (-) TimerEvent: {}
[209.924411] (-) TimerEvent: {}
[210.026496] (-) TimerEvent: {}
[210.128654] (-) TimerEvent: {}
[210.230843] (-) TimerEvent: {}
[210.332967] (-) TimerEvent: {}
[210.435081] (-) TimerEvent: {}
[210.537206] (-) TimerEvent: {}
[210.639372] (-) TimerEvent: {}
[210.741443] (-) TimerEvent: {}
[210.843635] (-) TimerEvent: {}
[210.946594] (-) TimerEvent: {}
[211.049078] (-) TimerEvent: {}
[211.151468] (-) TimerEvent: {}
[211.254106] (-) TimerEvent: {}
[211.356610] (-) TimerEvent: {}
[211.458882] (-) TimerEvent: {}
[211.560959] (-) TimerEvent: {}
[211.663130] (-) TimerEvent: {}
[211.765278] (-) TimerEvent: {}
[211.867627] (-) TimerEvent: {}
[211.969098] (-) TimerEvent: {}
[212.070318] (-) TimerEvent: {}
[212.171478] (-) TimerEvent: {}
[212.272887] (-) TimerEvent: {}
[212.374010] (-) TimerEvent: {}
[212.475183] (-) TimerEvent: {}
[212.576417] (-) TimerEvent: {}
[212.677926] (-) TimerEvent: {}
[212.779226] (-) TimerEvent: {}
[212.880411] (-) TimerEvent: {}
[212.981865] (-) TimerEvent: {}
[213.083188] (-) TimerEvent: {}
[213.184328] (-) TimerEvent: {}
[213.285550] (-) TimerEvent: {}
[213.386830] (-) TimerEvent: {}
[213.487951] (-) TimerEvent: {}
[213.589146] (-) TimerEvent: {}
[213.690370] (-) TimerEvent: {}
[213.791606] (-) TimerEvent: {}
[213.892874] (-) TimerEvent: {}
[213.993989] (-) TimerEvent: {}
[214.095599] (-) TimerEvent: {}
[214.197161] (-) TimerEvent: {}
[214.300147] (-) TimerEvent: {}
[214.402203] (-) TimerEvent: {}
[214.504160] (-) TimerEvent: {}
[214.606287] (-) TimerEvent: {}
[214.708466] (-) TimerEvent: {}
[214.810919] (-) TimerEvent: {}
[214.913259] (-) TimerEvent: {}
[215.016068] (-) TimerEvent: {}
[215.118359] (-) TimerEvent: {}
[215.220524] (-) TimerEvent: {}
[215.322638] (-) TimerEvent: {}
[215.424690] (-) TimerEvent: {}
[215.527000] (-) TimerEvent: {}
[215.629668] (-) TimerEvent: {}
[215.732112] (-) TimerEvent: {}
[215.834515] (-) TimerEvent: {}
[215.937546] (-) TimerEvent: {}
[216.040086] (-) TimerEvent: {}
[216.143162] (-) TimerEvent: {}
[216.246430] (-) TimerEvent: {}
[216.353217] (-) TimerEvent: {}
[216.455964] (-) TimerEvent: {}
[216.558660] (-) TimerEvent: {}
[216.660026] (-) TimerEvent: {}
[216.762157] (-) TimerEvent: {}
[216.864327] (-) TimerEvent: {}
[216.965483] (-) TimerEvent: {}
[217.066861] (-) TimerEvent: {}
[217.168037] (-) TimerEvent: {}
[217.269305] (-) TimerEvent: {}
[217.370481] (-) TimerEvent: {}
[217.471836] (-) TimerEvent: {}
[217.572994] (-) TimerEvent: {}
[217.675422] (-) TimerEvent: {}
[217.776956] (-) TimerEvent: {}
[217.878413] (-) TimerEvent: {}
[217.979879] (-) TimerEvent: {}
[218.081948] (-) TimerEvent: {}
[218.182984] (-) TimerEvent: {}
[218.284122] (-) TimerEvent: {}
[218.385331] (-) TimerEvent: {}
[218.486470] (-) TimerEvent: {}
[218.587838] (-) TimerEvent: {}
[218.688992] (-) TimerEvent: {}
[218.790243] (-) TimerEvent: {}
[218.891472] (-) TimerEvent: {}
[218.992723] (-) TimerEvent: {}
[219.094169] (-) TimerEvent: {}
[219.195609] (-) TimerEvent: {}
[219.297587] (-) TimerEvent: {}
[219.399517] (-) TimerEvent: {}
[219.501859] (-) TimerEvent: {}
[219.603979] (-) TimerEvent: {}
[219.706710] (-) TimerEvent: {}
[219.808945] (-) TimerEvent: {}
[219.911328] (-) TimerEvent: {}
[220.013954] (-) TimerEvent: {}
[220.116300] (-) TimerEvent: {}
[220.219036] (-) TimerEvent: {}
[220.321130] (-) TimerEvent: {}
[220.423978] (-) TimerEvent: {}
[220.526096] (-) TimerEvent: {}
[220.628340] (-) TimerEvent: {}
[220.730502] (-) TimerEvent: {}
[220.832609] (-) TimerEvent: {}
[220.934948] (-) TimerEvent: {}
[221.037650] (-) TimerEvent: {}
[221.140272] (-) TimerEvent: {}
[221.243052] (-) TimerEvent: {}
[221.345195] (-) TimerEvent: {}
[221.447364] (-) TimerEvent: {}
[221.549948] (-) TimerEvent: {}
[221.652052] (-) TimerEvent: {}
[221.754096] (-) TimerEvent: {}
[221.856258] (-) TimerEvent: {}
[221.957333] (-) TimerEvent: {}
[222.059438] (-) TimerEvent: {}
[222.161482] (-) TimerEvent: {}
[222.263510] (-) TimerEvent: {}
[222.365702] (-) TimerEvent: {}
[222.467848] (-) TimerEvent: {}
[222.569828] (-) TimerEvent: {}
[222.671951] (-) TimerEvent: {}
[222.775940] (-) TimerEvent: {}
[222.877967] (-) TimerEvent: {}
[222.980131] (-) TimerEvent: {}
[223.083032] (-) TimerEvent: {}
[223.184206] (-) TimerEvent: {}
[223.285366] (-) TimerEvent: {}
[223.386569] (-) TimerEvent: {}
[223.487776] (-) TimerEvent: {}
[223.588953] (-) TimerEvent: {}
[223.690090] (-) TimerEvent: {}
[223.791379] (-) TimerEvent: {}
[223.892627] (-) TimerEvent: {}
[223.993900] (-) TimerEvent: {}
[224.095164] (-) TimerEvent: {}
[224.196528] (-) TimerEvent: {}
[224.297994] (-) TimerEvent: {}
[224.399272] (-) TimerEvent: {}
[224.501561] (-) TimerEvent: {}
[224.603673] (-) TimerEvent: {}
[224.706010] (-) TimerEvent: {}
[224.808012] (-) TimerEvent: {}
[224.910476] (-) TimerEvent: {}
[225.013324] (-) TimerEvent: {}
[225.116178] (-) TimerEvent: {}
[225.218984] (-) TimerEvent: {}
[225.320963] (-) TimerEvent: {}
[225.422969] (-) TimerEvent: {}
[225.525148] (-) TimerEvent: {}
[225.627421] (-) TimerEvent: {}
[225.729545] (-) TimerEvent: {}
[225.831670] (-) TimerEvent: {}
[225.933926] (-) TimerEvent: {}
[226.036182] (-) TimerEvent: {}
[226.138408] (-) TimerEvent: {}
[226.240870] (-) TimerEvent: {}
[226.343657] (-) TimerEvent: {}
[226.446118] (-) TimerEvent: {}
[226.548556] (-) TimerEvent: {}
[226.650993] (-) TimerEvent: {}
[226.753960] (-) TimerEvent: {}
[226.856507] (-) TimerEvent: {}
[226.958009] (-) TimerEvent: {}
[227.059536] (-) TimerEvent: {}
[227.161084] (-) TimerEvent: {}
[227.262873] (-) TimerEvent: {}
[227.364516] (-) TimerEvent: {}
[227.466080] (-) TimerEvent: {}
[227.568192] (-) TimerEvent: {}
[227.669609] (-) TimerEvent: {}
[227.770925] (-) TimerEvent: {}
[227.872198] (-) TimerEvent: {}
[227.973603] (-) TimerEvent: {}
[228.074989] (-) TimerEvent: {}
[228.177032] (-) TimerEvent: {}
[228.278258] (-) TimerEvent: {}
[228.379406] (-) TimerEvent: {}
[228.480662] (-) TimerEvent: {}
[228.581910] (-) TimerEvent: {}
[228.683069] (-) TimerEvent: {}
[228.784287] (-) TimerEvent: {}
[228.885509] (-) TimerEvent: {}
[228.986957] (-) TimerEvent: {}
[229.088266] (-) TimerEvent: {}
[229.190123] (-) TimerEvent: {}
[229.291980] (-) TimerEvent: {}
[229.394081] (-) TimerEvent: {}
[229.496167] (-) TimerEvent: {}
[229.598225] (-) TimerEvent: {}
[229.700378] (-) TimerEvent: {}
[229.802708] (-) TimerEvent: {}
[229.905812] (-) TimerEvent: {}
[230.007650] (-) TimerEvent: {}
[230.109604] (-) TimerEvent: {}
[230.211976] (-) TimerEvent: {}
[230.314093] (-) TimerEvent: {}
[230.416146] (-) TimerEvent: {}
[230.519606] (-) TimerEvent: {}
[230.621708] (-) TimerEvent: {}
[230.723958] (-) TimerEvent: {}
[230.826075] (-) TimerEvent: {}
[230.928105] (-) TimerEvent: {}
[231.030205] (-) TimerEvent: {}
[231.132773] (-) TimerEvent: {}
[231.234943] (-) TimerEvent: {}
[231.337104] (-) TimerEvent: {}
[231.439319] (-) TimerEvent: {}
[231.541524] (-) TimerEvent: {}
[231.643723] (-) TimerEvent: {}
[231.745971] (-) TimerEvent: {}
[231.848002] (-) TimerEvent: {}
[231.949505] (-) TimerEvent: {}
[232.050962] (-) TimerEvent: {}
[232.152203] (-) TimerEvent: {}
[232.253418] (-) TimerEvent: {}
[232.354717] (-) TimerEvent: {}
[232.456069] (-) TimerEvent: {}
[232.557284] (-) TimerEvent: {}
[232.658514] (-) TimerEvent: {}
[232.759679] (-) TimerEvent: {}
[232.860995] (-) TimerEvent: {}
[232.962421] (-) TimerEvent: {}
[233.063669] (-) TimerEvent: {}
[233.164980] (-) TimerEvent: {}
[233.266137] (-) TimerEvent: {}
[233.367373] (-) TimerEvent: {}
[233.468565] (-) TimerEvent: {}
[233.569933] (-) TimerEvent: {}
[233.671193] (-) TimerEvent: {}
[233.772467] (-) TimerEvent: {}
[233.873658] (-) TimerEvent: {}
[233.974863] (-) TimerEvent: {}
[234.076187] (-) TimerEvent: {}
[234.177358] (-) TimerEvent: {}
[234.279051] (-) TimerEvent: {}
[234.380488] (-) TimerEvent: {}
[234.481964] (-) TimerEvent: {}
[234.583905] (-) TimerEvent: {}
[234.685235] (-) TimerEvent: {}
[234.787111] (-) TimerEvent: {}
[234.889157] (-) TimerEvent: {}
[234.991224] (-) TimerEvent: {}
[235.093570] (-) TimerEvent: {}
[235.195942] (-) TimerEvent: {}
[235.298075] (-) TimerEvent: {}
[235.400159] (-) TimerEvent: {}
[235.502195] (-) TimerEvent: {}
[235.604311] (-) TimerEvent: {}
[235.706370] (-) TimerEvent: {}
[235.808813] (-) TimerEvent: {}
[235.910981] (-) TimerEvent: {}
[236.013620] (-) TimerEvent: {}
[236.116079] (-) TimerEvent: {}
[236.218813] (-) TimerEvent: {}
[236.320719] (-) TimerEvent: {}
[236.423189] (-) TimerEvent: {}
[236.525911] (-) TimerEvent: {}
[236.628281] (-) TimerEvent: {}
[236.730982] (-) TimerEvent: {}
[236.833178] (-) TimerEvent: {}
[236.934243] (-) TimerEvent: {}
[237.035782] (-) TimerEvent: {}
[237.137071] (-) TimerEvent: {}
[237.238845] (-) TimerEvent: {}
[237.340433] (-) TimerEvent: {}
[237.442274] (-) TimerEvent: {}
[237.543558] (-) TimerEvent: {}
[237.644892] (-) TimerEvent: {}
[237.746099] (-) TimerEvent: {}
[237.847897] (-) TimerEvent: {}
[237.949103] (-) TimerEvent: {}
[238.050405] (-) TimerEvent: {}
[238.152969] (-) TimerEvent: {}
[238.253970] (-) TimerEvent: {}
[238.355400] (-) TimerEvent: {}
[238.456720] (-) TimerEvent: {}
[238.557964] (-) TimerEvent: {}
[238.659205] (-) TimerEvent: {}
[238.761028] (-) TimerEvent: {}
[238.831417] (rt_ros2) StdoutLine: {'line': b'[ 87%] \x1b[32mBuilding CXX object CMakeFiles/main_rt.dir/src/nodo_actuador.cpp.o\x1b[0m\n'}
[238.861252] (-) TimerEvent: {}
[238.884074] (rt_ros2) StdoutLine: {'line': b'[ 89%] \x1b[32mBuilding CXX object CMakeFiles/rt_ros2.dir/src/nodo_maquina_estados.cpp.o\x1b[0m\n'}
[238.961485] (-) TimerEvent: {}
[239.063266] (-) TimerEvent: {}
[239.164840] (-) TimerEvent: {}
[239.266503] (-) TimerEvent: {}
[239.368410] (-) TimerEvent: {}
[239.470079] (-) TimerEvent: {}
[239.571673] (-) TimerEvent: {}
[239.673507] (-) TimerEvent: {}
[239.775167] (-) TimerEvent: {}
[239.876927] (-) TimerEvent: {}
[239.978527] (-) TimerEvent: {}
[240.080168] (-) TimerEvent: {}
[240.183335] (-) TimerEvent: {}
[240.284548] (-) TimerEvent: {}
[240.386441] (-) TimerEvent: {}
[240.488115] (-) TimerEvent: {}
[240.589844] (-) TimerEvent: {}
[240.691528] (-) TimerEvent: {}
[240.793398] (-) TimerEvent: {}
[240.895095] (-) TimerEvent: {}
[240.996706] (-) TimerEvent: {}
[241.098411] (-) TimerEvent: {}
[241.200086] (-) TimerEvent: {}
[241.301699] (-) TimerEvent: {}
[241.403663] (-) TimerEvent: {}
[241.505625] (-) TimerEvent: {}
[241.607963] (-) TimerEvent: {}
[241.710184] (-) TimerEvent: {}
[241.812664] (-) TimerEvent: {}
[241.913706] (-) TimerEvent: {}
[242.014934] (-) TimerEvent: {}
[242.116091] (-) TimerEvent: {}
[242.217054] (-) TimerEvent: {}
[242.318270] (-) TimerEvent: {}
[242.419944] (-) TimerEvent: {}
[242.521094] (-) TimerEvent: {}
[242.622128] (-) TimerEvent: {}
[242.730607] (-) TimerEvent: {}
[242.831630] (-) TimerEvent: {}
[242.932949] (-) TimerEvent: {}
[243.034505] (-) TimerEvent: {}
[243.136024] (-) TimerEvent: {}
[243.237330] (-) TimerEvent: {}
[243.338800] (-) TimerEvent: {}
[243.440038] (-) TimerEvent: {}
[243.541470] (-) TimerEvent: {}
[243.642680] (-) TimerEvent: {}
[243.744013] (-) TimerEvent: {}
[243.845362] (-) TimerEvent: {}
[243.946547] (-) TimerEvent: {}
[244.047905] (-) TimerEvent: {}
[244.149400] (-) TimerEvent: {}
[244.250882] (-) TimerEvent: {}
[244.352840] (-) TimerEvent: {}
[244.454995] (-) TimerEvent: {}
[244.558033] (-) TimerEvent: {}
[244.660180] (-) TimerEvent: {}
[244.762191] (-) TimerEvent: {}
[244.864264] (-) TimerEvent: {}
[244.966942] (-) TimerEvent: {}
[245.069551] (-) TimerEvent: {}
[245.171950] (-) TimerEvent: {}
[245.274101] (-) TimerEvent: {}
[245.377110] (-) TimerEvent: {}
[245.479312] (-) TimerEvent: {}
[245.581446] (-) TimerEvent: {}
[245.684231] (-) TimerEvent: {}
[245.786411] (-) TimerEvent: {}
[245.889579] (-) TimerEvent: {}
[245.992366] (-) TimerEvent: {}
[246.094701] (-) TimerEvent: {}
[246.197052] (-) TimerEvent: {}
[246.299895] (-) TimerEvent: {}
[246.402512] (-) TimerEvent: {}
[246.505137] (-) TimerEvent: {}
[246.607325] (-) TimerEvent: {}
[246.709546] (-) TimerEvent: {}
[246.811890] (-) TimerEvent: {}
[246.913235] (-) TimerEvent: {}
[247.014390] (-) TimerEvent: {}
[247.115586] (-) TimerEvent: {}
[247.216959] (-) TimerEvent: {}
[247.318183] (-) TimerEvent: {}
[247.419470] (-) TimerEvent: {}
[247.520931] (-) TimerEvent: {}
[247.622301] (-) TimerEvent: {}
[247.723709] (-) TimerEvent: {}
[247.828312] (-) TimerEvent: {}
[247.929859] (-) TimerEvent: {}
[248.031248] (-) TimerEvent: {}
[248.133377] (-) TimerEvent: {}
[248.234647] (-) TimerEvent: {}
[248.336849] (-) TimerEvent: {}
[248.438846] (-) TimerEvent: {}
[248.540023] (-) TimerEvent: {}
[248.641386] (-) TimerEvent: {}
[248.742679] (-) TimerEvent: {}
[248.843974] (-) TimerEvent: {}
[248.945111] (-) TimerEvent: {}
[249.046519] (-) TimerEvent: {}
[249.150547] (-) TimerEvent: {}
[249.252944] (-) TimerEvent: {}
[249.355111] (-) TimerEvent: {}
[249.457241] (-) TimerEvent: {}
[249.559512] (-) TimerEvent: {}
[249.662562] (-) TimerEvent: {}
[249.764844] (-) TimerEvent: {}
[249.866940] (-) TimerEvent: {}
[249.969048] (-) TimerEvent: {}
[250.071145] (-) TimerEvent: {}
[250.173212] (-) TimerEvent: {}
[250.275435] (-) TimerEvent: {}
[250.377851] (-) TimerEvent: {}
[250.480184] (-) TimerEvent: {}
[250.582277] (-) TimerEvent: {}
[250.684457] (-) TimerEvent: {}
[250.786625] (-) TimerEvent: {}
[250.888544] (-) TimerEvent: {}
[250.990577] (-) TimerEvent: {}
[251.092844] (-) TimerEvent: {}
[251.194898] (-) TimerEvent: {}
[251.296956] (-) TimerEvent: {}
[251.398998] (-) TimerEvent: {}
[251.501144] (-) TimerEvent: {}
[251.603254] (-) TimerEvent: {}
[251.705644] (-) TimerEvent: {}
[251.807930] (-) TimerEvent: {}
[251.909071] (-) TimerEvent: {}
[252.010213] (-) TimerEvent: {}
[252.111351] (-) TimerEvent: {}
[252.212576] (-) TimerEvent: {}
[252.313890] (-) TimerEvent: {}
[252.415121] (-) TimerEvent: {}
[252.516431] (-) TimerEvent: {}
[252.617881] (-) TimerEvent: {}
[252.719071] (-) TimerEvent: {}
[252.820292] (-) TimerEvent: {}
[252.926973] (-) TimerEvent: {}
[253.028364] (-) TimerEvent: {}
[253.130350] (-) TimerEvent: {}
[253.231697] (-) TimerEvent: {}
[253.333040] (-) TimerEvent: {}
[253.434344] (-) TimerEvent: {}
[253.535681] (-) TimerEvent: {}
[253.637000] (-) TimerEvent: {}
[253.738497] (-) TimerEvent: {}
[253.840125] (-) TimerEvent: {}
[253.941619] (-) TimerEvent: {}
[254.043413] (-) TimerEvent: {}
[254.144959] (-) TimerEvent: {}
[254.246902] (-) TimerEvent: {}
[254.349491] (-) TimerEvent: {}
[254.451844] (-) TimerEvent: {}
[254.554080] (-) TimerEvent: {}
[254.656179] (-) TimerEvent: {}
[254.758310] (-) TimerEvent: {}
[254.860507] (-) TimerEvent: {}
[254.962679] (-) TimerEvent: {}
[255.064977] (-) TimerEvent: {}
[255.167152] (-) TimerEvent: {}
[255.269198] (-) TimerEvent: {}
[255.371430] (-) TimerEvent: {}
[255.474311] (-) TimerEvent: {}
[255.576401] (-) TimerEvent: {}
[255.678587] (-) TimerEvent: {}
[255.780696] (-) TimerEvent: {}
[255.882874] (-) TimerEvent: {}
[255.985156] (-) TimerEvent: {}
[256.087171] (-) TimerEvent: {}
[256.189417] (-) TimerEvent: {}
[256.291671] (-) TimerEvent: {}
[256.394220] (-) TimerEvent: {}
[256.496211] (-) TimerEvent: {}
[256.598232] (-) TimerEvent: {}
[256.700240] (-) TimerEvent: {}
[256.802339] (-) TimerEvent: {}
[256.903636] (-) TimerEvent: {}
[257.005793] (-) TimerEvent: {}
[257.107770] (-) TimerEvent: {}
[257.210071] (-) TimerEvent: {}
[257.312276] (-) TimerEvent: {}
[257.414485] (-) TimerEvent: {}
[257.516979] (-) TimerEvent: {}
[257.619441] (-) TimerEvent: {}
[257.721670] (-) TimerEvent: {}
[257.824105] (-) TimerEvent: {}
[257.929684] (-) TimerEvent: {}
[258.032158] (-) TimerEvent: {}
[258.134692] (-) TimerEvent: {}
[258.235908] (-) TimerEvent: {}
[258.337136] (-) TimerEvent: {}
[258.438317] (-) TimerEvent: {}
[258.539626] (-) TimerEvent: {}
[258.640604] (-) TimerEvent: {}
[258.741945] (-) TimerEvent: {}
[258.843096] (-) TimerEvent: {}
[258.944324] (-) TimerEvent: {}
[259.045551] (-) TimerEvent: {}
[259.146852] (-) TimerEvent: {}
[259.248260] (-) TimerEvent: {}
[259.349675] (-) TimerEvent: {}
[259.451902] (-) TimerEvent: {}
[259.554361] (-) TimerEvent: {}
[259.655821] (-) TimerEvent: {}
[259.757954] (-) TimerEvent: {}
[259.860001] (-) TimerEvent: {}
[259.962090] (-) TimerEvent: {}
[260.064244] (-) TimerEvent: {}
[260.166493] (-) TimerEvent: {}
[260.268977] (-) TimerEvent: {}
[260.371095] (-) TimerEvent: {}
[260.473290] (-) TimerEvent: {}
[260.575429] (-) TimerEvent: {}
[260.677702] (-) TimerEvent: {}
[260.779937] (-) TimerEvent: {}
[260.882036] (-) TimerEvent: {}
[260.984081] (-) TimerEvent: {}
[261.086218] (-) TimerEvent: {}
[261.188714] (-) TimerEvent: {}
[261.291049] (-) TimerEvent: {}
[261.393257] (-) TimerEvent: {}
[261.495421] (-) TimerEvent: {}
[261.598198] (-) TimerEvent: {}
[261.700321] (-) TimerEvent: {}
[261.802444] (-) TimerEvent: {}
[261.903797] (-) TimerEvent: {}
[262.005011] (-) TimerEvent: {}
[262.107042] (-) TimerEvent: {}
[262.209876] (-) TimerEvent: {}
[262.311945] (-) TimerEvent: {}
[262.414000] (-) TimerEvent: {}
[262.516321] (-) TimerEvent: {}
[262.618628] (-) TimerEvent: {}
[262.720989] (-) TimerEvent: {}
[262.823139] (-) TimerEvent: {}
[262.925477] (-) TimerEvent: {}
[263.030203] (-) TimerEvent: {}
[263.132584] (-) TimerEvent: {}
[263.233870] (-) TimerEvent: {}
[263.336225] (-) TimerEvent: {}
[263.438373] (-) TimerEvent: {}
[263.540975] (-) TimerEvent: {}
[263.643096] (-) TimerEvent: {}
[263.745398] (-) TimerEvent: {}
[263.848085] (-) TimerEvent: {}
[263.950299] (-) TimerEvent: {}
[264.052575] (-) TimerEvent: {}
[264.154947] (-) TimerEvent: {}
[264.257510] (-) TimerEvent: {}
[264.360813] (-) TimerEvent: {}
[264.463219] (-) TimerEvent: {}
[264.565593] (-) TimerEvent: {}
[264.667991] (-) TimerEvent: {}
[264.770238] (-) TimerEvent: {}
[264.872562] (-) TimerEvent: {}
[264.975172] (-) TimerEvent: {}
[265.077838] (-) TimerEvent: {}
[265.180237] (-) TimerEvent: {}
[265.282986] (-) TimerEvent: {}
[265.385478] (-) TimerEvent: {}
[265.488161] (-) TimerEvent: {}
[265.590545] (-) TimerEvent: {}
[265.692973] (-) TimerEvent: {}
[265.795439] (-) TimerEvent: {}
[265.897977] (-) TimerEvent: {}
[266.000208] (-) TimerEvent: {}
[266.102432] (-) TimerEvent: {}
[266.204677] (-) TimerEvent: {}
[266.306901] (-) TimerEvent: {}
[266.408985] (-) TimerEvent: {}
[266.511201] (-) TimerEvent: {}
[266.613323] (-) TimerEvent: {}
[266.715509] (-) TimerEvent: {}
[266.817759] (-) TimerEvent: {}
[266.919071] (-) TimerEvent: {}
[267.020160] (-) TimerEvent: {}
[267.121325] (-) TimerEvent: {}
[267.222606] (-) TimerEvent: {}
[267.323916] (-) TimerEvent: {}
[267.425097] (-) TimerEvent: {}
[267.526461] (-) TimerEvent: {}
[267.627652] (-) TimerEvent: {}
[267.728905] (-) TimerEvent: {}
[267.830286] (-) TimerEvent: {}
[267.931496] (-) TimerEvent: {}
[268.035138] (-) TimerEvent: {}
[268.136505] (-) TimerEvent: {}
[268.238031] (-) TimerEvent: {}
[268.339264] (-) TimerEvent: {}
[268.440304] (-) TimerEvent: {}
[268.541461] (-) TimerEvent: {}
[268.642786] (-) TimerEvent: {}
[268.743981] (-) TimerEvent: {}
[268.845200] (-) TimerEvent: {}
[268.946394] (-) TimerEvent: {}
[269.047631] (-) TimerEvent: {}
[269.148945] (-) TimerEvent: {}
[269.250241] (-) TimerEvent: {}
[269.351552] (-) TimerEvent: {}
[269.452962] (-) TimerEvent: {}
[269.554964] (-) TimerEvent: {}
[269.657074] (-) TimerEvent: {}
[269.759114] (-) TimerEvent: {}
[269.861153] (-) TimerEvent: {}
[269.963129] (-) TimerEvent: {}
[270.065109] (-) TimerEvent: {}
[270.167478] (-) TimerEvent: {}
[270.269546] (-) TimerEvent: {}
[270.371252] (-) TimerEvent: {}
[270.473331] (-) TimerEvent: {}
[270.575427] (-) TimerEvent: {}
[270.677682] (-) TimerEvent: {}
[270.779829] (-) TimerEvent: {}
[270.881645] (-) TimerEvent: {}
[270.983890] (-) TimerEvent: {}
[271.085973] (-) TimerEvent: {}
[271.188148] (-) TimerEvent: {}
[271.290157] (-) TimerEvent: {}
[271.392277] (-) TimerEvent: {}
[271.494490] (-) TimerEvent: {}
[271.596572] (-) TimerEvent: {}
[271.698854] (-) TimerEvent: {}
[271.800967] (-) TimerEvent: {}
[271.903007] (-) TimerEvent: {}
[272.004076] (-) TimerEvent: {}
[272.105061] (-) TimerEvent: {}
[272.205981] (-) TimerEvent: {}
[272.306997] (-) TimerEvent: {}
[272.408104] (-) TimerEvent: {}
[272.509236] (-) TimerEvent: {}
[272.610387] (-) TimerEvent: {}
[272.712417] (-) TimerEvent: {}
[272.814530] (-) TimerEvent: {}
[272.916647] (-) TimerEvent: {}
[273.026972] (-) TimerEvent: {}
[273.132410] (-) TimerEvent: {}
[273.233650] (-) TimerEvent: {}
[273.335759] (-) TimerEvent: {}
[273.436883] (-) TimerEvent: {}
[273.537945] (-) TimerEvent: {}
[273.639538] (-) TimerEvent: {}
[273.741908] (-) TimerEvent: {}
[273.843962] (-) TimerEvent: {}
[273.945955] (-) TimerEvent: {}
[274.047945] (-) TimerEvent: {}
[274.150001] (-) TimerEvent: {}
[274.252066] (-) TimerEvent: {}
[274.354082] (-) TimerEvent: {}
[274.456013] (-) TimerEvent: {}
[274.558086] (-) TimerEvent: {}
[274.660082] (-) TimerEvent: {}
[274.764668] (-) TimerEvent: {}
[274.867159] (-) TimerEvent: {}
[274.969154] (-) TimerEvent: {}
[275.071216] (-) TimerEvent: {}
[275.173871] (-) TimerEvent: {}
[275.275938] (-) TimerEvent: {}
[275.378567] (-) TimerEvent: {}
[275.480637] (-) TimerEvent: {}
[275.582485] (-) TimerEvent: {}
[275.684385] (-) TimerEvent: {}
[275.786217] (-) TimerEvent: {}
[275.888080] (-) TimerEvent: {}
[275.989944] (-) TimerEvent: {}
[276.091924] (-) TimerEvent: {}
[276.193262] (-) TimerEvent: {}
[276.294391] (-) TimerEvent: {}
[276.395377] (-) TimerEvent: {}
[276.496563] (-) TimerEvent: {}
[276.597578] (-) TimerEvent: {}
[276.698635] (-) TimerEvent: {}
[276.799820] (-) TimerEvent: {}
[276.900975] (-) TimerEvent: {}
[277.002056] (-) TimerEvent: {}
[277.103171] (-) TimerEvent: {}
[277.204267] (-) TimerEvent: {}
[277.305363] (-) TimerEvent: {}
[277.406563] (-) TimerEvent: {}
[277.507802] (-) TimerEvent: {}
[277.609082] (-) TimerEvent: {}
[277.710855] (-) TimerEvent: {}
[277.812244] (-) TimerEvent: {}
[277.913825] (-) TimerEvent: {}
[278.014965] (-) TimerEvent: {}
[278.116096] (-) TimerEvent: {}
[278.217322] (-) TimerEvent: {}
[278.318670] (-) TimerEvent: {}
[278.420874] (-) TimerEvent: {}
[278.521966] (-) TimerEvent: {}
[278.623159] (-) TimerEvent: {}
[278.724146] (-) TimerEvent: {}
[278.825318] (-) TimerEvent: {}
[278.926496] (-) TimerEvent: {}
[279.027669] (-) TimerEvent: {}
[279.128974] (-) TimerEvent: {}
[279.230142] (-) TimerEvent: {}
[279.331318] (-) TimerEvent: {}
[279.432453] (-) TimerEvent: {}
[279.533427] (-) TimerEvent: {}
[279.634777] (-) TimerEvent: {}
[279.736483] (-) TimerEvent: {}
[279.837660] (-) TimerEvent: {}
[279.938799] (-) TimerEvent: {}
[280.039878] (-) TimerEvent: {}
[280.140949] (-) TimerEvent: {}
[280.241968] (-) TimerEvent: {}
[280.343166] (-) TimerEvent: {}
[280.444333] (-) TimerEvent: {}
[280.546073] (-) TimerEvent: {}
[280.648031] (-) TimerEvent: {}
[280.749410] (-) TimerEvent: {}
[280.851510] (-) TimerEvent: {}
[280.953647] (-) TimerEvent: {}
[281.055912] (-) TimerEvent: {}
[281.157938] (-) TimerEvent: {}
[281.260046] (-) TimerEvent: {}
[281.362207] (-) TimerEvent: {}
[281.464257] (-) TimerEvent: {}
[281.566442] (-) TimerEvent: {}
[281.671544] (-) TimerEvent: {}
[281.781057] (-) TimerEvent: {}
[281.887677] (-) TimerEvent: {}
[281.989165] (-) TimerEvent: {}
[282.090287] (-) TimerEvent: {}
[282.191518] (-) TimerEvent: {}
[282.292962] (-) TimerEvent: {}
[282.394304] (-) TimerEvent: {}
[282.495580] (-) TimerEvent: {}
[282.596906] (-) TimerEvent: {}
[282.698159] (-) TimerEvent: {}
[282.799584] (-) TimerEvent: {}
[282.901034] (-) TimerEvent: {}
[283.002344] (-) TimerEvent: {}
[283.107058] (-) TimerEvent: {}
[283.208649] (-) TimerEvent: {}
[283.310217] (-) TimerEvent: {}
[283.411477] (-) TimerEvent: {}
[283.512817] (-) TimerEvent: {}
[283.614063] (-) TimerEvent: {}
[283.715186] (-) TimerEvent: {}
[283.816211] (-) TimerEvent: {}
[283.917980] (-) TimerEvent: {}
[284.019008] (-) TimerEvent: {}
[284.121979] (-) TimerEvent: {}
[284.224969] (-) TimerEvent: {}
[284.327080] (-) TimerEvent: {}
[284.429865] (-) TimerEvent: {}
[284.532885] (-) TimerEvent: {}
[284.635537] (-) TimerEvent: {}
[284.737655] (-) TimerEvent: {}
[284.840037] (-) TimerEvent: {}
[284.942467] (-) TimerEvent: {}
[285.045278] (-) TimerEvent: {}
[285.148948] (-) TimerEvent: {}
[285.251310] (-) TimerEvent: {}
[285.354058] (-) TimerEvent: {}
[285.456155] (-) TimerEvent: {}
[285.558186] (-) TimerEvent: {}
[285.660147] (-) TimerEvent: {}
[285.762039] (-) TimerEvent: {}
[285.864006] (-) TimerEvent: {}
[285.966135] (-) TimerEvent: {}
[286.068580] (-) TimerEvent: {}
[286.170498] (-) TimerEvent: {}
[286.272855] (-) TimerEvent: {}
[286.374981] (-) TimerEvent: {}
[286.477223] (-) TimerEvent: {}
[286.580710] (-) TimerEvent: {}
[286.682930] (-) TimerEvent: {}
[286.785594] (-) TimerEvent: {}
[286.887080] (-) TimerEvent: {}
[286.988460] (-) TimerEvent: {}
[287.090019] (-) TimerEvent: {}
[287.191235] (-) TimerEvent: {}
[287.292320] (-) TimerEvent: {}
[287.393544] (-) TimerEvent: {}
[287.494844] (-) TimerEvent: {}
[287.596076] (-) TimerEvent: {}
[287.698270] (-) TimerEvent: {}
[287.800971] (-) TimerEvent: {}
[287.903199] (-) TimerEvent: {}
[288.005420] (-) TimerEvent: {}
[288.110938] (-) TimerEvent: {}
[288.212566] (-) TimerEvent: {}
[288.313893] (-) TimerEvent: {}
[288.415090] (-) TimerEvent: {}
[288.516304] (-) TimerEvent: {}
[288.617504] (-) TimerEvent: {}
[288.719489] (-) TimerEvent: {}
[288.821646] (-) TimerEvent: {}
[288.923953] (-) TimerEvent: {}
[289.025961] (-) TimerEvent: {}
[289.128090] (-) TimerEvent: {}
[289.230925] (-) TimerEvent: {}
[289.333039] (-) TimerEvent: {}
[289.435538] (-) TimerEvent: {}
[289.537697] (-) TimerEvent: {}
[289.639905] (-) TimerEvent: {}
[289.742040] (-) TimerEvent: {}
[289.844195] (-) TimerEvent: {}
[289.946421] (-) TimerEvent: {}
[290.049158] (-) TimerEvent: {}
[290.151589] (-) TimerEvent: {}
[290.253917] (-) TimerEvent: {}
[290.356009] (-) TimerEvent: {}
[290.458239] (-) TimerEvent: {}
[290.560613] (-) TimerEvent: {}
[290.662935] (-) TimerEvent: {}
[290.764965] (-) TimerEvent: {}
[290.867214] (-) TimerEvent: {}
[290.969123] (-) TimerEvent: {}
[291.071277] (-) TimerEvent: {}
[291.173153] (-) TimerEvent: {}
[291.275233] (-) TimerEvent: {}
[291.377181] (-) TimerEvent: {}
[291.479259] (-) TimerEvent: {}
[291.581516] (-) TimerEvent: {}
[291.683531] (-) TimerEvent: {}
[291.785898] (-) TimerEvent: {}
[291.887266] (-) TimerEvent: {}
[291.988352] (-) TimerEvent: {}
[292.089658] (-) TimerEvent: {}
[292.190925] (-) TimerEvent: {}
[292.292238] (-) TimerEvent: {}
[292.393493] (-) TimerEvent: {}
[292.494883] (-) TimerEvent: {}
[292.596059] (-) TimerEvent: {}
[292.698007] (-) TimerEvent: {}
[292.799977] (-) TimerEvent: {}
[292.902267] (-) TimerEvent: {}
[293.004446] (-) TimerEvent: {}
[293.106953] (-) TimerEvent: {}
[293.207933] (-) TimerEvent: {}
[293.309092] (-) TimerEvent: {}
[293.410313] (-) TimerEvent: {}
[293.511429] (-) TimerEvent: {}
[293.612822] (-) TimerEvent: {}
[293.714783] (-) TimerEvent: {}
[293.816892] (-) TimerEvent: {}
[293.919026] (-) TimerEvent: {}
[294.021245] (-) TimerEvent: {}
[294.123556] (-) TimerEvent: {}
[294.225877] (-) TimerEvent: {}
[294.328287] (-) TimerEvent: {}
[294.430868] (-) TimerEvent: {}
[294.533121] (-) TimerEvent: {}
[294.635028] (-) TimerEvent: {}
[294.737183] (-) TimerEvent: {}
[294.839572] (-) TimerEvent: {}
[294.942165] (-) TimerEvent: {}
[295.045648] (-) TimerEvent: {}
[295.147940] (-) TimerEvent: {}
[295.249841] (-) TimerEvent: {}
[295.351682] (-) TimerEvent: {}
[295.454116] (-) TimerEvent: {}
[295.556594] (-) TimerEvent: {}
[295.659824] (-) TimerEvent: {}
[295.761647] (-) TimerEvent: {}
[295.863882] (-) TimerEvent: {}
[295.966202] (-) TimerEvent: {}
[296.068054] (-) TimerEvent: {}
[296.170105] (-) TimerEvent: {}
[296.272035] (-) TimerEvent: {}
[296.374443] (-) TimerEvent: {}
[296.477100] (-) TimerEvent: {}
[296.579276] (-) TimerEvent: {}
[296.681222] (-) TimerEvent: {}
[296.783519] (-) TimerEvent: {}
[296.884708] (-) TimerEvent: {}
[296.986010] (-) TimerEvent: {}
[297.087509] (-) TimerEvent: {}
[297.189319] (-) TimerEvent: {}
[297.290892] (-) TimerEvent: {}
[297.392197] (-) TimerEvent: {}
[297.493348] (-) TimerEvent: {}
[297.595120] (-) TimerEvent: {}
[297.697047] (-) TimerEvent: {}
[297.799419] (-) TimerEvent: {}
[297.902249] (-) TimerEvent: {}
[298.004708] (-) TimerEvent: {}
[298.106908] (-) TimerEvent: {}
[298.208135] (-) TimerEvent: {}
[298.309396] (-) TimerEvent: {}
[298.410625] (-) TimerEvent: {}
[298.511969] (-) TimerEvent: {}
[298.613103] (-) TimerEvent: {}
[298.714339] (-) TimerEvent: {}
[298.815804] (-) TimerEvent: {}
[298.916988] (-) TimerEvent: {}
[299.018274] (-) TimerEvent: {}
[299.119960] (-) TimerEvent: {}
[299.222140] (-) TimerEvent: {}
[299.323434] (-) TimerEvent: {}
[299.425987] (-) TimerEvent: {}
[299.528245] (-) TimerEvent: {}
[299.630841] (-) TimerEvent: {}
[299.732973] (-) TimerEvent: {}
[299.835510] (-) TimerEvent: {}
[299.938252] (-) TimerEvent: {}
[300.040676] (-) TimerEvent: {}
[300.143693] (-) TimerEvent: {}
[300.246404] (-) TimerEvent: {}
[300.348113] (-) TimerEvent: {}
[300.450442] (-) TimerEvent: {}
[300.553060] (-) TimerEvent: {}
[300.654941] (-) TimerEvent: {}
[300.756883] (-) TimerEvent: {}
[300.858871] (-) TimerEvent: {}
[300.960870] (-) TimerEvent: {}
[301.062911] (-) TimerEvent: {}
[301.165101] (-) TimerEvent: {}
[301.267420] (-) TimerEvent: {}
[301.369491] (-) TimerEvent: {}
[301.471513] (-) TimerEvent: {}
[301.573885] (-) TimerEvent: {}
[301.678022] (-) TimerEvent: {}
[301.782989] (-) TimerEvent: {}
[301.848521] (rt_ros2) StdoutLine: {'line': b'[ 90%] \x1b[32mBuilding CXX object CMakeFiles/main_rt.dir/src/nodo_maquina_estados.cpp.o\x1b[0m\n'}
[301.883183] (-) TimerEvent: {}
[301.985077] (-) TimerEvent: {}
[302.087160] (-) TimerEvent: {}
[302.188148] (-) TimerEvent: {}
[302.290019] (-) TimerEvent: {}
[302.391965] (-) TimerEvent: {}
[302.493973] (-) TimerEvent: {}
[302.597214] (-) TimerEvent: {}
[302.699518] (-) TimerEvent: {}
[302.801709] (-) TimerEvent: {}
[302.903692] (-) TimerEvent: {}
[303.005565] (-) TimerEvent: {}
[303.120854] (-) TimerEvent: {}
[303.221888] (-) TimerEvent: {}
[303.322824] (-) TimerEvent: {}
[303.423883] (-) TimerEvent: {}
[303.525716] (-) TimerEvent: {}
[303.627465] (-) TimerEvent: {}
[303.729256] (-) TimerEvent: {}
[303.830994] (-) TimerEvent: {}
[303.932959] (-) TimerEvent: {}
[304.034903] (-) TimerEvent: {}
[304.136951] (-) TimerEvent: {}
[304.238841] (-) TimerEvent: {}
[304.340634] (-) TimerEvent: {}
[304.442528] (-) TimerEvent: {}
[304.544549] (-) TimerEvent: {}
[304.646300] (-) TimerEvent: {}
[304.748215] (-) TimerEvent: {}
[304.851386] (-) TimerEvent: {}
[304.953153] (-) TimerEvent: {}
[305.055012] (-) TimerEvent: {}
[305.157248] (-) TimerEvent: {}
[305.259222] (-) TimerEvent: {}
[305.361494] (-) TimerEvent: {}
[305.463980] (-) TimerEvent: {}
[305.565981] (-) TimerEvent: {}
[305.668194] (-) TimerEvent: {}
[305.770133] (-) TimerEvent: {}
[305.872910] (-) TimerEvent: {}
[305.974931] (-) TimerEvent: {}
[306.077142] (-) TimerEvent: {}
[306.179416] (-) TimerEvent: {}
[306.281902] (-) TimerEvent: {}
[306.384160] (-) TimerEvent: {}
[306.486823] (-) TimerEvent: {}
[306.588932] (-) TimerEvent: {}
[306.690772] (-) TimerEvent: {}
[306.792654] (-) TimerEvent: {}
[306.894015] (-) TimerEvent: {}
[306.995441] (-) TimerEvent: {}
[307.096973] (-) TimerEvent: {}
[307.197994] (-) TimerEvent: {}
[307.299415] (-) TimerEvent: {}
[307.400883] (-) TimerEvent: {}
[307.502125] (-) TimerEvent: {}
[307.603321] (-) TimerEvent: {}
[307.705395] (-) TimerEvent: {}
[307.807712] (-) TimerEvent: {}
[307.909941] (-) TimerEvent: {}
[308.011960] (-) TimerEvent: {}
[308.114168] (-) TimerEvent: {}
[308.215516] (-) TimerEvent: {}
[308.316945] (-) TimerEvent: {}
[308.418494] (-) TimerEvent: {}
[308.519953] (-) TimerEvent: {}
[308.621370] (-) TimerEvent: {}
[308.724421] (-) TimerEvent: {}
[308.827219] (-) TimerEvent: {}
[308.929606] (-) TimerEvent: {}
[309.031969] (-) TimerEvent: {}
[309.134248] (-) TimerEvent: {}
[309.236710] (-) TimerEvent: {}
[309.339415] (-) TimerEvent: {}
[309.441709] (-) TimerEvent: {}
[309.544985] (-) TimerEvent: {}
[309.647429] (-) TimerEvent: {}
[309.749354] (-) TimerEvent: {}
[309.851971] (-) TimerEvent: {}
[309.954548] (-) TimerEvent: {}
[310.057436] (-) TimerEvent: {}
[310.160171] (-) TimerEvent: {}
[310.262591] (-) TimerEvent: {}
[310.364622] (-) TimerEvent: {}
[310.467479] (-) TimerEvent: {}
[310.569527] (-) TimerEvent: {}
[310.671607] (-) TimerEvent: {}
[310.773358] (-) TimerEvent: {}
[310.875561] (-) TimerEvent: {}
[310.977983] (-) TimerEvent: {}
[311.079897] (-) TimerEvent: {}
[311.182065] (-) TimerEvent: {}
[311.284431] (-) TimerEvent: {}
[311.387621] (-) TimerEvent: {}
[311.489966] (-) TimerEvent: {}
[311.592055] (-) TimerEvent: {}
[311.694141] (-) TimerEvent: {}
[311.796191] (-) TimerEvent: {}
[311.897303] (-) TimerEvent: {}
[311.998460] (-) TimerEvent: {}
[312.099901] (-) TimerEvent: {}
[312.201192] (-) TimerEvent: {}
[312.302841] (-) TimerEvent: {}
[312.403990] (-) TimerEvent: {}
[312.505269] (-) TimerEvent: {}
[312.607669] (-) TimerEvent: {}
[312.709417] (-) TimerEvent: {}
[312.811618] (-) TimerEvent: {}
[312.913662] (-) TimerEvent: {}
[313.015983] (-) TimerEvent: {}
[313.118404] (-) TimerEvent: {}
[313.220295] (-) TimerEvent: {}
[313.322299] (-) TimerEvent: {}
[313.424163] (-) TimerEvent: {}
[313.529197] (-) TimerEvent: {}
[313.631715] (-) TimerEvent: {}
[313.733627] (-) TimerEvent: {}
[313.835827] (-) TimerEvent: {}
[313.937824] (-) TimerEvent: {}
[314.039950] (-) TimerEvent: {}
[314.142065] (-) TimerEvent: {}
[314.244207] (-) TimerEvent: {}
[314.346344] (-) TimerEvent: {}
[314.448548] (-) TimerEvent: {}
[314.550928] (-) TimerEvent: {}
[314.653270] (-) TimerEvent: {}
[314.755166] (-) TimerEvent: {}
[314.857287] (-) TimerEvent: {}
[314.959488] (-) TimerEvent: {}
[315.061601] (-) TimerEvent: {}
[315.164245] (-) TimerEvent: {}
[315.266569] (-) TimerEvent: {}
[315.368602] (-) TimerEvent: {}
[315.471501] (-) TimerEvent: {}
[315.573545] (-) TimerEvent: {}
[315.675580] (-) TimerEvent: {}
[315.777629] (-) TimerEvent: {}
[315.879997] (-) TimerEvent: {}
[315.982462] (-) TimerEvent: {}
[316.085029] (-) TimerEvent: {}
[316.187408] (-) TimerEvent: {}
[316.290009] (-) TimerEvent: {}
[316.392588] (-) TimerEvent: {}
[316.494969] (-) TimerEvent: {}
[316.597363] (-) TimerEvent: {}
[316.699375] (-) TimerEvent: {}
[316.801812] (-) TimerEvent: {}
[316.903063] (-) TimerEvent: {}
[317.004513] (-) TimerEvent: {}
[317.105951] (-) TimerEvent: {}
[317.207391] (-) TimerEvent: {}
[317.308483] (-) TimerEvent: {}
[317.409690] (-) TimerEvent: {}
[317.511083] (-) TimerEvent: {}
[317.612545] (-) TimerEvent: {}
[317.715351] (-) TimerEvent: {}
[317.817866] (-) TimerEvent: {}
[317.920413] (-) TimerEvent: {}
[318.022555] (-) TimerEvent: {}
[318.125150] (-) TimerEvent: {}
[318.227078] (-) TimerEvent: {}
[318.328269] (-) TimerEvent: {}
[318.429591] (-) TimerEvent: {}
[318.530846] (-) TimerEvent: {}
[318.632933] (-) TimerEvent: {}
[318.733879] (-) TimerEvent: {}
[318.834935] (-) TimerEvent: {}
[318.935957] (-) TimerEvent: {}
[319.036954] (-) TimerEvent: {}
[319.137963] (-) TimerEvent: {}
[319.239080] (-) TimerEvent: {}
[319.340638] (-) TimerEvent: {}
[319.442174] (-) TimerEvent: {}
[319.543478] (-) TimerEvent: {}
[319.645256] (-) TimerEvent: {}
[319.746719] (-) TimerEvent: {}
[319.848887] (-) TimerEvent: {}
[319.951669] (-) TimerEvent: {}
[320.055443] (-) TimerEvent: {}
[320.162965] (-) TimerEvent: {}
[320.265640] (-) TimerEvent: {}
[320.366986] (-) TimerEvent: {}
[320.467971] (-) TimerEvent: {}
[320.568900] (-) TimerEvent: {}
[320.669792] (-) TimerEvent: {}
[320.770825] (-) TimerEvent: {}
[320.872944] (-) TimerEvent: {}
[320.974983] (-) TimerEvent: {}
[321.076950] (-) TimerEvent: {}
[321.178989] (-) TimerEvent: {}
[321.280951] (-) TimerEvent: {}
[321.383358] (-) TimerEvent: {}
[321.487568] (-) TimerEvent: {}
[321.590284] (-) TimerEvent: {}
[321.692033] (-) TimerEvent: {}
[321.793226] (-) TimerEvent: {}
[321.852724] (rt_ros2) StdoutLine: {'line': b'[ 92%] \x1b[32m\x1b[1mLinking CXX executable rt_ros2\x1b[0m\n'}
[321.893475] (-) TimerEvent: {}
[321.994952] (-) TimerEvent: {}
[322.097564] (-) TimerEvent: {}
[322.200911] (-) TimerEvent: {}
[322.303953] (-) TimerEvent: {}
[322.407023] (-) TimerEvent: {}
[322.509231] (-) TimerEvent: {}
[322.611855] (-) TimerEvent: {}
[322.714068] (-) TimerEvent: {}
[322.816612] (-) TimerEvent: {}
[322.918839] (-) TimerEvent: {}
[323.020972] (-) TimerEvent: {}
[323.135379] (-) TimerEvent: {}
[323.237463] (-) TimerEvent: {}
[323.338801] (-) TimerEvent: {}
[323.439650] (-) TimerEvent: {}
[323.544864] (-) TimerEvent: {}
[323.592349] (rt_ros2) StdoutLine: {'line': b'[ 92%] Built target rt_ros2\n'}
[323.645153] (-) TimerEvent: {}
[323.715108] (rt_ros2) StdoutLine: {'line': b'[ 93%] \x1b[32mBuilding CXX object CMakeFiles/main_be.dir/src/mainBE.cc.o\x1b[0m\n'}
[323.721194] (rt_ros2) StdoutLine: {'line': b'[ 95%] \x1b[32mBuilding CXX object CMakeFiles/main_be.dir/src/nodo_actuador.cpp.o\x1b[0m\n'}
[323.745399] (-) TimerEvent: {}
[323.847466] (-) TimerEvent: {}
[323.949853] (-) TimerEvent: {}
[324.052022] (-) TimerEvent: {}
[324.154055] (-) TimerEvent: {}
[324.255998] (-) TimerEvent: {}
[324.358164] (-) TimerEvent: {}
[324.459967] (-) TimerEvent: {}
[324.561794] (-) TimerEvent: {}
[324.663869] (-) TimerEvent: {}
[324.765516] (-) TimerEvent: {}
[324.866535] (-) TimerEvent: {}
[324.967497] (-) TimerEvent: {}
[325.068554] (-) TimerEvent: {}
[325.169624] (-) TimerEvent: {}
[325.270786] (-) TimerEvent: {}
[325.371843] (-) TimerEvent: {}
[325.473026] (-) TimerEvent: {}
[325.574122] (-) TimerEvent: {}
[325.675108] (-) TimerEvent: {}
[325.776247] (-) TimerEvent: {}
[325.877277] (-) TimerEvent: {}
[325.978290] (-) TimerEvent: {}
[326.079455] (-) TimerEvent: {}
[326.180559] (-) TimerEvent: {}
[326.281694] (-) TimerEvent: {}
[326.382957] (-) TimerEvent: {}
[326.484227] (-) TimerEvent: {}
[326.585415] (-) TimerEvent: {}
[326.686955] (-) TimerEvent: {}
[326.788412] (-) TimerEvent: {}
[326.889370] (-) TimerEvent: {}
[326.990341] (-) TimerEvent: {}
[327.091478] (-) TimerEvent: {}
[327.192652] (-) TimerEvent: {}
[327.293794] (-) TimerEvent: {}
[327.395003] (-) TimerEvent: {}
[327.496300] (-) TimerEvent: {}
[327.597608] (-) TimerEvent: {}
[327.698913] (-) TimerEvent: {}
[327.800087] (-) TimerEvent: {}
[327.901047] (-) TimerEvent: {}
[328.002072] (-) TimerEvent: {}
[328.103144] (-) TimerEvent: {}
[328.204271] (-) TimerEvent: {}
[328.305483] (-) TimerEvent: {}
[328.413566] (-) TimerEvent: {}
[328.515090] (-) TimerEvent: {}
[328.616623] (-) TimerEvent: {}
[328.718042] (-) TimerEvent: {}
[328.819524] (-) TimerEvent: {}
[328.920974] (-) TimerEvent: {}
[329.021991] (-) TimerEvent: {}
[329.123164] (-) TimerEvent: {}
[329.224183] (-) TimerEvent: {}
[329.325262] (-) TimerEvent: {}
[329.426627] (-) TimerEvent: {}
[329.527915] (-) TimerEvent: {}
[329.629012] (-) TimerEvent: {}
[329.730312] (-) TimerEvent: {}
[329.831579] (-) TimerEvent: {}
[329.933163] (-) TimerEvent: {}
[330.034308] (-) TimerEvent: {}
[330.135412] (-) TimerEvent: {}
[330.236590] (-) TimerEvent: {}
[330.337908] (-) TimerEvent: {}
[330.439045] (-) TimerEvent: {}
[330.540610] (-) TimerEvent: {}
[330.642274] (-) TimerEvent: {}
[330.743976] (-) TimerEvent: {}
[330.845308] (-) TimerEvent: {}
[330.946460] (-) TimerEvent: {}
[331.047603] (-) TimerEvent: {}
[331.148923] (-) TimerEvent: {}
[331.249981] (-) TimerEvent: {}
[331.350978] (-) TimerEvent: {}
[331.452168] (-) TimerEvent: {}
[331.553408] (-) TimerEvent: {}
[331.654901] (-) TimerEvent: {}
[331.756395] (-) TimerEvent: {}
[331.857848] (-) TimerEvent: {}
[331.963702] (-) TimerEvent: {}
[332.065184] (-) TimerEvent: {}
[332.167297] (-) TimerEvent: {}
[332.269641] (-) TimerEvent: {}
[332.372270] (-) TimerEvent: {}
[332.474926] (-) TimerEvent: {}
[332.577472] (-) TimerEvent: {}
[332.680028] (-) TimerEvent: {}
[332.782926] (-) TimerEvent: {}
[332.884300] (-) TimerEvent: {}
[332.985473] (-) TimerEvent: {}
[333.086708] (-) TimerEvent: {}
[333.189487] (-) TimerEvent: {}
[333.290627] (-) TimerEvent: {}
[333.392067] (-) TimerEvent: {}
[333.494116] (-) TimerEvent: {}
[333.596188] (-) TimerEvent: {}
[333.698417] (-) TimerEvent: {}
[333.800973] (-) TimerEvent: {}
[333.903391] (-) TimerEvent: {}
[334.005817] (-) TimerEvent: {}
[334.107873] (-) TimerEvent: {}
[334.210180] (-) TimerEvent: {}
[334.312202] (-) TimerEvent: {}
[334.414864] (-) TimerEvent: {}
[334.517521] (-) TimerEvent: {}
[334.621845] (-) TimerEvent: {}
[334.724771] (-) TimerEvent: {}
[334.827286] (-) TimerEvent: {}
[334.929579] (-) TimerEvent: {}
[335.032321] (-) TimerEvent: {}
[335.133415] (-) TimerEvent: {}
[335.234663] (-) TimerEvent: {}
[335.335917] (-) TimerEvent: {}
[335.436993] (-) TimerEvent: {}
[335.538126] (-) TimerEvent: {}
[335.639453] (-) TimerEvent: {}
[335.740850] (-) TimerEvent: {}
[335.842076] (-) TimerEvent: {}
[335.943601] (-) TimerEvent: {}
[336.044919] (-) TimerEvent: {}
[336.146065] (-) TimerEvent: {}
[336.247238] (-) TimerEvent: {}
[336.348436] (-) TimerEvent: {}
[336.449822] (-) TimerEvent: {}
[336.551977] (-) TimerEvent: {}
[336.654122] (-) TimerEvent: {}
[336.756241] (-) TimerEvent: {}
[336.858409] (-) TimerEvent: {}
[336.960445] (-) TimerEvent: {}
[337.062931] (-) TimerEvent: {}
[337.163992] (-) TimerEvent: {}
[337.265032] (-) TimerEvent: {}
[337.366234] (-) TimerEvent: {}
[337.467310] (-) TimerEvent: {}
[337.568364] (-) TimerEvent: {}
[337.669707] (-) TimerEvent: {}
[337.770954] (-) TimerEvent: {}
[337.872158] (-) TimerEvent: {}
[337.973257] (-) TimerEvent: {}
[338.075329] (-) TimerEvent: {}
[338.177413] (-) TimerEvent: {}
[338.284978] (-) TimerEvent: {}
[338.392548] (-) TimerEvent: {}
[338.493969] (-) TimerEvent: {}
[338.597874] (-) TimerEvent: {}
[338.699272] (-) TimerEvent: {}
[338.800604] (-) TimerEvent: {}
[338.901812] (-) TimerEvent: {}
[339.002977] (-) TimerEvent: {}
[339.104242] (-) TimerEvent: {}
[339.205653] (-) TimerEvent: {}
[339.307040] (-) TimerEvent: {}
[339.410376] (-) TimerEvent: {}
[339.514000] (-) TimerEvent: {}
[339.616095] (-) TimerEvent: {}
[339.718396] (-) TimerEvent: {}
[339.820335] (-) TimerEvent: {}
[339.922319] (-) TimerEvent: {}
[340.024236] (-) TimerEvent: {}
[340.126127] (-) TimerEvent: {}
[340.228071] (-) TimerEvent: {}
[340.330007] (-) TimerEvent: {}
[340.432084] (-) TimerEvent: {}
[340.534962] (-) TimerEvent: {}
[340.637069] (-) TimerEvent: {}
[340.738267] (-) TimerEvent: {}
[340.839665] (-) TimerEvent: {}
[340.940861] (-) TimerEvent: {}
[341.042012] (-) TimerEvent: {}
[341.143136] (-) TimerEvent: {}
[341.244149] (-) TimerEvent: {}
[341.345100] (-) TimerEvent: {}
[341.445967] (-) TimerEvent: {}
[341.546968] (-) TimerEvent: {}
[341.572623] (rt_ros2) StdoutLine: {'line': b'[ 96%] \x1b[32mBuilding CXX object CMakeFiles/main_be.dir/src/nodo_maquina_estados.cpp.o\x1b[0m\n'}
[341.647199] (-) TimerEvent: {}
[341.748112] (-) TimerEvent: {}
[341.849063] (-) TimerEvent: {}
[341.950039] (-) TimerEvent: {}
[342.051451] (-) TimerEvent: {}
[342.152506] (-) TimerEvent: {}
[342.254581] (-) TimerEvent: {}
[342.356475] (-) TimerEvent: {}
[342.458462] (-) TimerEvent: {}
[342.560454] (-) TimerEvent: {}
[342.662594] (-) TimerEvent: {}
[342.763881] (-) TimerEvent: {}
[342.865060] (-) TimerEvent: {}
[342.965983] (-) TimerEvent: {}
[343.066928] (-) TimerEvent: {}
[343.167886] (-) TimerEvent: {}
[343.268919] (-) TimerEvent: {}
[343.369885] (-) TimerEvent: {}
[343.470900] (-) TimerEvent: {}
[343.571901] (-) TimerEvent: {}
[343.733876] (-) TimerEvent: {}
[343.834854] (-) TimerEvent: {}
[343.935893] (-) TimerEvent: {}
[344.036874] (-) TimerEvent: {}
[344.137880] (-) TimerEvent: {}
[344.238862] (-) TimerEvent: {}
[344.339865] (-) TimerEvent: {}
[344.440851] (-) TimerEvent: {}
[344.541881] (-) TimerEvent: {}
[344.642956] (-) TimerEvent: {}
[344.744002] (-) TimerEvent: {}
[344.845139] (-) TimerEvent: {}
[344.947322] (-) TimerEvent: {}
[345.049231] (-) TimerEvent: {}
[345.150657] (-) TimerEvent: {}
[345.251664] (-) TimerEvent: {}
[345.352846] (-) TimerEvent: {}
[345.454453] (-) TimerEvent: {}
[345.555502] (-) TimerEvent: {}
[345.656850] (-) TimerEvent: {}
[345.757997] (-) TimerEvent: {}
[345.859496] (-) TimerEvent: {}
[345.960705] (-) TimerEvent: {}
[346.061797] (-) TimerEvent: {}
[346.162844] (-) TimerEvent: {}
[346.263954] (-) TimerEvent: {}
[346.364990] (-) TimerEvent: {}
[346.466041] (-) TimerEvent: {}
[346.567121] (-) TimerEvent: {}
[346.668353] (-) TimerEvent: {}
[346.769641] (-) TimerEvent: {}
[346.870918] (-) TimerEvent: {}
[346.975558] (-) TimerEvent: {}
[347.077908] (-) TimerEvent: {}
[347.179246] (-) TimerEvent: {}
[347.281588] (-) TimerEvent: {}
[347.382892] (-) TimerEvent: {}
[347.483970] (-) TimerEvent: {}
[347.585088] (-) TimerEvent: {}
[347.686326] (-) TimerEvent: {}
[347.788088] (-) TimerEvent: {}
[347.889457] (-) TimerEvent: {}
[347.991224] (-) TimerEvent: {}
[348.092389] (-) TimerEvent: {}
[348.193466] (-) TimerEvent: {}
[348.294692] (-) TimerEvent: {}
[348.395853] (-) TimerEvent: {}
[348.496997] (-) TimerEvent: {}
[348.598188] (-) TimerEvent: {}
[348.702710] (-) TimerEvent: {}
[348.803978] (-) TimerEvent: {}
[348.905181] (-) TimerEvent: {}
[349.006347] (-) TimerEvent: {}
[349.107393] (-) TimerEvent: {}
[349.208430] (-) TimerEvent: {}
[349.309522] (-) TimerEvent: {}
[349.410639] (-) TimerEvent: {}
[349.511846] (-) TimerEvent: {}
[349.612995] (-) TimerEvent: {}
[349.714518] (-) TimerEvent: {}
[349.815711] (-) TimerEvent: {}
[349.916935] (-) TimerEvent: {}
[350.018203] (-) TimerEvent: {}
[350.119445] (-) TimerEvent: {}
[350.220589] (-) TimerEvent: {}
[350.321987] (-) TimerEvent: {}
[350.423215] (-) TimerEvent: {}
[350.524303] (-) TimerEvent: {}
[350.625386] (-) TimerEvent: {}
[350.726485] (-) TimerEvent: {}
[350.827584] (-) TimerEvent: {}
[350.928764] (-) TimerEvent: {}
[351.029972] (-) TimerEvent: {}
[351.131007] (-) TimerEvent: {}
[351.231993] (-) TimerEvent: {}
[351.333263] (-) TimerEvent: {}
[351.434618] (-) TimerEvent: {}
[351.535884] (-) TimerEvent: {}
[351.637053] (-) TimerEvent: {}
[351.738243] (-) TimerEvent: {}
[351.843086] (-) TimerEvent: {}
[351.945321] (-) TimerEvent: {}
[352.046542] (-) TimerEvent: {}
[352.148451] (-) TimerEvent: {}
[352.250561] (-) TimerEvent: {}
[352.352673] (-) TimerEvent: {}
[352.454798] (-) TimerEvent: {}
[352.556894] (-) TimerEvent: {}
[352.658982] (-) TimerEvent: {}
[352.760980] (-) TimerEvent: {}
[352.863179] (-) TimerEvent: {}
[352.964526] (-) TimerEvent: {}
[353.065688] (-) TimerEvent: {}
[353.166799] (-) TimerEvent: {}
[353.267878] (-) TimerEvent: {}
[353.369899] (-) TimerEvent: {}
[353.471185] (-) TimerEvent: {}
[353.572479] (-) TimerEvent: {}
[353.673724] (-) TimerEvent: {}
[353.774862] (-) TimerEvent: {}
[353.875993] (-) TimerEvent: {}
[353.977133] (-) TimerEvent: {}
[354.078317] (-) TimerEvent: {}
[354.179523] (-) TimerEvent: {}
[354.280861] (-) TimerEvent: {}
[354.382244] (-) TimerEvent: {}
[354.483479] (-) TimerEvent: {}
[354.584859] (-) TimerEvent: {}
[354.686106] (-) TimerEvent: {}
[354.787294] (-) TimerEvent: {}
[354.888497] (-) TimerEvent: {}
[354.989779] (-) TimerEvent: {}
[355.090970] (-) TimerEvent: {}
[355.192120] (-) TimerEvent: {}
[355.293219] (-) TimerEvent: {}
[355.394296] (-) TimerEvent: {}
[355.495389] (-) TimerEvent: {}
[355.596529] (-) TimerEvent: {}
[355.697652] (-) TimerEvent: {}
[355.798798] (-) TimerEvent: {}
[355.899877] (-) TimerEvent: {}
[356.000938] (-) TimerEvent: {}
[356.101998] (-) TimerEvent: {}
[356.203054] (-) TimerEvent: {}
[356.304102] (-) TimerEvent: {}
[356.405018] (-) TimerEvent: {}
[356.507260] (-) TimerEvent: {}
[356.649964] (-) TimerEvent: {}
[356.751994] (-) TimerEvent: {}
[356.854021] (-) TimerEvent: {}
[356.955953] (-) TimerEvent: {}
[357.057393] (-) TimerEvent: {}
[357.158779] (-) TimerEvent: {}
[357.260857] (-) TimerEvent: {}
[357.362970] (-) TimerEvent: {}
[357.465009] (-) TimerEvent: {}
[357.566975] (-) TimerEvent: {}
[357.667962] (-) TimerEvent: {}
[357.768943] (-) TimerEvent: {}
[357.869978] (-) TimerEvent: {}
[357.971119] (-) TimerEvent: {}
[358.072544] (-) TimerEvent: {}
[358.174293] (-) TimerEvent: {}
[358.275424] (-) TimerEvent: {}
[358.376670] (-) TimerEvent: {}
[358.478963] (-) TimerEvent: {}
[358.581160] (-) TimerEvent: {}
[358.683223] (-) TimerEvent: {}
[358.785411] (-) TimerEvent: {}
[358.887605] (-) TimerEvent: {}
[358.989884] (-) TimerEvent: {}
[359.092014] (-) TimerEvent: {}
[359.193130] (-) TimerEvent: {}
[359.294307] (-) TimerEvent: {}
[359.395486] (-) TimerEvent: {}
[359.496708] (-) TimerEvent: {}
[359.597911] (-) TimerEvent: {}
[359.698979] (-) TimerEvent: {}
[359.800014] (-) TimerEvent: {}
[359.901112] (-) TimerEvent: {}
[360.002214] (-) TimerEvent: {}
[360.103299] (-) TimerEvent: {}
[360.204360] (-) TimerEvent: {}
[360.305452] (-) TimerEvent: {}
[360.406614] (-) TimerEvent: {}
[360.507616] (-) TimerEvent: {}
[360.608697] (-) TimerEvent: {}
[360.709796] (-) TimerEvent: {}
[360.810879] (-) TimerEvent: {}
[360.912045] (-) TimerEvent: {}
[361.013195] (-) TimerEvent: {}
[361.114242] (-) TimerEvent: {}
[361.215288] (-) TimerEvent: {}
[361.316441] (-) TimerEvent: {}
[361.417631] (-) TimerEvent: {}
[361.518698] (-) TimerEvent: {}
[361.619926] (-) TimerEvent: {}
[361.720986] (-) TimerEvent: {}
[361.821995] (-) TimerEvent: {}
[361.923245] (-) TimerEvent: {}
[362.024302] (-) TimerEvent: {}
[362.126588] (-) TimerEvent: {}
[362.228813] (-) TimerEvent: {}
[362.333903] (-) TimerEvent: {}
[362.436060] (-) TimerEvent: {}
[362.538399] (-) TimerEvent: {}
[362.640814] (-) TimerEvent: {}
[362.743031] (-) TimerEvent: {}
[362.845221] (-) TimerEvent: {}
[362.951969] (-) TimerEvent: {}
[363.056258] (-) TimerEvent: {}
[363.162326] (-) TimerEvent: {}
[363.263403] (-) TimerEvent: {}
[363.364519] (-) TimerEvent: {}
[363.465857] (-) TimerEvent: {}
[363.568989] (-) TimerEvent: {}
[363.684675] (-) TimerEvent: {}
[363.792985] (-) TimerEvent: {}
[363.894031] (-) TimerEvent: {}
[364.006219] (-) TimerEvent: {}
[364.107237] (-) TimerEvent: {}
[364.208250] (-) TimerEvent: {}
[364.309260] (-) TimerEvent: {}
[364.410256] (-) TimerEvent: {}
[364.511404] (-) TimerEvent: {}
[364.624043] (-) TimerEvent: {}
[364.725144] (-) TimerEvent: {}
[364.826216] (-) TimerEvent: {}
[364.927337] (-) TimerEvent: {}
[365.028504] (-) TimerEvent: {}
[365.129650] (-) TimerEvent: {}
[365.230700] (-) TimerEvent: {}
[365.331719] (-) TimerEvent: {}
[365.432839] (-) TimerEvent: {}
[365.533965] (-) TimerEvent: {}
[365.635943] (-) TimerEvent: {}
[365.738433] (-) TimerEvent: {}
[365.839581] (-) TimerEvent: {}
[365.940687] (-) TimerEvent: {}
[366.041664] (-) TimerEvent: {}
[366.142787] (-) TimerEvent: {}
[366.246959] (-) TimerEvent: {}
[366.350978] (-) TimerEvent: {}
[366.452221] (-) TimerEvent: {}
[366.554997] (-) TimerEvent: {}
[366.657486] (-) TimerEvent: {}
[366.758678] (-) TimerEvent: {}
[366.862969] (-) TimerEvent: {}
[366.964990] (-) TimerEvent: {}
[367.067974] (-) TimerEvent: {}
[367.172025] (-) TimerEvent: {}
[367.273212] (-) TimerEvent: {}
[367.374270] (-) TimerEvent: {}
[367.475435] (-) TimerEvent: {}
[367.583131] (-) TimerEvent: {}
[367.684328] (-) TimerEvent: {}
[367.785542] (-) TimerEvent: {}
[367.886636] (-) TimerEvent: {}
[367.987646] (-) TimerEvent: {}
[368.088711] (-) TimerEvent: {}
[368.189781] (-) TimerEvent: {}
[368.290853] (-) TimerEvent: {}
[368.391975] (-) TimerEvent: {}
[368.493234] (-) TimerEvent: {}
[368.594458] (-) TimerEvent: {}
[368.695814] (-) TimerEvent: {}
[368.796976] (-) TimerEvent: {}
[368.898094] (-) TimerEvent: {}
[368.999218] (-) TimerEvent: {}
[369.100280] (-) TimerEvent: {}
[369.202246] (-) TimerEvent: {}
[369.304339] (-) TimerEvent: {}
[369.406486] (-) TimerEvent: {}
[369.508702] (-) TimerEvent: {}
[369.610974] (-) TimerEvent: {}
[369.713116] (-) TimerEvent: {}
[369.815466] (-) TimerEvent: {}
[369.918310] (-) TimerEvent: {}
[370.020376] (-) TimerEvent: {}
[370.122443] (-) TimerEvent: {}
[370.224868] (-) TimerEvent: {}
[370.326938] (-) TimerEvent: {}
[370.429039] (-) TimerEvent: {}
[370.531117] (-) TimerEvent: {}
[370.633150] (-) TimerEvent: {}
[370.735173] (-) TimerEvent: {}
[370.837242] (-) TimerEvent: {}
[370.939300] (-) TimerEvent: {}
[371.041386] (-) TimerEvent: {}
[371.143985] (-) TimerEvent: {}
[371.246007] (-) TimerEvent: {}
[371.348025] (-) TimerEvent: {}
[371.449951] (-) TimerEvent: {}
[371.551986] (-) TimerEvent: {}
[371.654081] (-) TimerEvent: {}
[371.756161] (-) TimerEvent: {}
[371.858198] (-) TimerEvent: {}
[371.963984] (-) TimerEvent: {}
[372.066430] (-) TimerEvent: {}
[372.167944] (-) TimerEvent: {}
[372.269912] (-) TimerEvent: {}
[372.372178] (-) TimerEvent: {}
[372.473247] (-) TimerEvent: {}
[372.574274] (-) TimerEvent: {}
[372.677661] (-) TimerEvent: {}
[372.778818] (-) TimerEvent: {}
[372.879917] (-) TimerEvent: {}
[372.980985] (-) TimerEvent: {}
[373.082469] (-) TimerEvent: {}
[373.183807] (-) TimerEvent: {}
[373.285177] (-) TimerEvent: {}
[373.388013] (-) TimerEvent: {}
[373.489318] (-) TimerEvent: {}
[373.591313] (-) TimerEvent: {}
[373.693697] (-) TimerEvent: {}
[373.795708] (-) TimerEvent: {}
[373.897690] (-) TimerEvent: {}
[373.999921] (-) TimerEvent: {}
[374.101902] (-) TimerEvent: {}
[374.204515] (-) TimerEvent: {}
[374.306912] (-) TimerEvent: {}
[374.409018] (-) TimerEvent: {}
[374.511122] (-) TimerEvent: {}
[374.613918] (-) TimerEvent: {}
[374.715994] (-) TimerEvent: {}
[374.817203] (-) TimerEvent: {}
[374.919257] (-) TimerEvent: {}
[375.021488] (-) TimerEvent: {}
[375.123707] (-) TimerEvent: {}
[375.225899] (-) TimerEvent: {}
[375.327034] (-) TimerEvent: {}
[375.427973] (-) TimerEvent: {}
[375.529101] (-) TimerEvent: {}
[375.630303] (-) TimerEvent: {}
[375.731474] (-) TimerEvent: {}
[375.832676] (-) TimerEvent: {}
[375.933883] (-) TimerEvent: {}
[376.035099] (-) TimerEvent: {}
[376.136454] (-) TimerEvent: {}
[376.240458] (-) TimerEvent: {}
[376.341976] (-) TimerEvent: {}
[376.443631] (-) TimerEvent: {}
[376.545093] (-) TimerEvent: {}
[376.646966] (-) TimerEvent: {}
[376.748398] (-) TimerEvent: {}
[376.850839] (-) TimerEvent: {}
[376.952092] (-) TimerEvent: {}
[377.053336] (-) TimerEvent: {}
[377.154573] (-) TimerEvent: {}
[377.255913] (-) TimerEvent: {}
[377.357231] (-) TimerEvent: {}
[377.458501] (-) TimerEvent: {}
[377.559813] (-) TimerEvent: {}
[377.661038] (-) TimerEvent: {}
[377.762341] (-) TimerEvent: {}
[377.863597] (-) TimerEvent: {}
[377.965228] (-) TimerEvent: {}
[378.066639] (-) TimerEvent: {}
[378.168282] (-) TimerEvent: {}
[378.269704] (-) TimerEvent: {}
[378.371011] (-) TimerEvent: {}
[378.472568] (-) TimerEvent: {}
[378.574308] (-) TimerEvent: {}
[378.675786] (-) TimerEvent: {}
[378.777076] (-) TimerEvent: {}
[378.882170] (-) TimerEvent: {}
[378.986103] (-) TimerEvent: {}
[379.089245] (-) TimerEvent: {}
[379.192985] (-) TimerEvent: {}
[379.295017] (-) TimerEvent: {}
[379.397049] (-) TimerEvent: {}
[379.499239] (-) TimerEvent: {}
[379.601074] (-) TimerEvent: {}
[379.703090] (-) TimerEvent: {}
[379.805308] (-) TimerEvent: {}
[379.908403] (-) TimerEvent: {}
[380.011225] (-) TimerEvent: {}
[380.113501] (-) TimerEvent: {}
[380.215842] (-) TimerEvent: {}
[380.318002] (-) TimerEvent: {}
[380.420024] (-) TimerEvent: {}
[380.522215] (-) TimerEvent: {}
[380.624241] (-) TimerEvent: {}
[380.726437] (-) TimerEvent: {}
[380.828682] (-) TimerEvent: {}
[380.930529] (-) TimerEvent: {}
[381.032856] (-) TimerEvent: {}
[381.135042] (-) TimerEvent: {}
[381.237596] (-) TimerEvent: {}
[381.339971] (-) TimerEvent: {}
[381.442242] (-) TimerEvent: {}
[381.544436] (-) TimerEvent: {}
[381.646679] (-) TimerEvent: {}
[381.748984] (-) TimerEvent: {}
[381.850990] (-) TimerEvent: {}
[381.951971] (-) TimerEvent: {}
[382.054101] (-) TimerEvent: {}
[382.156285] (-) TimerEvent: {}
[382.258363] (-) TimerEvent: {}
[382.360701] (-) TimerEvent: {}
[382.462907] (-) TimerEvent: {}
[382.565172] (-) TimerEvent: {}
[382.667462] (-) TimerEvent: {}
[382.769648] (-) TimerEvent: {}
[382.871971] (-) TimerEvent: {}
[382.974259] (-) TimerEvent: {}
[383.076556] (-) TimerEvent: {}
[383.178583] (-) TimerEvent: {}
[383.280698] (-) TimerEvent: {}
[383.382975] (-) TimerEvent: {}
[383.485049] (-) TimerEvent: {}
[383.587226] (-) TimerEvent: {}
[383.689452] (-) TimerEvent: {}
[383.791694] (-) TimerEvent: {}
[383.896993] (-) TimerEvent: {}
[383.999101] (-) TimerEvent: {}
[384.101343] (-) TimerEvent: {}
[384.203636] (-) TimerEvent: {}
[384.305974] (-) TimerEvent: {}
[384.408097] (-) TimerEvent: {}
[384.510340] (-) TimerEvent: {}
[384.613095] (-) TimerEvent: {}
[384.715844] (-) TimerEvent: {}
[384.818231] (-) TimerEvent: {}
[384.920805] (-) TimerEvent: {}
[385.023145] (-) TimerEvent: {}
[385.125558] (-) TimerEvent: {}
[385.228005] (-) TimerEvent: {}
[385.330381] (-) TimerEvent: {}
[385.432925] (-) TimerEvent: {}
[385.535553] (-) TimerEvent: {}
[385.638040] (-) TimerEvent: {}
[385.741332] (-) TimerEvent: {}
[385.844701] (-) TimerEvent: {}
[385.946613] (-) TimerEvent: {}
[386.048917] (-) TimerEvent: {}
[386.151041] (-) TimerEvent: {}
[386.253112] (-) TimerEvent: {}
[386.355178] (-) TimerEvent: {}
[386.457170] (-) TimerEvent: {}
[386.559059] (-) TimerEvent: {}
[386.661091] (-) TimerEvent: {}
[386.763112] (-) TimerEvent: {}
[386.865210] (-) TimerEvent: {}
[386.966551] (-) TimerEvent: {}
[387.067902] (-) TimerEvent: {}
[387.169234] (-) TimerEvent: {}
[387.270437] (-) TimerEvent: {}
[387.371635] (-) TimerEvent: {}
[387.472950] (-) TimerEvent: {}
[387.574053] (-) TimerEvent: {}
[387.675397] (-) TimerEvent: {}
[387.776706] (-) TimerEvent: {}
[387.877977] (-) TimerEvent: {}
[387.979517] (-) TimerEvent: {}
[388.081187] (-) TimerEvent: {}
[388.182647] (-) TimerEvent: {}
[388.283901] (-) TimerEvent: {}
[388.385083] (-) TimerEvent: {}
[388.486327] (-) TimerEvent: {}
[388.587657] (-) TimerEvent: {}
[388.689132] (-) TimerEvent: {}
[388.790365] (-) TimerEvent: {}
[388.891820] (-) TimerEvent: {}
[388.993063] (-) TimerEvent: {}
[389.094351] (-) TimerEvent: {}
[389.195839] (-) TimerEvent: {}
[389.297646] (-) TimerEvent: {}
[389.399517] (-) TimerEvent: {}
[389.502134] (-) TimerEvent: {}
[389.604484] (-) TimerEvent: {}
[389.706638] (-) TimerEvent: {}
[389.808849] (-) TimerEvent: {}
[389.911029] (-) TimerEvent: {}
[390.013164] (-) TimerEvent: {}
[390.115445] (-) TimerEvent: {}
[390.217692] (-) TimerEvent: {}
[390.319972] (-) TimerEvent: {}
[390.422805] (-) TimerEvent: {}
[390.524670] (-) TimerEvent: {}
[390.627161] (-) TimerEvent: {}
[390.729680] (-) TimerEvent: {}
[390.837264] (-) TimerEvent: {}
[390.939337] (-) TimerEvent: {}
[391.041682] (-) TimerEvent: {}
[391.144195] (-) TimerEvent: {}
[391.246524] (-) TimerEvent: {}
[391.348657] (-) TimerEvent: {}
[391.451315] (-) TimerEvent: {}
[391.553481] (-) TimerEvent: {}
[391.656083] (-) TimerEvent: {}
[391.759083] (-) TimerEvent: {}
[391.861936] (-) TimerEvent: {}
[391.963250] (-) TimerEvent: {}
[392.064477] (-) TimerEvent: {}
[392.165824] (-) TimerEvent: {}
[392.267118] (-) TimerEvent: {}
[392.368716] (-) TimerEvent: {}
[392.470159] (-) TimerEvent: {}
[392.571706] (-) TimerEvent: {}
[392.673370] (-) TimerEvent: {}
[392.775998] (-) TimerEvent: {}
[392.877584] (-) TimerEvent: {}
[392.978634] (-) TimerEvent: {}
[393.080485] (-) TimerEvent: {}
[393.182950] (-) TimerEvent: {}
[393.284121] (-) TimerEvent: {}
[393.385038] (-) TimerEvent: {}
[393.486318] (-) TimerEvent: {}
[393.587631] (-) TimerEvent: {}
[393.688918] (-) TimerEvent: {}
[393.790172] (-) TimerEvent: {}
[393.891549] (-) TimerEvent: {}
[393.993285] (-) TimerEvent: {}
[394.094856] (-) TimerEvent: {}
[394.196319] (-) TimerEvent: {}
[394.297425] (-) TimerEvent: {}
[394.399035] (-) TimerEvent: {}
[394.500717] (-) TimerEvent: {}
[394.602939] (-) TimerEvent: {}
[394.704099] (-) TimerEvent: {}
[394.805501] (-) TimerEvent: {}
[394.906964] (-) TimerEvent: {}
[395.009137] (-) TimerEvent: {}
[395.111070] (-) TimerEvent: {}
[395.213219] (-) TimerEvent: {}
[395.315394] (-) TimerEvent: {}
[395.417987] (-) TimerEvent: {}
[395.520173] (-) TimerEvent: {}
[395.622461] (-) TimerEvent: {}
[395.724714] (-) TimerEvent: {}
[395.827702] (-) TimerEvent: {}
[395.930280] (-) TimerEvent: {}
[396.032544] (-) TimerEvent: {}
[396.134810] (-) TimerEvent: {}
[396.236979] (-) TimerEvent: {}
[396.339175] (-) TimerEvent: {}
[396.441186] (-) TimerEvent: {}
[396.543647] (-) TimerEvent: {}
[396.645113] (-) TimerEvent: {}
[396.746086] (-) TimerEvent: {}
[396.847136] (-) TimerEvent: {}
[396.948152] (-) TimerEvent: {}
[397.049292] (-) TimerEvent: {}
[397.150383] (-) TimerEvent: {}
[397.251488] (-) TimerEvent: {}
[397.352694] (-) TimerEvent: {}
[397.454059] (-) TimerEvent: {}
[397.555867] (-) TimerEvent: {}
[397.628935] (rt_ros2) StdoutLine: {'line': b'[ 98%] \x1b[32m\x1b[1mLinking CXX executable main_rt\x1b[0m\n'}
[397.656077] (-) TimerEvent: {}
[397.757861] (-) TimerEvent: {}
[397.860952] (-) TimerEvent: {}
[397.963846] (-) TimerEvent: {}
[398.065317] (-) TimerEvent: {}
[398.166937] (-) TimerEvent: {}
[398.268369] (-) TimerEvent: {}
[398.369618] (-) TimerEvent: {}
[398.470958] (-) TimerEvent: {}
[398.572486] (-) TimerEvent: {}
[398.674361] (-) TimerEvent: {}
[398.776192] (-) TimerEvent: {}
[398.878062] (-) TimerEvent: {}
[398.979680] (-) TimerEvent: {}
[399.082022] (-) TimerEvent: {}
[399.183670] (-) TimerEvent: {}
[399.285238] (-) TimerEvent: {}
[399.387163] (-) TimerEvent: {}
[399.488300] (-) TimerEvent: {}
[399.589425] (-) TimerEvent: {}
[399.690346] (-) TimerEvent: {}
[399.791482] (-) TimerEvent: {}
[399.892392] (-) TimerEvent: {}
[399.993345] (-) TimerEvent: {}
[400.094243] (-) TimerEvent: {}
[400.195253] (-) TimerEvent: {}
[400.296553] (-) TimerEvent: {}
[400.338947] (rt_ros2) StdoutLine: {'line': b'[ 98%] Built target main_rt\n'}
[400.397062] (-) TimerEvent: {}
[400.498832] (-) TimerEvent: {}
[400.600588] (-) TimerEvent: {}
[400.702383] (-) TimerEvent: {}
[400.804126] (-) TimerEvent: {}
[400.905901] (-) TimerEvent: {}
[401.007535] (-) TimerEvent: {}
[401.109329] (-) TimerEvent: {}
[401.211109] (-) TimerEvent: {}
[401.312800] (-) TimerEvent: {}
[401.414584] (-) TimerEvent: {}
[401.516268] (-) TimerEvent: {}
[401.617961] (-) TimerEvent: {}
[401.719641] (-) TimerEvent: {}
[401.821457] (-) TimerEvent: {}
[401.922331] (-) TimerEvent: {}
[402.023235] (-) TimerEvent: {}
[402.124164] (-) TimerEvent: {}
[402.225022] (-) TimerEvent: {}
[402.325899] (-) TimerEvent: {}
[402.426774] (-) TimerEvent: {}
[402.527610] (-) TimerEvent: {}
[402.628545] (-) TimerEvent: {}
[402.729542] (-) TimerEvent: {}
[402.830459] (-) TimerEvent: {}
[402.931392] (-) TimerEvent: {}
[403.032414] (-) TimerEvent: {}
[403.133351] (-) TimerEvent: {}
[403.234242] (-) TimerEvent: {}
[403.335189] (-) TimerEvent: {}
[403.436132] (-) TimerEvent: {}
[403.537068] (-) TimerEvent: {}
[403.637955] (-) TimerEvent: {}
[403.738897] (-) TimerEvent: {}
[403.839824] (-) TimerEvent: {}
[403.940797] (-) TimerEvent: {}
[404.041834] (-) TimerEvent: {}
[404.142887] (-) TimerEvent: {}
[404.243869] (-) TimerEvent: {}
[404.344932] (-) TimerEvent: {}
[404.446032] (-) TimerEvent: {}
[404.547201] (-) TimerEvent: {}
[404.648214] (-) TimerEvent: {}
[404.749356] (-) TimerEvent: {}
[404.850461] (-) TimerEvent: {}
[404.951486] (-) TimerEvent: {}
[405.052660] (-) TimerEvent: {}
[405.153674] (-) TimerEvent: {}
[405.254823] (-) TimerEvent: {}
[405.355984] (-) TimerEvent: {}
[405.456946] (-) TimerEvent: {}
[405.557931] (-) TimerEvent: {}
[405.658927] (-) TimerEvent: {}
[405.759925] (-) TimerEvent: {}
[405.860923] (-) TimerEvent: {}
[405.961919] (-) TimerEvent: {}
[406.062880] (-) TimerEvent: {}
[406.163827] (-) TimerEvent: {}
[406.264839] (-) TimerEvent: {}
[406.365901] (-) TimerEvent: {}
[406.466913] (-) TimerEvent: {}
[406.567963] (-) TimerEvent: {}
[406.668938] (-) TimerEvent: {}
[406.769935] (-) TimerEvent: {}
[406.871032] (-) TimerEvent: {}
[406.971912] (-) TimerEvent: {}
[407.072859] (-) TimerEvent: {}
[407.173761] (-) TimerEvent: {}
[407.274596] (-) TimerEvent: {}
[407.375575] (-) TimerEvent: {}
[407.476497] (-) TimerEvent: {}
[407.577403] (-) TimerEvent: {}
[407.678365] (-) TimerEvent: {}
[407.779308] (-) TimerEvent: {}
[407.880214] (-) TimerEvent: {}
[407.981124] (-) TimerEvent: {}
[408.082026] (-) TimerEvent: {}
[408.182921] (-) TimerEvent: {}
[408.283868] (-) TimerEvent: {}
[408.384770] (-) TimerEvent: {}
[408.485652] (-) TimerEvent: {}
[408.586557] (-) TimerEvent: {}
[408.687455] (-) TimerEvent: {}
[408.788368] (-) TimerEvent: {}
[408.889288] (-) TimerEvent: {}
[408.990347] (-) TimerEvent: {}
[409.091332] (-) TimerEvent: {}
[409.192293] (-) TimerEvent: {}
[409.293246] (-) TimerEvent: {}
[409.394143] (-) TimerEvent: {}
[409.495016] (-) TimerEvent: {}
[409.596076] (-) TimerEvent: {}
[409.697499] (-) TimerEvent: {}
[409.798408] (-) TimerEvent: {}
[409.899476] (-) TimerEvent: {}
[410.000451] (-) TimerEvent: {}
[410.101447] (-) TimerEvent: {}
[410.202418] (-) TimerEvent: {}
[410.303417] (-) TimerEvent: {}
[410.404404] (-) TimerEvent: {}
[410.505385] (-) TimerEvent: {}
[410.606347] (-) TimerEvent: {}
[410.707460] (-) TimerEvent: {}
[410.808527] (-) TimerEvent: {}
[410.909626] (-) TimerEvent: {}
[411.010578] (-) TimerEvent: {}
[411.111787] (-) TimerEvent: {}
[411.212949] (-) TimerEvent: {}
[411.314005] (-) TimerEvent: {}
[411.415229] (-) TimerEvent: {}
[411.516515] (-) TimerEvent: {}
[411.617663] (-) TimerEvent: {}
[411.718937] (-) TimerEvent: {}
[411.819964] (-) TimerEvent: {}
[411.920934] (-) TimerEvent: {}
[412.021824] (-) TimerEvent: {}
[412.122700] (-) TimerEvent: {}
[412.223624] (-) TimerEvent: {}
[412.324580] (-) TimerEvent: {}
[412.425548] (-) TimerEvent: {}
[412.526909] (-) TimerEvent: {}
[412.627937] (-) TimerEvent: {}
[412.728832] (-) TimerEvent: {}
[412.829659] (-) TimerEvent: {}
[412.930610] (-) TimerEvent: {}
[413.031695] (-) TimerEvent: {}
[413.132644] (-) TimerEvent: {}
[413.233566] (-) TimerEvent: {}
[413.334532] (-) TimerEvent: {}
[413.435669] (-) TimerEvent: {}
[413.536811] (-) TimerEvent: {}
[413.637913] (-) TimerEvent: {}
[413.739076] (-) TimerEvent: {}
[413.840019] (-) TimerEvent: {}
[413.941166] (-) TimerEvent: {}
[414.042249] (-) TimerEvent: {}
[414.143418] (-) TimerEvent: {}
[414.244367] (-) TimerEvent: {}
[414.345504] (-) TimerEvent: {}
[414.446798] (-) TimerEvent: {}
[414.547884] (-) TimerEvent: {}
[414.649050] (-) TimerEvent: {}
[414.749954] (-) TimerEvent: {}
[414.850889] (-) TimerEvent: {}
[414.951837] (-) TimerEvent: {}
[415.052807] (-) TimerEvent: {}
[415.153655] (-) TimerEvent: {}
[415.254534] (-) TimerEvent: {}
[415.355396] (-) TimerEvent: {}
[415.456550] (-) TimerEvent: {}
[415.557448] (-) TimerEvent: {}
[415.658373] (-) TimerEvent: {}
[415.759315] (-) TimerEvent: {}
[415.860255] (-) TimerEvent: {}
[415.961164] (-) TimerEvent: {}
[416.062084] (-) TimerEvent: {}
[416.162963] (-) TimerEvent: {}
[416.263887] (-) TimerEvent: {}
[416.364860] (-) TimerEvent: {}
[416.465780] (-) TimerEvent: {}
[416.566838] (-) TimerEvent: {}
[416.667772] (-) TimerEvent: {}
[416.768719] (-) TimerEvent: {}
[416.869825] (-) TimerEvent: {}
[416.971042] (-) TimerEvent: {}
[417.071970] (-) TimerEvent: {}
[417.172925] (-) TimerEvent: {}
[417.273934] (-) TimerEvent: {}
[417.374951] (-) TimerEvent: {}
[417.475955] (-) TimerEvent: {}
[417.577029] (-) TimerEvent: {}
[417.677967] (-) TimerEvent: {}
[417.779206] (-) TimerEvent: {}
[417.880133] (-) TimerEvent: {}
[417.981141] (-) TimerEvent: {}
[418.082107] (-) TimerEvent: {}
[418.183088] (-) TimerEvent: {}
[418.284030] (-) TimerEvent: {}
[418.384909] (-) TimerEvent: {}
[418.485803] (-) TimerEvent: {}
[418.586786] (-) TimerEvent: {}
[418.687668] (-) TimerEvent: {}
[418.788579] (-) TimerEvent: {}
[418.889547] (-) TimerEvent: {}
[418.990440] (-) TimerEvent: {}
[419.091378] (-) TimerEvent: {}
[419.192352] (-) TimerEvent: {}
[419.293278] (-) TimerEvent: {}
[419.394386] (-) TimerEvent: {}
[419.495337] (-) TimerEvent: {}
[419.596267] (-) TimerEvent: {}
[419.697265] (-) TimerEvent: {}
[419.798200] (-) TimerEvent: {}
[419.899120] (-) TimerEvent: {}
[420.000025] (-) TimerEvent: {}
[420.100947] (-) TimerEvent: {}
[420.201931] (-) TimerEvent: {}
[420.302939] (-) TimerEvent: {}
[420.403876] (-) TimerEvent: {}
[420.504852] (-) TimerEvent: {}
[420.605759] (-) TimerEvent: {}
[420.706655] (-) TimerEvent: {}
[420.807883] (-) TimerEvent: {}
[420.909140] (-) TimerEvent: {}
[421.010224] (-) TimerEvent: {}
[421.111138] (-) TimerEvent: {}
[421.212199] (-) TimerEvent: {}
[421.313170] (-) TimerEvent: {}
[421.414080] (-) TimerEvent: {}
[421.515031] (-) TimerEvent: {}
[421.616178] (-) TimerEvent: {}
[421.717242] (-) TimerEvent: {}
[421.818161] (-) TimerEvent: {}
[421.919177] (-) TimerEvent: {}
[422.020106] (-) TimerEvent: {}
[422.121094] (-) TimerEvent: {}
[422.222066] (-) TimerEvent: {}
[422.323030] (-) TimerEvent: {}
[422.424101] (-) TimerEvent: {}
[422.525181] (-) TimerEvent: {}
[422.626256] (-) TimerEvent: {}
[422.727327] (-) TimerEvent: {}
[422.828278] (-) TimerEvent: {}
[422.929529] (-) TimerEvent: {}
[423.030718] (-) TimerEvent: {}
[423.131846] (-) TimerEvent: {}
[423.233079] (-) TimerEvent: {}
[423.334231] (-) TimerEvent: {}
[423.435179] (-) TimerEvent: {}
[423.536318] (-) TimerEvent: {}
[423.637406] (-) TimerEvent: {}
[423.738782] (-) TimerEvent: {}
[423.839685] (-) TimerEvent: {}
[423.940774] (-) TimerEvent: {}
[424.041879] (-) TimerEvent: {}
[424.142989] (-) TimerEvent: {}
[424.244069] (-) TimerEvent: {}
[424.344957] (-) TimerEvent: {}
[424.445848] (-) TimerEvent: {}
[424.546704] (-) TimerEvent: {}
[424.647640] (-) TimerEvent: {}
[424.748762] (-) TimerEvent: {}
[424.849789] (-) TimerEvent: {}
[424.950709] (-) TimerEvent: {}
[425.051659] (-) TimerEvent: {}
[425.152706] (-) TimerEvent: {}
[425.253762] (-) TimerEvent: {}
[425.354777] (-) TimerEvent: {}
[425.455830] (-) TimerEvent: {}
[425.556854] (-) TimerEvent: {}
[425.657955] (-) TimerEvent: {}
[425.758862] (-) TimerEvent: {}
[425.859900] (-) TimerEvent: {}
[425.960937] (-) TimerEvent: {}
[426.061791] (-) TimerEvent: {}
[426.162668] (-) TimerEvent: {}
[426.263870] (-) TimerEvent: {}
[426.364963] (-) TimerEvent: {}
[426.465871] (-) TimerEvent: {}
[426.566769] (-) TimerEvent: {}
[426.667591] (-) TimerEvent: {}
[426.768528] (-) TimerEvent: {}
[426.869644] (-) TimerEvent: {}
[426.970490] (-) TimerEvent: {}
[427.071458] (-) TimerEvent: {}
[427.172276] (-) TimerEvent: {}
[427.273350] (-) TimerEvent: {}
[427.375123] (-) TimerEvent: {}
[427.476090] (-) TimerEvent: {}
[427.576998] (-) TimerEvent: {}
[427.677974] (-) TimerEvent: {}
[427.779263] (-) TimerEvent: {}
[427.784373] (rt_ros2) StdoutLine: {'line': b'[100%] \x1b[32m\x1b[1mLinking CXX executable main_be\x1b[0m\n'}
[427.879563] (-) TimerEvent: {}
[427.980578] (-) TimerEvent: {}
[428.081988] (-) TimerEvent: {}
[428.183235] (-) TimerEvent: {}
[428.284216] (-) TimerEvent: {}
[428.385112] (-) TimerEvent: {}
[428.486046] (-) TimerEvent: {}
[428.587223] (-) TimerEvent: {}
[428.688019] (-) TimerEvent: {}
[428.789940] (-) TimerEvent: {}
[428.890940] (-) TimerEvent: {}
[428.992167] (-) TimerEvent: {}
[429.092934] (-) TimerEvent: {}
[429.188937] (rt_ros2) StdoutLine: {'line': b'[100%] Built target main_be\n'}
[429.193524] (-) TimerEvent: {}
[429.243316] (rt_ros2) CommandEnded: {'returncode': 0}
[429.246145] (rt_ros2) JobProgress: {'identifier': 'rt_ros2', 'progress': 'install'}
[429.283921] (rt_ros2) Command: {'cmd': ['/usr/bin/cmake', '--install', '/code/brickpi/build/rt_ros2'], 'cwd': '/code/brickpi/build/rt_ros2', 'env': OrderedDict([('LESSOPEN', '| /usr/bin/lesspipe %s'), ('USER', 'ubuntu'), ('SSH_CLIENT', '192.168.10.163 49297 22'), ('XDG_SESSION_TYPE', 'tty'), ('GIT_ASKPASS', '/home/ubuntu/.vscode-server/cli/servers/Stable-034f571df509819cc10b0c8129f66ef77a542f0e/server/extensions/git/dist/askpass.sh'), ('SHLVL', '2'), ('LD_LIBRARY_PATH', '/code/brickpi/install/ev3_sensor_msgs/lib:/code/brickpi/install/brickpi3_motors/lib:/opt/ros/humble/lib/aarch64-linux-gnu:/opt/ros/humble/lib'), ('BROWSER', '/home/ubuntu/.vscode-server/cli/servers/Stable-034f571df509819cc10b0c8129f66ef77a542f0e/server/bin/helpers/browser.sh'), ('MOTD_SHOWN', 'pam'), ('HOME', '/home/ubuntu'), ('OLDPWD', '/code/brickpi'), ('TERM_PROGRAM_VERSION', '1.118.1'), ('VSCODE_IPC_HOOK_CLI', '/run/user/1000/vscode-ipc-f9ee7fc5-d82f-46a4-b6a3-5115d7cd458f.sock'), ('ROS_PYTHON_VERSION', '3'), ('VSCODE_GIT_ASKPASS_MAIN', '/home/ubuntu/.vscode-server/cli/servers/Stable-034f571df509819cc10b0c8129f66ef77a542f0e/server/extensions/git/dist/askpass-main.js'), ('VSCODE_GIT_ASKPASS_NODE', '/home/ubuntu/.vscode-server/cli/servers/Stable-034f571df509819cc10b0c8129f66ef77a542f0e/server/node'), ('VSCODE_PYTHON_AUTOACTIVATE_GUARD', '1'), ('DBUS_SESSION_BUS_ADDRESS', 'unix:path=/run/user/1000/bus'), ('COLORTERM', 'truecolor'), ('COLCON_PREFIX_PATH', '/code/brickpi/install:/code/brickpi/rt_ros2/install'), ('ROS_DISTRO', 'humble'), ('LOGNAME', 'ubuntu'), ('_', '/usr/bin/colcon'), ('ROS_VERSION', '2'), ('XDG_SESSION_CLASS', 'user'), ('TERM', 'xterm-256color'), ('XDG_SESSION_ID', '3'), ('ROS_LOCALHOST_ONLY', '0'), ('BRICKPI3_ROOT_DIR', '/home/ubuntu/BrickPi3'), ('PATH', '/home/ubuntu/.vscode-server/data/User/globalStorage/github.copilot-chat/debugCommand:/home/ubuntu/.vscode-server/data/User/globalStorage/github.copilot-chat/copilotCli:/home/ubuntu/.vscode-server/cli/servers/Stable-034f571df509819cc10b0c8129f66ef77a542f0e/server/bin/remote-cli:/opt/ros/humble/bin:/usr/local/sbin:/usr/local/bin:/usr/sbin:/usr/bin:/sbin:/bin:/usr/games:/usr/local/games:/snap/bin'), ('XDG_RUNTIME_DIR', '/run/user/1000'), ('LANG', 'C.UTF-8'), ('LS_COLORS', 'rs=0:di=01;34:ln=01;36:mh=00:pi=40;33:so=01;35:do=01;35:bd=40;33;01:cd=40;33;01:or=40;31;01:mi=00:su=37;41:sg=30;43:ca=30;41:tw=30;42:ow=34;42:st=37;44:ex=01;32:*.tar=01;31:*.tgz=01;31:*.arc=01;31:*.arj=01;31:*.taz=01;31:*.lha=01;31:*.lz4=01;31:*.lzh=01;31:*.lzma=01;31:*.tlz=01;31:*.txz=01;31:*.tzo=01;31:*.t7z=01;31:*.zip=01;31:*.z=01;31:*.dz=01;31:*.gz=01;31:*.lrz=01;31:*.lz=01;31:*.lzo=01;31:*.xz=01;31:*.zst=01;31:*.tzst=01;31:*.bz2=01;31:*.bz=01;31:*.tbz=01;31:*.tbz2=01;31:*.tz=01;31:*.deb=01;31:*.rpm=01;31:*.jar=01;31:*.war=01;31:*.ear=01;31:*.sar=01;31:*.rar=01;31:*.alz=01;31:*.ace=01;31:*.zoo=01;31:*.cpio=01;31:*.7z=01;31:*.rz=01;31:*.cab=01;31:*.wim=01;31:*.swm=01;31:*.dwm=01;31:*.esd=01;31:*.jpg=01;35:*.jpeg=01;35:*.mjpg=01;35:*.mjpeg=01;35:*.gif=01;35:*.bmp=01;35:*.pbm=01;35:*.pgm=01;35:*.ppm=01;35:*.tga=01;35:*.xbm=01;35:*.xpm=01;35:*.tif=01;35:*.tiff=01;35:*.png=01;35:*.svg=01;35:*.svgz=01;35:*.mng=01;35:*.pcx=01;35:*.mov=01;35:*.mpg=01;35:*.mpeg=01;35:*.m2v=01;35:*.mkv=01;35:*.webm=01;35:*.webp=01;35:*.ogm=01;35:*.mp4=01;35:*.m4v=01;35:*.mp4v=01;35:*.vob=01;35:*.qt=01;35:*.nuv=01;35:*.wmv=01;35:*.asf=01;35:*.rm=01;35:*.rmvb=01;35:*.flc=01;35:*.avi=01;35:*.fli=01;35:*.flv=01;35:*.gl=01;35:*.dl=01;35:*.xcf=01;35:*.xwd=01;35:*.yuv=01;35:*.cgm=01;35:*.emf=01;35:*.ogv=01;35:*.ogx=01;35:*.aac=00;36:*.au=00;36:*.flac=00;36:*.m4a=00;36:*.mid=00;36:*.midi=00;36:*.mka=00;36:*.mp3=00;36:*.mpc=00;36:*.ogg=00;36:*.ra=00;36:*.wav=00;36:*.oga=00;36:*.opus=00;36:*.spx=00;36:*.xspf=00;36:'), ('VSCODE_GIT_IPC_HANDLE', '/run/user/1000/vscode-git-5775093a2d.sock'), ('TERM_PROGRAM', 'vscode'), ('ROS_DOMAIN_ID', '21'), ('AMENT_PREFIX_PATH', '/code/brickpi/install/ev3_sensor_msgs:/code/brickpi/install/brickpi3_sensors:/code/brickpi/install/brickpi3_charlie:/code/brickpi/install/brickpi3_motors:/code/brickpi/rt_ros2/install/rt_ros2:/opt/ros/humble'), ('SHELL', '/bin/bash'), ('LESSCLOSE', '/usr/bin/lesspipe %s %s'), ('VSCODE_GIT_ASKPASS_EXTRA_ARGS', ''), ('PWD', '/code/brickpi/build/rt_ros2'), ('SSH_CONNECTION', '192.168.10.163 49297 192.168.10.2 22'), ('PYTHONPATH', '/code/brickpi/install/ev3_sensor_msgs/local/lib/python3.10/dist-packages:/code/brickpi/build/brickpi3_sensors:/code/brickpi/install/brickpi3_sensors/lib/python3.10/site-packages:/code/brickpi/build/brickpi3_charlie:/code/brickpi/install/brickpi3_charlie/lib/python3.10/site-packages:/opt/ros/humble/lib/python3.10/site-packages:/opt/ros/humble/local/lib/python3.10/dist-packages'), ('COLCON', '1'), ('CMAKE_PREFIX_PATH', '/code/brickpi/install/ev3_sensor_msgs:/code/brickpi/install/brickpi3_motors:/code/brickpi/rt_ros2/install/rt_ros2:/code/brickpi/install/brickpi3_sensors:/code/brickpi/install/brickpi3_charlie:/opt/ros/humble')]), 'shell': False}
[429.293716] (-) TimerEvent: {}
[429.316211] (rt_ros2) StdoutLine: {'line': b'-- Install configuration: "Release"\n'}
[429.318129] (rt_ros2) StdoutLine: {'line': b'-- Execute custom install script\n'}
[429.319653] (rt_ros2) StdoutLine: {'line': b'-- Symlinking: /code/brickpi/install/rt_ros2/include/readerwriterqueue/atomicops.h\n'}
[429.356043] (rt_ros2) StdoutLine: {'line': b'-- Symlinking: /code/brickpi/install/rt_ros2/include/readerwriterqueue/readerwriterqueue.h\n'}
[429.393931] (-) TimerEvent: {}
[429.394620] (rt_ros2) StdoutLine: {'line': b'-- Symlinking: /code/brickpi/install/rt_ros2/include/readerwriterqueue/readerwritercircularbuffer.h\n'}
[429.431362] (rt_ros2) StdoutLine: {'line': b'-- Symlinking: /code/brickpi/install/rt_ros2/include/readerwriterqueue/LICENSE.md\n'}
[429.468861] (rt_ros2) StdoutLine: {'line': b'-- Symlinking: /code/brickpi/install/rt_ros2/lib/rt_ros2/rt_ros2\n'}
[429.494165] (-) TimerEvent: {}
[429.505716] (rt_ros2) StdoutLine: {'line': b'-- Symlinking: /code/brickpi/install/rt_ros2/lib/rt_ros2/main_rt\n'}
[429.542556] (rt_ros2) StdoutLine: {'line': b'-- Symlinking: /code/brickpi/install/rt_ros2/lib/rt_ros2/main_be\n'}
[429.580823] (rt_ros2) StdoutLine: {'line': b'-- Symlinking: /code/brickpi/install/rt_ros2/share/rt_ros2/._infraestructura.launch.py\n'}
[429.594360] (-) TimerEvent: {}
[429.617688] (rt_ros2) StdoutLine: {'line': b'-- Symlinking: /code/brickpi/install/rt_ros2/share/rt_ros2/infraestructura.launch.py\n'}
[429.654961] (rt_ros2) StdoutLine: {'line': b'-- Symlinking: /code/brickpi/install/rt_ros2/lib/rt_ros2/nodo_test\n'}
[429.691967] (rt_ros2) StdoutLine: {'line': b'-- Symlinking: /code/brickpi/install/rt_ros2/share/ament_index/resource_index/package_run_dependencies/rt_ros2\n'}
[429.694513] (-) TimerEvent: {}
[429.729599] (rt_ros2) StdoutLine: {'line': b'-- Symlinking: /code/brickpi/install/rt_ros2/share/ament_index/resource_index/parent_prefix_path/rt_ros2\n'}
[429.766673] (rt_ros2) StdoutLine: {'line': b'-- Symlinking: /code/brickpi/install/rt_ros2/share/rt_ros2/environment/ament_prefix_path.sh\n'}
[429.794824] (-) TimerEvent: {}
[429.803598] (rt_ros2) StdoutLine: {'line': b'-- Symlinking: /code/brickpi/install/rt_ros2/share/rt_ros2/environment/ament_prefix_path.dsv\n'}
[429.840409] (rt_ros2) StdoutLine: {'line': b'-- Symlinking: /code/brickpi/install/rt_ros2/share/rt_ros2/environment/path.sh\n'}
[429.877013] (rt_ros2) StdoutLine: {'line': b'-- Symlinking: /code/brickpi/install/rt_ros2/share/rt_ros2/environment/path.dsv\n'}
[429.895205] (-) TimerEvent: {}
[429.916606] (rt_ros2) StdoutLine: {'line': b'-- Symlinking: /code/brickpi/install/rt_ros2/share/rt_ros2/local_setup.bash\n'}
[429.953530] (rt_ros2) StdoutLine: {'line': b'-- Symlinking: /code/brickpi/install/rt_ros2/share/rt_ros2/local_setup.sh\n'}
[429.990167] (rt_ros2) StdoutLine: {'line': b'-- Symlinking: /code/brickpi/install/rt_ros2/share/rt_ros2/local_setup.zsh\n'}
[429.995386] (-) TimerEvent: {}
[430.028310] (rt_ros2) StdoutLine: {'line': b'-- Symlinking: /code/brickpi/install/rt_ros2/share/rt_ros2/local_setup.dsv\n'}
[430.064969] (rt_ros2) StdoutLine: {'line': b'-- Symlinking: /code/brickpi/install/rt_ros2/share/rt_ros2/package.dsv\n'}
[430.095616] (-) TimerEvent: {}
[430.102839] (rt_ros2) StdoutLine: {'line': b'-- Symlinking: /code/brickpi/install/rt_ros2/share/ament_index/resource_index/packages/rt_ros2\n'}
[430.140237] (rt_ros2) StdoutLine: {'line': b'-- Symlinking: /code/brickpi/install/rt_ros2/share/rt_ros2/cmake/rt_ros2Config.cmake\n'}
[430.176796] (rt_ros2) StdoutLine: {'line': b'-- Symlinking: /code/brickpi/install/rt_ros2/share/rt_ros2/cmake/rt_ros2Config-version.cmake\n'}
[430.195900] (-) TimerEvent: {}
[430.213951] (rt_ros2) StdoutLine: {'line': b'-- Symlinking: /code/brickpi/install/rt_ros2/share/rt_ros2/package.xml\n'}
[430.258706] (rt_ros2) CommandEnded: {'returncode': 0}
[430.297252] (-) TimerEvent: {}
[430.347590] (rt_ros2) JobEnded: {'identifier': 'rt_ros2', 'rc': 0}
[430.350649] (-) EventReactorShutdown: {}
